ISO-10303-21;
HEADER;
/* Generated by software containing ST-Developer
 * from STEP Tools, Inc. (www.steptools.com) 
 */

FILE_DESCRIPTION(
/* description */ (''),
/* implementation_level */ '2;1');

FILE_NAME(
/* name */ 
'/Users/dbaker/Library/Mobile Documents/com~apple~CloudDocs/Documents/
3D Printing/Thingiverse Submissions/SKADIS Hook - No Filets/Hook - No 
Filets.step',
/* time_stamp */ '2019-12-01T10:44:06-05:00',
/* author */ (''),
/* organization */ (''),
/* preprocessor_version */ 'ST-DEVELOPER v18',
/* originating_system */ 'Autodesk Translation Framework v8.12.0.6',
/* authorisation */ '');

FILE_SCHEMA (('AUTOMOTIVE_DESIGN { 1 0 10303 214 3 1 1 }'));
ENDSEC;

DATA;
#10=MECHANICAL_DESIGN_GEOMETRIC_PRESENTATION_REPRESENTATION('',(#13),#4148);
#11=SHAPE_REPRESENTATION_RELATIONSHIP('SRR','None',#4155,#12);
#12=ADVANCED_BREP_SHAPE_REPRESENTATION('',(#14),#4147);
#13=STYLED_ITEM('',(#4164),#14);
#14=MANIFOLD_SOLID_BREP('Hook - No Filets',#459);
#15=B_SPLINE_SURFACE_WITH_KNOTS('',5,5,((#742,#743,#744,#745,#746,#747,
#748,#749,#750,#751,#752,#753,#754,#755,#756,#757,#758,#759,#760,#761,#762,
#763,#764,#765,#766,#767,#768,#769,#770,#771,#772,#773,#774,#775,#776,#777,
#778,#779,#780),(#781,#782,#783,#784,#785,#786,#787,#788,#789,#790,#791,
#792,#793,#794,#795,#796,#797,#798,#799,#800,#801,#802,#803,#804,#805,#806,
#807,#808,#809,#810,#811,#812,#813,#814,#815,#816,#817,#818,#819),(#820,
#821,#822,#823,#824,#825,#826,#827,#828,#829,#830,#831,#832,#833,#834,#835,
#836,#837,#838,#839,#840,#841,#842,#843,#844,#845,#846,#847,#848,#849,#850,
#851,#852,#853,#854,#855,#856,#857,#858),(#859,#860,#861,#862,#863,#864,
#865,#866,#867,#868,#869,#870,#871,#872,#873,#874,#875,#876,#877,#878,#879,
#880,#881,#882,#883,#884,#885,#886,#887,#888,#889,#890,#891,#892,#893,#894,
#895,#896,#897),(#898,#899,#900,#901,#902,#903,#904,#905,#906,#907,#908,
#909,#910,#911,#912,#913,#914,#915,#916,#917,#918,#919,#920,#921,#922,#923,
#924,#925,#926,#927,#928,#929,#930,#931,#932,#933,#934,#935,#936),(#937,
#938,#939,#940,#941,#942,#943,#944,#945,#946,#947,#948,#949,#950,#951,#952,
#953,#954,#955,#956,#957,#958,#959,#960,#961,#962,#963,#964,#965,#966,#967,
#968,#969,#970,#971,#972,#973,#974,#975),(#976,#977,#978,#979,#980,#981,
#982,#983,#984,#985,#986,#987,#988,#989,#990,#991,#992,#993,#994,#995,#996,
#997,#998,#999,#1000,#1001,#1002,#1003,#1004,#1005,#1006,#1007,#1008,#1009,
#1010,#1011,#1012,#1013,#1014),(#1015,#1016,#1017,#1018,#1019,#1020,#1021,
#1022,#1023,#1024,#1025,#1026,#1027,#1028,#1029,#1030,#1031,#1032,#1033,
#1034,#1035,#1036,#1037,#1038,#1039,#1040,#1041,#1042,#1043,#1044,#1045,
#1046,#1047,#1048,#1049,#1050,#1051,#1052,#1053),(#1054,#1055,#1056,#1057,
#1058,#1059,#1060,#1061,#1062,#1063,#1064,#1065,#1066,#1067,#1068,#1069,
#1070,#1071,#1072,#1073,#1074,#1075,#1076,#1077,#1078,#1079,#1080,#1081,
#1082,#1083,#1084,#1085,#1086,#1087,#1088,#1089,#1090,#1091,#1092),(#1093,
#1094,#1095,#1096,#1097,#1098,#1099,#1100,#1101,#1102,#1103,#1104,#1105,
#1106,#1107,#1108,#1109,#1110,#1111,#1112,#1113,#1114,#1115,#1116,#1117,
#1118,#1119,#1120,#1121,#1122,#1123,#1124,#1125,#1126,#1127,#1128,#1129,
#1130,#1131),(#1132,#1133,#1134,#1135,#1136,#1137,#1138,#1139,#1140,#1141,
#1142,#1143,#1144,#1145,#1146,#1147,#1148,#1149,#1150,#1151,#1152,#1153,
#1154,#1155,#1156,#1157,#1158,#1159,#1160,#1161,#1162,#1163,#1164,#1165,
#1166,#1167,#1168,#1169,#1170),(#1171,#1172,#1173,#1174,#1175,#1176,#1177,
#1178,#1179,#1180,#1181,#1182,#1183,#1184,#1185,#1186,#1187,#1188,#1189,
#1190,#1191,#1192,#1193,#1194,#1195,#1196,#1197,#1198,#1199,#1200,#1201,
#1202,#1203,#1204,#1205,#1206,#1207,#1208,#1209),(#1210,#1211,#1212,#1213,
#1214,#1215,#1216,#1217,#1218,#1219,#1220,#1221,#1222,#1223,#1224,#1225,
#1226,#1227,#1228,#1229,#1230,#1231,#1232,#1233,#1234,#1235,#1236,#1237,
#1238,#1239,#1240,#1241,#1242,#1243,#1244,#1245,#1246,#1247,#1248),(#1249,
#1250,#1251,#1252,#1253,#1254,#1255,#1256,#1257,#1258,#1259,#1260,#1261,
#1262,#1263,#1264,#1265,#1266,#1267,#1268,#1269,#1270,#1271,#1272,#1273,
#1274,#1275,#1276,#1277,#1278,#1279,#1280,#1281,#1282,#1283,#1284,#1285,
#1286,#1287),(#1288,#1289,#1290,#1291,#1292,#1293,#1294,#1295,#1296,#1297,
#1298,#1299,#1300,#1301,#1302,#1303,#1304,#1305,#1306,#1307,#1308,#1309,
#1310,#1311,#1312,#1313,#1314,#1315,#1316,#1317,#1318,#1319,#1320,#1321,
#1322,#1323,#1324,#1325,#1326),(#1327,#1328,#1329,#1330,#1331,#1332,#1333,
#1334,#1335,#1336,#1337,#1338,#1339,#1340,#1341,#1342,#1343,#1344,#1345,
#1346,#1347,#1348,#1349,#1350,#1351,#1352,#1353,#1354,#1355,#1356,#1357,
#1358,#1359,#1360,#1361,#1362,#1363,#1364,#1365),(#1366,#1367,#1368,#1369,
#1370,#1371,#1372,#1373,#1374,#1375,#1376,#1377,#1378,#1379,#1380,#1381,
#1382,#1383,#1384,#1385,#1386,#1387,#1388,#1389,#1390,#1391,#1392,#1393,
#1394,#1395,#1396,#1397,#1398,#1399,#1400,#1401,#1402,#1403,#1404),(#1405,
#1406,#1407,#1408,#1409,#1410,#1411,#1412,#1413,#1414,#1415,#1416,#1417,
#1418,#1419,#1420,#1421,#1422,#1423,#1424,#1425,#1426,#1427,#1428,#1429,
#1430,#1431,#1432,#1433,#1434,#1435,#1436,#1437,#1438,#1439,#1440,#1441,
#1442,#1443),(#1444,#1445,#1446,#1447,#1448,#1449,#1450,#1451,#1452,#1453,
#1454,#1455,#1456,#1457,#1458,#1459,#1460,#1461,#1462,#1463,#1464,#1465,
#1466,#1467,#1468,#1469,#1470,#1471,#1472,#1473,#1474,#1475,#1476,#1477,
#1478,#1479,#1480,#1481,#1482),(#1483,#1484,#1485,#1486,#1487,#1488,#1489,
#1490,#1491,#1492,#1493,#1494,#1495,#1496,#1497,#1498,#1499,#1500,#1501,
#1502,#1503,#1504,#1505,#1506,#1507,#1508,#1509,#1510,#1511,#1512,#1513,
#1514,#1515,#1516,#1517,#1518,#1519,#1520,#1521),(#1522,#1523,#1524,#1525,
#1526,#1527,#1528,#1529,#1530,#1531,#1532,#1533,#1534,#1535,#1536,#1537,
#1538,#1539,#1540,#1541,#1542,#1543,#1544,#1545,#1546,#1547,#1548,#1549,
#1550,#1551,#1552,#1553,#1554,#1555,#1556,#1557,#1558,#1559,#1560),(#1561,
#1562,#1563,#1564,#1565,#1566,#1567,#1568,#1569,#1570,#1571,#1572,#1573,
#1574,#1575,#1576,#1577,#1578,#1579,#1580,#1581,#1582,#1583,#1584,#1585,
#1586,#1587,#1588,#1589,#1590,#1591,#1592,#1593,#1594,#1595,#1596,#1597,
#1598,#1599),(#1600,#1601,#1602,#1603,#1604,#1605,#1606,#1607,#1608,#1609,
#1610,#1611,#1612,#1613,#1614,#1615,#1616,#1617,#1618,#1619,#1620,#1621,
#1622,#1623,#1624,#1625,#1626,#1627,#1628,#1629,#1630,#1631,#1632,#1633,
#1634,#1635,#1636,#1637,#1638),(#1639,#1640,#1641,#1642,#1643,#1644,#1645,
#1646,#1647,#1648,#1649,#1650,#1651,#1652,#1653,#1654,#1655,#1656,#1657,
#1658,#1659,#1660,#1661,#1662,#1663,#1664,#1665,#1666,#1667,#1668,#1669,
#1670,#1671,#1672,#1673,#1674,#1675,#1676,#1677),(#1678,#1679,#1680,#1681,
#1682,#1683,#1684,#1685,#1686,#1687,#1688,#1689,#1690,#1691,#1692,#1693,
#1694,#1695,#1696,#1697,#1698,#1699,#1700,#1701,#1702,#1703,#1704,#1705,
#1706,#1707,#1708,#1709,#1710,#1711,#1712,#1713,#1714,#1715,#1716),(#1717,
#1718,#1719,#1720,#1721,#1722,#1723,#1724,#1725,#1726,#1727,#1728,#1729,
#1730,#1731,#1732,#1733,#1734,#1735,#1736,#1737,#1738,#1739,#1740,#1741,
#1742,#1743,#1744,#1745,#1746,#1747,#1748,#1749,#1750,#1751,#1752,#1753,
#1754,#1755),(#1756,#1757,#1758,#1759,#1760,#1761,#1762,#1763,#1764,#1765,
#1766,#1767,#1768,#1769,#1770,#1771,#1772,#1773,#1774,#1775,#1776,#1777,
#1778,#1779,#1780,#1781,#1782,#1783,#1784,#1785,#1786,#1787,#1788,#1789,
#1790,#1791,#1792,#1793,#1794),(#1795,#1796,#1797,#1798,#1799,#1800,#1801,
#1802,#1803,#1804,#1805,#1806,#1807,#1808,#1809,#1810,#1811,#1812,#1813,
#1814,#1815,#1816,#1817,#1818,#1819,#1820,#1821,#1822,#1823,#1824,#1825,
#1826,#1827,#1828,#1829,#1830,#1831,#1832,#1833),(#1834,#1835,#1836,#1837,
#1838,#1839,#1840,#1841,#1842,#1843,#1844,#1845,#1846,#1847,#1848,#1849,
#1850,#1851,#1852,#1853,#1854,#1855,#1856,#1857,#1858,#1859,#1860,#1861,
#1862,#1863,#1864,#1865,#1866,#1867,#1868,#1869,#1870,#1871,#1872),(#1873,
#1874,#1875,#1876,#1877,#1878,#1879,#1880,#1881,#1882,#1883,#1884,#1885,
#1886,#1887,#1888,#1889,#1890,#1891,#1892,#1893,#1894,#1895,#1896,#1897,
#1898,#1899,#1900,#1901,#1902,#1903,#1904,#1905,#1906,#1907,#1908,#1909,
#1910,#1911),(#1912,#1913,#1914,#1915,#1916,#1917,#1918,#1919,#1920,#1921,
#1922,#1923,#1924,#1925,#1926,#1927,#1928,#1929,#1930,#1931,#1932,#1933,
#1934,#1935,#1936,#1937,#1938,#1939,#1940,#1941,#1942,#1943,#1944,#1945,
#1946,#1947,#1948,#1949,#1950),(#1951,#1952,#1953,#1954,#1955,#1956,#1957,
#1958,#1959,#1960,#1961,#1962,#1963,#1964,#1965,#1966,#1967,#1968,#1969,
#1970,#1971,#1972,#1973,#1974,#1975,#1976,#1977,#1978,#1979,#1980,#1981,
#1982,#1983,#1984,#1985,#1986,#1987,#1988,#1989),(#1990,#1991,#1992,#1993,
#1994,#1995,#1996,#1997,#1998,#1999,#2000,#2001,#2002,#2003,#2004,#2005,
#2006,#2007,#2008,#2009,#2010,#2011,#2012,#2013,#2014,#2015,#2016,#2017,
#2018,#2019,#2020,#2021,#2022,#2023,#2024,#2025,#2026,#2027,#2028),(#2029,
#2030,#2031,#2032,#2033,#2034,#2035,#2036,#2037,#2038,#2039,#2040,#2041,
#2042,#2043,#2044,#2045,#2046,#2047,#2048,#2049,#2050,#2051,#2052,#2053,
#2054,#2055,#2056,#2057,#2058,#2059,#2060,#2061,#2062,#2063,#2064,#2065,
#2066,#2067),(#2068,#2069,#2070,#2071,#2072,#2073,#2074,#2075,#2076,#2077,
#2078,#2079,#2080,#2081,#2082,#2083,#2084,#2085,#2086,#2087,#2088,#2089,
#2090,#2091,#2092,#2093,#2094,#2095,#2096,#2097,#2098,#2099,#2100,#2101,
#2102,#2103,#2104,#2105,#2106),(#2107,#2108,#2109,#2110,#2111,#2112,#2113,
#2114,#2115,#2116,#2117,#2118,#2119,#2120,#2121,#2122,#2123,#2124,#2125,
#2126,#2127,#2128,#2129,#2130,#2131,#2132,#2133,#2134,#2135,#2136,#2137,
#2138,#2139,#2140,#2141,#2142,#2143,#2144,#2145),(#2146,#2147,#2148,#2149,
#2150,#2151,#2152,#2153,#2154,#2155,#2156,#2157,#2158,#2159,#2160,#2161,
#2162,#2163,#2164,#2165,#2166,#2167,#2168,#2169,#2170,#2171,#2172,#2173,
#2174,#2175,#2176,#2177,#2178,#2179,#2180,#2181,#2182,#2183,#2184),(#2185,
#2186,#2187,#2188,#2189,#2190,#2191,#2192,#2193,#2194,#2195,#2196,#2197,
#2198,#2199,#2200,#2201,#2202,#2203,#2204,#2205,#2206,#2207,#2208,#2209,
#2210,#2211,#2212,#2213,#2214,#2215,#2216,#2217,#2218,#2219,#2220,#2221,
#2222,#2223),(#2224,#2225,#2226,#2227,#2228,#2229,#2230,#2231,#2232,#2233,
#2234,#2235,#2236,#2237,#2238,#2239,#2240,#2241,#2242,#2243,#2244,#2245,
#2246,#2247,#2248,#2249,#2250,#2251,#2252,#2253,#2254,#2255,#2256,#2257,
#2258,#2259,#2260,#2261,#2262),(#2263,#2264,#2265,#2266,#2267,#2268,#2269,
#2270,#2271,#2272,#2273,#2274,#2275,#2276,#2277,#2278,#2279,#2280,#2281,
#2282,#2283,#2284,#2285,#2286,#2287,#2288,#2289,#2290,#2291,#2292,#2293,
#2294,#2295,#2296,#2297,#2298,#2299,#2300,#2301),(#2302,#2303,#2304,#2305,
#2306,#2307,#2308,#2309,#2310,#2311,#2312,#2313,#2314,#2315,#2316,#2317,
#2318,#2319,#2320,#2321,#2322,#2323,#2324,#2325,#2326,#2327,#2328,#2329,
#2330,#2331,#2332,#2333,#2334,#2335,#2336,#2337,#2338,#2339,#2340),(#2341,
#2342,#2343,#2344,#2345,#2346,#2347,#2348,#2349,#2350,#2351,#2352,#2353,
#2354,#2355,#2356,#2357,#2358,#2359,#2360,#2361,#2362,#2363,#2364,#2365,
#2366,#2367,#2368,#2369,#2370,#2371,#2372,#2373,#2374,#2375,#2376,#2377,
#2378,#2379)),.UNSPECIFIED.,.F.,.F.,.F.,(6,3,3,3,3,3,3,3,3,3,3,3,3,6),(6,
3,3,3,3,3,3,3,3,3,3,3,6),(-0.262354762732532,-0.260260341098787,-0.196380481269579,
-0.163393340538103,-0.130406199806627,-0.0644319183436749,0.0015423631192773,
0.0675166445822295,0.133490926045182,0.163590634658691,0.166478066776658,
0.199465207508134,0.263345067337342,0.265439488971086),(-0.2268,-0.225,
-0.19845,-0.1701,-0.1134,-0.0566999999999998,2.35922392732846E-16,0.0567000000000003,
0.1134,0.14175,0.1701,0.225,0.2268),.UNSPECIFIED.);
#16=B_SPLINE_SURFACE_WITH_KNOTS('',5,5,((#2390,#2391,#2392,#2393,#2394,
#2395,#2396,#2397,#2398,#2399,#2400,#2401,#2402,#2403,#2404,#2405,#2406,
#2407,#2408,#2409,#2410,#2411,#2412,#2413,#2414,#2415,#2416,#2417,#2418,
#2419,#2420,#2421,#2422,#2423,#2424,#2425,#2426,#2427,#2428),(#2429,#2430,
#2431,#2432,#2433,#2434,#2435,#2436,#2437,#2438,#2439,#2440,#2441,#2442,
#2443,#2444,#2445,#2446,#2447,#2448,#2449,#2450,#2451,#2452,#2453,#2454,
#2455,#2456,#2457,#2458,#2459,#2460,#2461,#2462,#2463,#2464,#2465,#2466,
#2467),(#2468,#2469,#2470,#2471,#2472,#2473,#2474,#2475,#2476,#2477,#2478,
#2479,#2480,#2481,#2482,#2483,#2484,#2485,#2486,#2487,#2488,#2489,#2490,
#2491,#2492,#2493,#2494,#2495,#2496,#2497,#2498,#2499,#2500,#2501,#2502,
#2503,#2504,#2505,#2506),(#2507,#2508,#2509,#2510,#2511,#2512,#2513,#2514,
#2515,#2516,#2517,#2518,#2519,#2520,#2521,#2522,#2523,#2524,#2525,#2526,
#2527,#2528,#2529,#2530,#2531,#2532,#2533,#2534,#2535,#2536,#2537,#2538,
#2539,#2540,#2541,#2542,#2543,#2544,#2545),(#2546,#2547,#2548,#2549,#2550,
#2551,#2552,#2553,#2554,#2555,#2556,#2557,#2558,#2559,#2560,#2561,#2562,
#2563,#2564,#2565,#2566,#2567,#2568,#2569,#2570,#2571,#2572,#2573,#2574,
#2575,#2576,#2577,#2578,#2579,#2580,#2581,#2582,#2583,#2584),(#2585,#2586,
#2587,#2588,#2589,#2590,#2591,#2592,#2593,#2594,#2595,#2596,#2597,#2598,
#2599,#2600,#2601,#2602,#2603,#2604,#2605,#2606,#2607,#2608,#2609,#2610,
#2611,#2612,#2613,#2614,#2615,#2616,#2617,#2618,#2619,#2620,#2621,#2622,
#2623),(#2624,#2625,#2626,#2627,#2628,#2629,#2630,#2631,#2632,#2633,#2634,
#2635,#2636,#2637,#2638,#2639,#2640,#2641,#2642,#2643,#2644,#2645,#2646,
#2647,#2648,#2649,#2650,#2651,#2652,#2653,#2654,#2655,#2656,#2657,#2658,
#2659,#2660,#2661,#2662),(#2663,#2664,#2665,#2666,#2667,#2668,#2669,#2670,
#2671,#2672,#2673,#2674,#2675,#2676,#2677,#2678,#2679,#2680,#2681,#2682,
#2683,#2684,#2685,#2686,#2687,#2688,#2689,#2690,#2691,#2692,#2693,#2694,
#2695,#2696,#2697,#2698,#2699,#2700,#2701),(#2702,#2703,#2704,#2705,#2706,
#2707,#2708,#2709,#2710,#2711,#2712,#2713,#2714,#2715,#2716,#2717,#2718,
#2719,#2720,#2721,#2722,#2723,#2724,#2725,#2726,#2727,#2728,#2729,#2730,
#2731,#2732,#2733,#2734,#2735,#2736,#2737,#2738,#2739,#2740),(#2741,#2742,
#2743,#2744,#2745,#2746,#2747,#2748,#2749,#2750,#2751,#2752,#2753,#2754,
#2755,#2756,#2757,#2758,#2759,#2760,#2761,#2762,#2763,#2764,#2765,#2766,
#2767,#2768,#2769,#2770,#2771,#2772,#2773,#2774,#2775,#2776,#2777,#2778,
#2779),(#2780,#2781,#2782,#2783,#2784,#2785,#2786,#2787,#2788,#2789,#2790,
#2791,#2792,#2793,#2794,#2795,#2796,#2797,#2798,#2799,#2800,#2801,#2802,
#2803,#2804,#2805,#2806,#2807,#2808,#2809,#2810,#2811,#2812,#2813,#2814,
#2815,#2816,#2817,#2818),(#2819,#2820,#2821,#2822,#2823,#2824,#2825,#2826,
#2827,#2828,#2829,#2830,#2831,#2832,#2833,#2834,#2835,#2836,#2837,#2838,
#2839,#2840,#2841,#2842,#2843,#2844,#2845,#2846,#2847,#2848,#2849,#2850,
#2851,#2852,#2853,#2854,#2855,#2856,#2857),(#2858,#2859,#2860,#2861,#2862,
#2863,#2864,#2865,#2866,#2867,#2868,#2869,#2870,#2871,#2872,#2873,#2874,
#2875,#2876,#2877,#2878,#2879,#2880,#2881,#2882,#2883,#2884,#2885,#2886,
#2887,#2888,#2889,#2890,#2891,#2892,#2893,#2894,#2895,#2896),(#2897,#2898,
#2899,#2900,#2901,#2902,#2903,#2904,#2905,#2906,#2907,#2908,#2909,#2910,
#2911,#2912,#2913,#2914,#2915,#2916,#2917,#2918,#2919,#2920,#2921,#2922,
#2923,#2924,#2925,#2926,#2927,#2928,#2929,#2930,#2931,#2932,#2933,#2934,
#2935),(#2936,#2937,#2938,#2939,#2940,#2941,#2942,#2943,#2944,#2945,#2946,
#2947,#2948,#2949,#2950,#2951,#2952,#2953,#2954,#2955,#2956,#2957,#2958,
#2959,#2960,#2961,#2962,#2963,#2964,#2965,#2966,#2967,#2968,#2969,#2970,
#2971,#2972,#2973,#2974),(#2975,#2976,#2977,#2978,#2979,#2980,#2981,#2982,
#2983,#2984,#2985,#2986,#2987,#2988,#2989,#2990,#2991,#2992,#2993,#2994,
#2995,#2996,#2997,#2998,#2999,#3000,#3001,#3002,#3003,#3004,#3005,#3006,
#3007,#3008,#3009,#3010,#3011,#3012,#3013),(#3014,#3015,#3016,#3017,#3018,
#3019,#3020,#3021,#3022,#3023,#3024,#3025,#3026,#3027,#3028,#3029,#3030,
#3031,#3032,#3033,#3034,#3035,#3036,#3037,#3038,#3039,#3040,#3041,#3042,
#3043,#3044,#3045,#3046,#3047,#3048,#3049,#3050,#3051,#3052),(#3053,#3054,
#3055,#3056,#3057,#3058,#3059,#3060,#3061,#3062,#3063,#3064,#3065,#3066,
#3067,#3068,#3069,#3070,#3071,#3072,#3073,#3074,#3075,#3076,#3077,#3078,
#3079,#3080,#3081,#3082,#3083,#3084,#3085,#3086,#3087,#3088,#3089,#3090,
#3091),(#3092,#3093,#3094,#3095,#3096,#3097,#3098,#3099,#3100,#3101,#3102,
#3103,#3104,#3105,#3106,#3107,#3108,#3109,#3110,#3111,#3112,#3113,#3114,
#3115,#3116,#3117,#3118,#3119,#3120,#3121,#3122,#3123,#3124,#3125,#3126,
#3127,#3128,#3129,#3130),(#3131,#3132,#3133,#3134,#3135,#3136,#3137,#3138,
#3139,#3140,#3141,#3142,#3143,#3144,#3145,#3146,#3147,#3148,#3149,#3150,
#3151,#3152,#3153,#3154,#3155,#3156,#3157,#3158,#3159,#3160,#3161,#3162,
#3163,#3164,#3165,#3166,#3167,#3168,#3169),(#3170,#3171,#3172,#3173,#3174,
#3175,#3176,#3177,#3178,#3179,#3180,#3181,#3182,#3183,#3184,#3185,#3186,
#3187,#3188,#3189,#3190,#3191,#3192,#3193,#3194,#3195,#3196,#3197,#3198,
#3199,#3200,#3201,#3202,#3203,#3204,#3205,#3206,#3207,#3208),(#3209,#3210,
#3211,#3212,#3213,#3214,#3215,#3216,#3217,#3218,#3219,#3220,#3221,#3222,
#3223,#3224,#3225,#3226,#3227,#3228,#3229,#3230,#3231,#3232,#3233,#3234,
#3235,#3236,#3237,#3238,#3239,#3240,#3241,#3242,#3243,#3244,#3245,#3246,
#3247),(#3248,#3249,#3250,#3251,#3252,#3253,#3254,#3255,#3256,#3257,#3258,
#3259,#3260,#3261,#3262,#3263,#3264,#3265,#3266,#3267,#3268,#3269,#3270,
#3271,#3272,#3273,#3274,#3275,#3276,#3277,#3278,#3279,#3280,#3281,#3282,
#3283,#3284,#3285,#3286),(#3287,#3288,#3289,#3290,#3291,#3292,#3293,#3294,
#3295,#3296,#3297,#3298,#3299,#3300,#3301,#3302,#3303,#3304,#3305,#3306,
#3307,#3308,#3309,#3310,#3311,#3312,#3313,#3314,#3315,#3316,#3317,#3318,
#3319,#3320,#3321,#3322,#3323,#3324,#3325),(#3326,#3327,#3328,#3329,#3330,
#3331,#3332,#3333,#3334,#3335,#3336,#3337,#3338,#3339,#3340,#3341,#3342,
#3343,#3344,#3345,#3346,#3347,#3348,#3349,#3350,#3351,#3352,#3353,#3354,
#3355,#3356,#3357,#3358,#3359,#3360,#3361,#3362,#3363,#3364),(#3365,#3366,
#3367,#3368,#3369,#3370,#3371,#3372,#3373,#3374,#3375,#3376,#3377,#3378,
#3379,#3380,#3381,#3382,#3383,#3384,#3385,#3386,#3387,#3388,#3389,#3390,
#3391,#3392,#3393,#3394,#3395,#3396,#3397,#3398,#3399,#3400,#3401,#3402,
#3403),(#3404,#3405,#3406,#3407,#3408,#3409,#3410,#3411,#3412,#3413,#3414,
#3415,#3416,#3417,#3418,#3419,#3420,#3421,#3422,#3423,#3424,#3425,#3426,
#3427,#3428,#3429,#3430,#3431,#3432,#3433,#3434,#3435,#3436,#3437,#3438,
#3439,#3440,#3441,#3442),(#3443,#3444,#3445,#3446,#3447,#3448,#3449,#3450,
#3451,#3452,#3453,#3454,#3455,#3456,#3457,#3458,#3459,#3460,#3461,#3462,
#3463,#3464,#3465,#3466,#3467,#3468,#3469,#3470,#3471,#3472,#3473,#3474,
#3475,#3476,#3477,#3478,#3479,#3480,#3481),(#3482,#3483,#3484,#3485,#3486,
#3487,#3488,#3489,#3490,#3491,#3492,#3493,#3494,#3495,#3496,#3497,#3498,
#3499,#3500,#3501,#3502,#3503,#3504,#3505,#3506,#3507,#3508,#3509,#3510,
#3511,#3512,#3513,#3514,#3515,#3516,#3517,#3518,#3519,#3520),(#3521,#3522,
#3523,#3524,#3525,#3526,#3527,#3528,#3529,#3530,#3531,#3532,#3533,#3534,
#3535,#3536,#3537,#3538,#3539,#3540,#3541,#3542,#3543,#3544,#3545,#3546,
#3547,#3548,#3549,#3550,#3551,#3552,#3553,#3554,#3555,#3556,#3557,#3558,
#3559),(#3560,#3561,#3562,#3563,#3564,#3565,#3566,#3567,#3568,#3569,#3570,
#3571,#3572,#3573,#3574,#3575,#3576,#3577,#3578,#3579,#3580,#3581,#3582,
#3583,#3584,#3585,#3586,#3587,#3588,#3589,#3590,#3591,#3592,#3593,#3594,
#3595,#3596,#3597,#3598),(#3599,#3600,#3601,#3602,#3603,#3604,#3605,#3606,
#3607,#3608,#3609,#3610,#3611,#3612,#3613,#3614,#3615,#3616,#3617,#3618,
#3619,#3620,#3621,#3622,#3623,#3624,#3625,#3626,#3627,#3628,#3629,#3630,
#3631,#3632,#3633,#3634,#3635,#3636,#3637),(#3638,#3639,#3640,#3641,#3642,
#3643,#3644,#3645,#3646,#3647,#3648,#3649,#3650,#3651,#3652,#3653,#3654,
#3655,#3656,#3657,#3658,#3659,#3660,#3661,#3662,#3663,#3664,#3665,#3666,
#3667,#3668,#3669,#3670,#3671,#3672,#3673,#3674,#3675,#3676),(#3677,#3678,
#3679,#3680,#3681,#3682,#3683,#3684,#3685,#3686,#3687,#3688,#3689,#3690,
#3691,#3692,#3693,#3694,#3695,#3696,#3697,#3698,#3699,#3700,#3701,#3702,
#3703,#3704,#3705,#3706,#3707,#3708,#3709,#3710,#3711,#3712,#3713,#3714,
#3715),(#3716,#3717,#3718,#3719,#3720,#3721,#3722,#3723,#3724,#3725,#3726,
#3727,#3728,#3729,#3730,#3731,#3732,#3733,#3734,#3735,#3736,#3737,#3738,
#3739,#3740,#3741,#3742,#3743,#3744,#3745,#3746,#3747,#3748,#3749,#3750,
#3751,#3752,#3753,#3754),(#3755,#3756,#3757,#3758,#3759,#3760,#3761,#3762,
#3763,#3764,#3765,#3766,#3767,#3768,#3769,#3770,#3771,#3772,#3773,#3774,
#3775,#3776,#3777,#3778,#3779,#3780,#3781,#3782,#3783,#3784,#3785,#3786,
#3787,#3788,#3789,#3790,#3791,#3792,#3793),(#3794,#3795,#3796,#3797,#3798,
#3799,#3800,#3801,#3802,#3803,#3804,#3805,#3806,#3807,#3808,#3809,#3810,
#3811,#3812,#3813,#3814,#3815,#3816,#3817,#3818,#3819,#3820,#3821,#3822,
#3823,#3824,#3825,#3826,#3827,#3828,#3829,#3830,#3831,#3832),(#3833,#3834,
#3835,#3836,#3837,#3838,#3839,#3840,#3841,#3842,#3843,#3844,#3845,#3846,
#3847,#3848,#3849,#3850,#3851,#3852,#3853,#3854,#3855,#3856,#3857,#3858,
#3859,#3860,#3861,#3862,#3863,#3864,#3865,#3866,#3867,#3868,#3869,#3870,
#3871),(#3872,#3873,#3874,#3875,#3876,#3877,#3878,#3879,#3880,#3881,#3882,
#3883,#3884,#3885,#3886,#3887,#3888,#3889,#3890,#3891,#3892,#3893,#3894,
#3895,#3896,#3897,#3898,#3899,#3900,#3901,#3902,#3903,#3904,#3905,#3906,
#3907,#3908,#3909,#3910),(#3911,#3912,#3913,#3914,#3915,#3916,#3917,#3918,
#3919,#3920,#3921,#3922,#3923,#3924,#3925,#3926,#3927,#3928,#3929,#3930,
#3931,#3932,#3933,#3934,#3935,#3936,#3937,#3938,#3939,#3940,#3941,#3942,
#3943,#3944,#3945,#3946,#3947,#3948,#3949),(#3950,#3951,#3952,#3953,#3954,
#3955,#3956,#3957,#3958,#3959,#3960,#3961,#3962,#3963,#3964,#3965,#3966,
#3967,#3968,#3969,#3970,#3971,#3972,#3973,#3974,#3975,#3976,#3977,#3978,
#3979,#3980,#3981,#3982,#3983,#3984,#3985,#3986,#3987,#3988),(#3989,#3990,
#3991,#3992,#3993,#3994,#3995,#3996,#3997,#3998,#3999,#4000,#4001,#4002,
#4003,#4004,#4005,#4006,#4007,#4008,#4009,#4010,#4011,#4012,#4013,#4014,
#4015,#4016,#4017,#4018,#4019,#4020,#4021,#4022,#4023,#4024,#4025,#4026,
#4027),(#4028,#4029,#4030,#4031,#4032,#4033,#4034,#4035,#4036,#4037,#4038,
#4039,#4040,#4041,#4042,#4043,#4044,#4045,#4046,#4047,#4048,#4049,#4050,
#4051,#4052,#4053,#4054,#4055,#4056,#4057,#4058,#4059,#4060,#4061,#4062,
#4063,#4064,#4065,#4066),(#4067,#4068,#4069,#4070,#4071,#4072,#4073,#4074,
#4075,#4076,#4077,#4078,#4079,#4080,#4081,#4082,#4083,#4084,#4085,#4086,
#4087,#4088,#4089,#4090,#4091,#4092,#4093,#4094,#4095,#4096,#4097,#4098,
#4099,#4100,#4101,#4102,#4103,#4104,#4105),(#4106,#4107,#4108,#4109,#4110,
#4111,#4112,#4113,#4114,#4115,#4116,#4117,#4118,#4119,#4120,#4121,#4122,
#4123,#4124,#4125,#4126,#4127,#4128,#4129,#4130,#4131,#4132,#4133,#4134,
#4135,#4136,#4137,#4138,#4139,#4140,#4141,#4142,#4143,#4144)),
 .UNSPECIFIED.,.F.,.F.,.F.,(6,3,3,3,3,3,3,3,3,3,3,3,3,3,6),(6,3,3,3,3,3,
3,3,3,3,3,3,6),(-0.446614304368469,-0.443013301953352,-0.437537579575945,
-0.389898516330385,-0.34276557550634,-0.333182728292301,-0.219751152216134,
-0.106319576139966,0.00711199993620165,0.120543576012369,0.233975152088537,
0.347406728164705,0.404122516202788,0.457237301825756,0.460838304240872),
(-0.2268,-0.225,-0.19845,-0.1701,-0.1134,-0.0567,0.,0.0567,0.1134,0.1701,
0.19845,0.225,0.2268),.UNSPECIFIED.);
#17=B_SPLINE_CURVE_WITH_KNOTS('',3,(#716,#717,#718,#719,#720,#721),
 .UNSPECIFIED.,.F.,.F.,(4,2,4),(9.99979408389251E-7,0.119520708843817,0.147613947668704),
 .UNSPECIFIED.);
#18=B_SPLINE_CURVE_WITH_KNOTS('',3,(#722,#723,#724,#725,#726,#727),
 .UNSPECIFIED.,.F.,.F.,(4,2,4),(1.00000088998353E-6,0.192286475043845,0.251075114952042),
 .UNSPECIFIED.);
#19=B_SPLINE_CURVE_WITH_KNOTS('',3,(#730,#731,#732,#733,#734,#735),
 .UNSPECIFIED.,.F.,.F.,(4,2,4),(1.0000008900668E-6,0.192286983630471,0.251075146118185),
 .UNSPECIFIED.);
#20=B_SPLINE_CURVE_WITH_KNOTS('',3,(#736,#737,#738,#739,#740,#741),
 .UNSPECIFIED.,.F.,.F.,(4,2,4),(-0.400702481742925,-0.140598898267757,-9.99999999579176E-7),
 .UNSPECIFIED.);
#21=B_SPLINE_CURVE_WITH_KNOTS('',3,(#2380,#2381,#2382,#2383,#2384,#2385,
#2386,#2387,#2388,#2389),.UNSPECIFIED.,.F.,.F.,(4,2,2,2,4),(-0.484719215042909,
-0.428198036684078,-0.242359443492425,-0.0565210890914417,-9.99936790874015E-7),
 .UNSPECIFIED.);
#22=FACE_OUTER_BOUND('',#45,.T.);
#23=FACE_OUTER_BOUND('',#46,.T.);
#24=FACE_OUTER_BOUND('',#47,.T.);
#25=FACE_OUTER_BOUND('',#48,.T.);
#26=FACE_OUTER_BOUND('',#49,.T.);
#27=FACE_OUTER_BOUND('',#50,.T.);
#28=FACE_OUTER_BOUND('',#51,.T.);
#29=FACE_OUTER_BOUND('',#52,.T.);
#30=FACE_OUTER_BOUND('',#53,.T.);
#31=FACE_OUTER_BOUND('',#54,.T.);
#32=FACE_OUTER_BOUND('',#55,.T.);
#33=FACE_OUTER_BOUND('',#56,.T.);
#34=FACE_OUTER_BOUND('',#57,.T.);
#35=FACE_OUTER_BOUND('',#58,.T.);
#36=FACE_OUTER_BOUND('',#59,.T.);
#37=FACE_OUTER_BOUND('',#60,.T.);
#38=FACE_OUTER_BOUND('',#61,.T.);
#39=FACE_OUTER_BOUND('',#62,.T.);
#40=FACE_OUTER_BOUND('',#63,.T.);
#41=FACE_OUTER_BOUND('',#64,.T.);
#42=FACE_OUTER_BOUND('',#65,.T.);
#43=FACE_OUTER_BOUND('',#66,.T.);
#44=FACE_OUTER_BOUND('',#67,.T.);
#45=EDGE_LOOP('',(#289,#290,#291,#292));
#46=EDGE_LOOP('',(#293,#294,#295,#296));
#47=EDGE_LOOP('',(#297,#298,#299,#300));
#48=EDGE_LOOP('',(#301,#302,#303,#304));
#49=EDGE_LOOP('',(#305,#306,#307,#308));
#50=EDGE_LOOP('',(#309,#310,#311,#312));
#51=EDGE_LOOP('',(#313,#314,#315,#316));
#52=EDGE_LOOP('',(#317,#318,#319,#320));
#53=EDGE_LOOP('',(#321,#322,#323,#324));
#54=EDGE_LOOP('',(#325,#326,#327,#328));
#55=EDGE_LOOP('',(#329,#330,#331,#332));
#56=EDGE_LOOP('',(#333,#334,#335,#336));
#57=EDGE_LOOP('',(#337,#338,#339,#340));
#58=EDGE_LOOP('',(#341,#342,#343,#344));
#59=EDGE_LOOP('',(#345,#346,#347,#348));
#60=EDGE_LOOP('',(#349,#350,#351,#352));
#61=EDGE_LOOP('',(#353,#354,#355,#356));
#62=EDGE_LOOP('',(#357,#358,#359,#360));
#63=EDGE_LOOP('',(#361,#362,#363,#364));
#64=EDGE_LOOP('',(#365,#366,#367,#368,#369,#370,#371,#372,#373,#374,#375,
#376,#377,#378,#379,#380,#381,#382,#383,#384,#385));
#65=EDGE_LOOP('',(#386,#387,#388,#389,#390,#391,#392,#393,#394,#395,#396,
#397,#398,#399,#400,#401,#402,#403,#404,#405,#406));
#66=EDGE_LOOP('',(#407,#408,#409,#410));
#67=EDGE_LOOP('',(#411,#412,#413,#414));
#68=LINE('',#600,#126);
#69=LINE('',#602,#127);
#70=LINE('',#604,#128);
#71=LINE('',#605,#129);
#72=LINE('',#608,#130);
#73=LINE('',#610,#131);
#74=LINE('',#611,#132);
#75=LINE('',#614,#133);
#76=LINE('',#616,#134);
#77=LINE('',#617,#135);
#78=LINE('',#620,#136);
#79=LINE('',#622,#137);
#80=LINE('',#623,#138);
#81=LINE('',#626,#139);
#82=LINE('',#628,#140);
#83=LINE('',#629,#141);
#84=LINE('',#632,#142);
#85=LINE('',#634,#143);
#86=LINE('',#635,#144);
#87=LINE('',#638,#145);
#88=LINE('',#640,#146);
#89=LINE('',#641,#147);
#90=LINE('',#644,#148);
#91=LINE('',#646,#149);
#92=LINE('',#647,#150);
#93=LINE('',#650,#151);
#94=LINE('',#652,#152);
#95=LINE('',#653,#153);
#96=LINE('',#656,#154);
#97=LINE('',#658,#155);
#98=LINE('',#659,#156);
#99=LINE('',#662,#157);
#100=LINE('',#664,#158);
#101=LINE('',#665,#159);
#102=LINE('',#668,#160);
#103=LINE('',#670,#161);
#104=LINE('',#671,#162);
#105=LINE('',#674,#163);
#106=LINE('',#676,#164);
#107=LINE('',#677,#165);
#108=LINE('',#680,#166);
#109=LINE('',#682,#167);
#110=LINE('',#683,#168);
#111=LINE('',#686,#169);
#112=LINE('',#688,#170);
#113=LINE('',#689,#171);
#114=LINE('',#692,#172);
#115=LINE('',#694,#173);
#116=LINE('',#695,#174);
#117=LINE('',#698,#175);
#118=LINE('',#700,#176);
#119=LINE('',#701,#177);
#120=LINE('',#705,#178);
#121=LINE('',#707,#179);
#122=LINE('',#709,#180);
#123=LINE('',#710,#181);
#124=LINE('',#712,#182);
#125=LINE('',#713,#183);
#126=VECTOR('',#498,10.);
#127=VECTOR('',#499,10.);
#128=VECTOR('',#500,10.);
#129=VECTOR('',#501,10.);
#130=VECTOR('',#504,10.);
#131=VECTOR('',#505,10.);
#132=VECTOR('',#506,10.);
#133=VECTOR('',#509,10.);
#134=VECTOR('',#510,10.);
#135=VECTOR('',#511,10.);
#136=VECTOR('',#514,10.);
#137=VECTOR('',#515,10.);
#138=VECTOR('',#516,10.);
#139=VECTOR('',#519,10.);
#140=VECTOR('',#520,10.);
#141=VECTOR('',#521,10.);
#142=VECTOR('',#524,10.);
#143=VECTOR('',#525,10.);
#144=VECTOR('',#526,10.);
#145=VECTOR('',#529,10.);
#146=VECTOR('',#530,10.);
#147=VECTOR('',#531,10.);
#148=VECTOR('',#534,10.);
#149=VECTOR('',#535,10.);
#150=VECTOR('',#536,10.);
#151=VECTOR('',#539,10.);
#152=VECTOR('',#540,10.);
#153=VECTOR('',#541,10.);
#154=VECTOR('',#544,10.);
#155=VECTOR('',#545,10.);
#156=VECTOR('',#546,10.);
#157=VECTOR('',#549,10.);
#158=VECTOR('',#550,10.);
#159=VECTOR('',#551,10.);
#160=VECTOR('',#554,10.);
#161=VECTOR('',#555,10.);
#162=VECTOR('',#556,10.);
#163=VECTOR('',#559,10.);
#164=VECTOR('',#560,10.);
#165=VECTOR('',#561,10.);
#166=VECTOR('',#564,10.);
#167=VECTOR('',#565,10.);
#168=VECTOR('',#566,10.);
#169=VECTOR('',#569,10.);
#170=VECTOR('',#570,10.);
#171=VECTOR('',#571,10.);
#172=VECTOR('',#574,10.);
#173=VECTOR('',#575,10.);
#174=VECTOR('',#576,10.);
#175=VECTOR('',#579,10.);
#176=VECTOR('',#580,10.);
#177=VECTOR('',#581,10.);
#178=VECTOR('',#584,10.);
#179=VECTOR('',#585,10.);
#180=VECTOR('',#586,10.);
#181=VECTOR('',#587,10.);
#182=VECTOR('',#590,10.);
#183=VECTOR('',#591,10.);
#184=VERTEX_POINT('',#598);
#185=VERTEX_POINT('',#599);
#186=VERTEX_POINT('',#601);
#187=VERTEX_POINT('',#603);
#188=VERTEX_POINT('',#607);
#189=VERTEX_POINT('',#609);
#190=VERTEX_POINT('',#613);
#191=VERTEX_POINT('',#615);
#192=VERTEX_POINT('',#619);
#193=VERTEX_POINT('',#621);
#194=VERTEX_POINT('',#625);
#195=VERTEX_POINT('',#627);
#196=VERTEX_POINT('',#631);
#197=VERTEX_POINT('',#633);
#198=VERTEX_POINT('',#637);
#199=VERTEX_POINT('',#639);
#200=VERTEX_POINT('',#643);
#201=VERTEX_POINT('',#645);
#202=VERTEX_POINT('',#649);
#203=VERTEX_POINT('',#651);
#204=VERTEX_POINT('',#655);
#205=VERTEX_POINT('',#657);
#206=VERTEX_POINT('',#661);
#207=VERTEX_POINT('',#663);
#208=VERTEX_POINT('',#667);
#209=VERTEX_POINT('',#669);
#210=VERTEX_POINT('',#673);
#211=VERTEX_POINT('',#675);
#212=VERTEX_POINT('',#679);
#213=VERTEX_POINT('',#681);
#214=VERTEX_POINT('',#685);
#215=VERTEX_POINT('',#687);
#216=VERTEX_POINT('',#691);
#217=VERTEX_POINT('',#693);
#218=VERTEX_POINT('',#697);
#219=VERTEX_POINT('',#699);
#220=VERTEX_POINT('',#703);
#221=VERTEX_POINT('',#704);
#222=VERTEX_POINT('',#706);
#223=VERTEX_POINT('',#708);
#224=VERTEX_POINT('',#715);
#225=VERTEX_POINT('',#729);
#226=EDGE_CURVE('',#184,#185,#68,.T.);
#227=EDGE_CURVE('',#184,#186,#69,.T.);
#228=EDGE_CURVE('',#187,#186,#70,.T.);
#229=EDGE_CURVE('',#185,#187,#71,.T.);
#230=EDGE_CURVE('',#188,#185,#72,.T.);
#231=EDGE_CURVE('',#189,#187,#73,.T.);
#232=EDGE_CURVE('',#188,#189,#74,.T.);
#233=EDGE_CURVE('',#188,#190,#75,.T.);
#234=EDGE_CURVE('',#191,#189,#76,.T.);
#235=EDGE_CURVE('',#190,#191,#77,.T.);
#236=EDGE_CURVE('',#190,#192,#78,.T.);
#237=EDGE_CURVE('',#193,#191,#79,.T.);
#238=EDGE_CURVE('',#192,#193,#80,.T.);
#239=EDGE_CURVE('',#192,#194,#81,.T.);
#240=EDGE_CURVE('',#195,#193,#82,.T.);
#241=EDGE_CURVE('',#194,#195,#83,.T.);
#242=EDGE_CURVE('',#194,#196,#84,.T.);
#243=EDGE_CURVE('',#197,#195,#85,.T.);
#244=EDGE_CURVE('',#196,#197,#86,.T.);
#245=EDGE_CURVE('',#196,#198,#87,.T.);
#246=EDGE_CURVE('',#199,#197,#88,.T.);
#247=EDGE_CURVE('',#198,#199,#89,.T.);
#248=EDGE_CURVE('',#198,#200,#90,.T.);
#249=EDGE_CURVE('',#201,#199,#91,.T.);
#250=EDGE_CURVE('',#200,#201,#92,.T.);
#251=EDGE_CURVE('',#200,#202,#93,.T.);
#252=EDGE_CURVE('',#203,#201,#94,.T.);
#253=EDGE_CURVE('',#202,#203,#95,.T.);
#254=EDGE_CURVE('',#202,#204,#96,.T.);
#255=EDGE_CURVE('',#205,#203,#97,.T.);
#256=EDGE_CURVE('',#204,#205,#98,.T.);
#257=EDGE_CURVE('',#204,#206,#99,.T.);
#258=EDGE_CURVE('',#207,#205,#100,.T.);
#259=EDGE_CURVE('',#206,#207,#101,.T.);
#260=EDGE_CURVE('',#208,#206,#102,.T.);
#261=EDGE_CURVE('',#209,#207,#103,.T.);
#262=EDGE_CURVE('',#208,#209,#104,.T.);
#263=EDGE_CURVE('',#208,#210,#105,.T.);
#264=EDGE_CURVE('',#211,#209,#106,.T.);
#265=EDGE_CURVE('',#210,#211,#107,.T.);
#266=EDGE_CURVE('',#210,#212,#108,.T.);
#267=EDGE_CURVE('',#213,#211,#109,.T.);
#268=EDGE_CURVE('',#212,#213,#110,.T.);
#269=EDGE_CURVE('',#212,#214,#111,.T.);
#270=EDGE_CURVE('',#215,#213,#112,.T.);
#271=EDGE_CURVE('',#214,#215,#113,.T.);
#272=EDGE_CURVE('',#214,#216,#114,.T.);
#273=EDGE_CURVE('',#217,#215,#115,.T.);
#274=EDGE_CURVE('',#216,#217,#116,.T.);
#275=EDGE_CURVE('',#216,#218,#117,.T.);
#276=EDGE_CURVE('',#219,#217,#118,.T.);
#277=EDGE_CURVE('',#218,#219,#119,.T.);
#278=EDGE_CURVE('',#220,#221,#120,.T.);
#279=EDGE_CURVE('',#221,#222,#121,.T.);
#280=EDGE_CURVE('',#223,#222,#122,.T.);
#281=EDGE_CURVE('',#220,#223,#123,.T.);
#282=EDGE_CURVE('',#184,#220,#124,.T.);
#283=EDGE_CURVE('',#186,#223,#125,.T.);
#284=EDGE_CURVE('',#222,#224,#17,.T.);
#285=EDGE_CURVE('',#224,#219,#18,.T.);
#286=EDGE_CURVE('',#218,#225,#19,.F.);
#287=EDGE_CURVE('',#225,#221,#20,.T.);
#288=EDGE_CURVE('',#225,#224,#21,.T.);
#289=ORIENTED_EDGE('',*,*,#226,.F.);
#290=ORIENTED_EDGE('',*,*,#227,.T.);
#291=ORIENTED_EDGE('',*,*,#228,.F.);
#292=ORIENTED_EDGE('',*,*,#229,.F.);
#293=ORIENTED_EDGE('',*,*,#230,.T.);
#294=ORIENTED_EDGE('',*,*,#229,.T.);
#295=ORIENTED_EDGE('',*,*,#231,.F.);
#296=ORIENTED_EDGE('',*,*,#232,.F.);
#297=ORIENTED_EDGE('',*,*,#233,.F.);
#298=ORIENTED_EDGE('',*,*,#232,.T.);
#299=ORIENTED_EDGE('',*,*,#234,.F.);
#300=ORIENTED_EDGE('',*,*,#235,.F.);
#301=ORIENTED_EDGE('',*,*,#236,.F.);
#302=ORIENTED_EDGE('',*,*,#235,.T.);
#303=ORIENTED_EDGE('',*,*,#237,.F.);
#304=ORIENTED_EDGE('',*,*,#238,.F.);
#305=ORIENTED_EDGE('',*,*,#239,.F.);
#306=ORIENTED_EDGE('',*,*,#238,.T.);
#307=ORIENTED_EDGE('',*,*,#240,.F.);
#308=ORIENTED_EDGE('',*,*,#241,.F.);
#309=ORIENTED_EDGE('',*,*,#242,.F.);
#310=ORIENTED_EDGE('',*,*,#241,.T.);
#311=ORIENTED_EDGE('',*,*,#243,.F.);
#312=ORIENTED_EDGE('',*,*,#244,.F.);
#313=ORIENTED_EDGE('',*,*,#245,.F.);
#314=ORIENTED_EDGE('',*,*,#244,.T.);
#315=ORIENTED_EDGE('',*,*,#246,.F.);
#316=ORIENTED_EDGE('',*,*,#247,.F.);
#317=ORIENTED_EDGE('',*,*,#248,.F.);
#318=ORIENTED_EDGE('',*,*,#247,.T.);
#319=ORIENTED_EDGE('',*,*,#249,.F.);
#320=ORIENTED_EDGE('',*,*,#250,.F.);
#321=ORIENTED_EDGE('',*,*,#251,.F.);
#322=ORIENTED_EDGE('',*,*,#250,.T.);
#323=ORIENTED_EDGE('',*,*,#252,.F.);
#324=ORIENTED_EDGE('',*,*,#253,.F.);
#325=ORIENTED_EDGE('',*,*,#254,.F.);
#326=ORIENTED_EDGE('',*,*,#253,.T.);
#327=ORIENTED_EDGE('',*,*,#255,.F.);
#328=ORIENTED_EDGE('',*,*,#256,.F.);
#329=ORIENTED_EDGE('',*,*,#257,.F.);
#330=ORIENTED_EDGE('',*,*,#256,.T.);
#331=ORIENTED_EDGE('',*,*,#258,.F.);
#332=ORIENTED_EDGE('',*,*,#259,.F.);
#333=ORIENTED_EDGE('',*,*,#260,.T.);
#334=ORIENTED_EDGE('',*,*,#259,.T.);
#335=ORIENTED_EDGE('',*,*,#261,.F.);
#336=ORIENTED_EDGE('',*,*,#262,.F.);
#337=ORIENTED_EDGE('',*,*,#263,.F.);
#338=ORIENTED_EDGE('',*,*,#262,.T.);
#339=ORIENTED_EDGE('',*,*,#264,.F.);
#340=ORIENTED_EDGE('',*,*,#265,.F.);
#341=ORIENTED_EDGE('',*,*,#266,.F.);
#342=ORIENTED_EDGE('',*,*,#265,.T.);
#343=ORIENTED_EDGE('',*,*,#267,.F.);
#344=ORIENTED_EDGE('',*,*,#268,.F.);
#345=ORIENTED_EDGE('',*,*,#269,.F.);
#346=ORIENTED_EDGE('',*,*,#268,.T.);
#347=ORIENTED_EDGE('',*,*,#270,.F.);
#348=ORIENTED_EDGE('',*,*,#271,.F.);
#349=ORIENTED_EDGE('',*,*,#272,.F.);
#350=ORIENTED_EDGE('',*,*,#271,.T.);
#351=ORIENTED_EDGE('',*,*,#273,.F.);
#352=ORIENTED_EDGE('',*,*,#274,.F.);
#353=ORIENTED_EDGE('',*,*,#275,.F.);
#354=ORIENTED_EDGE('',*,*,#274,.T.);
#355=ORIENTED_EDGE('',*,*,#276,.F.);
#356=ORIENTED_EDGE('',*,*,#277,.F.);
#357=ORIENTED_EDGE('',*,*,#278,.T.);
#358=ORIENTED_EDGE('',*,*,#279,.T.);
#359=ORIENTED_EDGE('',*,*,#280,.F.);
#360=ORIENTED_EDGE('',*,*,#281,.F.);
#361=ORIENTED_EDGE('',*,*,#282,.T.);
#362=ORIENTED_EDGE('',*,*,#281,.T.);
#363=ORIENTED_EDGE('',*,*,#283,.F.);
#364=ORIENTED_EDGE('',*,*,#227,.F.);
#365=ORIENTED_EDGE('',*,*,#283,.T.);
#366=ORIENTED_EDGE('',*,*,#280,.T.);
#367=ORIENTED_EDGE('',*,*,#284,.T.);
#368=ORIENTED_EDGE('',*,*,#285,.T.);
#369=ORIENTED_EDGE('',*,*,#276,.T.);
#370=ORIENTED_EDGE('',*,*,#273,.T.);
#371=ORIENTED_EDGE('',*,*,#270,.T.);
#372=ORIENTED_EDGE('',*,*,#267,.T.);
#373=ORIENTED_EDGE('',*,*,#264,.T.);
#374=ORIENTED_EDGE('',*,*,#261,.T.);
#375=ORIENTED_EDGE('',*,*,#258,.T.);
#376=ORIENTED_EDGE('',*,*,#255,.T.);
#377=ORIENTED_EDGE('',*,*,#252,.T.);
#378=ORIENTED_EDGE('',*,*,#249,.T.);
#379=ORIENTED_EDGE('',*,*,#246,.T.);
#380=ORIENTED_EDGE('',*,*,#243,.T.);
#381=ORIENTED_EDGE('',*,*,#240,.T.);
#382=ORIENTED_EDGE('',*,*,#237,.T.);
#383=ORIENTED_EDGE('',*,*,#234,.T.);
#384=ORIENTED_EDGE('',*,*,#231,.T.);
#385=ORIENTED_EDGE('',*,*,#228,.T.);
#386=ORIENTED_EDGE('',*,*,#282,.F.);
#387=ORIENTED_EDGE('',*,*,#226,.T.);
#388=ORIENTED_EDGE('',*,*,#230,.F.);
#389=ORIENTED_EDGE('',*,*,#233,.T.);
#390=ORIENTED_EDGE('',*,*,#236,.T.);
#391=ORIENTED_EDGE('',*,*,#239,.T.);
#392=ORIENTED_EDGE('',*,*,#242,.T.);
#393=ORIENTED_EDGE('',*,*,#245,.T.);
#394=ORIENTED_EDGE('',*,*,#248,.T.);
#395=ORIENTED_EDGE('',*,*,#251,.T.);
#396=ORIENTED_EDGE('',*,*,#254,.T.);
#397=ORIENTED_EDGE('',*,*,#257,.T.);
#398=ORIENTED_EDGE('',*,*,#260,.F.);
#399=ORIENTED_EDGE('',*,*,#263,.T.);
#400=ORIENTED_EDGE('',*,*,#266,.T.);
#401=ORIENTED_EDGE('',*,*,#269,.T.);
#402=ORIENTED_EDGE('',*,*,#272,.T.);
#403=ORIENTED_EDGE('',*,*,#275,.T.);
#404=ORIENTED_EDGE('',*,*,#286,.T.);
#405=ORIENTED_EDGE('',*,*,#287,.T.);
#406=ORIENTED_EDGE('',*,*,#278,.F.);
#407=ORIENTED_EDGE('',*,*,#286,.F.);
#408=ORIENTED_EDGE('',*,*,#277,.T.);
#409=ORIENTED_EDGE('',*,*,#285,.F.);
#410=ORIENTED_EDGE('',*,*,#288,.F.);
#411=ORIENTED_EDGE('',*,*,#287,.F.);
#412=ORIENTED_EDGE('',*,*,#288,.T.);
#413=ORIENTED_EDGE('',*,*,#284,.F.);
#414=ORIENTED_EDGE('',*,*,#279,.F.);
#415=PLANE('',#473);
#416=PLANE('',#474);
#417=PLANE('',#475);
#418=PLANE('',#476);
#419=PLANE('',#477);
#420=PLANE('',#478);
#421=PLANE('',#479);
#422=PLANE('',#480);
#423=PLANE('',#481);
#424=PLANE('',#482);
#425=PLANE('',#483);
#426=PLANE('',#484);
#427=PLANE('',#485);
#428=PLANE('',#486);
#429=PLANE('',#487);
#430=PLANE('',#488);
#431=PLANE('',#489);
#432=PLANE('',#490);
#433=PLANE('',#491);
#434=PLANE('',#492);
#435=PLANE('',#493);
#436=ADVANCED_FACE('',(#22),#415,.T.);
#437=ADVANCED_FACE('',(#23),#416,.T.);
#438=ADVANCED_FACE('',(#24),#417,.T.);
#439=ADVANCED_FACE('',(#25),#418,.T.);
#440=ADVANCED_FACE('',(#26),#419,.T.);
#441=ADVANCED_FACE('',(#27),#420,.T.);
#442=ADVANCED_FACE('',(#28),#421,.T.);
#443=ADVANCED_FACE('',(#29),#422,.T.);
#444=ADVANCED_FACE('',(#30),#423,.T.);
#445=ADVANCED_FACE('',(#31),#424,.T.);
#446=ADVANCED_FACE('',(#32),#425,.T.);
#447=ADVANCED_FACE('',(#33),#426,.T.);
#448=ADVANCED_FACE('',(#34),#427,.T.);
#449=ADVANCED_FACE('',(#35),#428,.T.);
#450=ADVANCED_FACE('',(#36),#429,.T.);
#451=ADVANCED_FACE('',(#37),#430,.T.);
#452=ADVANCED_FACE('',(#38),#431,.T.);
#453=ADVANCED_FACE('',(#39),#432,.T.);
#454=ADVANCED_FACE('',(#40),#433,.T.);
#455=ADVANCED_FACE('',(#41),#434,.T.);
#456=ADVANCED_FACE('',(#42),#435,.F.);
#457=ADVANCED_FACE('',(#43),#15,.F.);
#458=ADVANCED_FACE('',(#44),#16,.F.);
#459=CLOSED_SHELL('',(#436,#437,#438,#439,#440,#441,#442,#443,#444,#445,
#446,#447,#448,#449,#450,#451,#452,#453,#454,#455,#456,#457,#458));
#460=DERIVED_UNIT_ELEMENT(#462,1.);
#461=DERIVED_UNIT_ELEMENT(#4150,3.);
#462=(
MASS_UNIT()
NAMED_UNIT(*)
SI_UNIT(.KILO.,.GRAM.)
);
#463=DERIVED_UNIT((#460,#461));
#464=MEASURE_REPRESENTATION_ITEM('density measure',
POSITIVE_RATIO_MEASURE(7850.),#463);
#465=PROPERTY_DEFINITION_REPRESENTATION(#470,#467);
#466=PROPERTY_DEFINITION_REPRESENTATION(#471,#468);
#467=REPRESENTATION('material name',(#469),#4147);
#468=REPRESENTATION('density',(#464),#4147);
#469=DESCRIPTIVE_REPRESENTATION_ITEM('Steel','Steel');
#470=PROPERTY_DEFINITION('material property','material name',#4157);
#471=PROPERTY_DEFINITION('material property','density of part',#4157);
#472=AXIS2_PLACEMENT_3D('placement',#596,#494,#495);
#473=AXIS2_PLACEMENT_3D('',#597,#496,#497);
#474=AXIS2_PLACEMENT_3D('',#606,#502,#503);
#475=AXIS2_PLACEMENT_3D('',#612,#507,#508);
#476=AXIS2_PLACEMENT_3D('',#618,#512,#513);
#477=AXIS2_PLACEMENT_3D('',#624,#517,#518);
#478=AXIS2_PLACEMENT_3D('',#630,#522,#523);
#479=AXIS2_PLACEMENT_3D('',#636,#527,#528);
#480=AXIS2_PLACEMENT_3D('',#642,#532,#533);
#481=AXIS2_PLACEMENT_3D('',#648,#537,#538);
#482=AXIS2_PLACEMENT_3D('',#654,#542,#543);
#483=AXIS2_PLACEMENT_3D('',#660,#547,#548);
#484=AXIS2_PLACEMENT_3D('',#666,#552,#553);
#485=AXIS2_PLACEMENT_3D('',#672,#557,#558);
#486=AXIS2_PLACEMENT_3D('',#678,#562,#563);
#487=AXIS2_PLACEMENT_3D('',#684,#567,#568);
#488=AXIS2_PLACEMENT_3D('',#690,#572,#573);
#489=AXIS2_PLACEMENT_3D('',#696,#577,#578);
#490=AXIS2_PLACEMENT_3D('',#702,#582,#583);
#491=AXIS2_PLACEMENT_3D('',#711,#588,#589);
#492=AXIS2_PLACEMENT_3D('',#714,#592,#593);
#493=AXIS2_PLACEMENT_3D('',#728,#594,#595);
#494=DIRECTION('axis',(0.,0.,1.));
#495=DIRECTION('refdir',(1.,0.,0.));
#496=DIRECTION('center_axis',(0.,1.,0.));
#497=DIRECTION('ref_axis',(-1.,0.,0.));
#498=DIRECTION('',(1.,0.,0.));
#499=DIRECTION('',(0.,0.,1.));
#500=DIRECTION('',(-1.,0.,0.));
#501=DIRECTION('',(0.,0.,1.));
#502=DIRECTION('center_axis',(1.,0.,0.));
#503=DIRECTION('ref_axis',(0.,1.,0.));
#504=DIRECTION('',(0.,1.,0.));
#505=DIRECTION('',(0.,1.,0.));
#506=DIRECTION('',(0.,0.,1.));
#507=DIRECTION('center_axis',(0.,-1.,0.));
#508=DIRECTION('ref_axis',(1.,0.,0.));
#509=DIRECTION('',(-1.,0.,0.));
#510=DIRECTION('',(1.,0.,0.));
#511=DIRECTION('',(0.,0.,1.));
#512=DIRECTION('center_axis',(-1.,0.,0.));
#513=DIRECTION('ref_axis',(0.,-1.,0.));
#514=DIRECTION('',(0.,1.,0.));
#515=DIRECTION('',(0.,-1.,0.));
#516=DIRECTION('',(0.,0.,1.));
#517=DIRECTION('center_axis',(0.,1.,0.));
#518=DIRECTION('ref_axis',(-1.,0.,0.));
#519=DIRECTION('',(1.,0.,0.));
#520=DIRECTION('',(-1.,0.,0.));
#521=DIRECTION('',(0.,0.,1.));
#522=DIRECTION('center_axis',(-1.,0.,0.));
#523=DIRECTION('ref_axis',(0.,-1.,0.));
#524=DIRECTION('',(0.,1.,0.));
#525=DIRECTION('',(0.,-1.,0.));
#526=DIRECTION('',(0.,0.,1.));
#527=DIRECTION('center_axis',(0.,-1.,0.));
#528=DIRECTION('ref_axis',(1.,0.,0.));
#529=DIRECTION('',(-1.,0.,0.));
#530=DIRECTION('',(1.,0.,0.));
#531=DIRECTION('',(0.,0.,1.));
#532=DIRECTION('center_axis',(1.,0.,0.));
#533=DIRECTION('ref_axis',(0.,1.,0.));
#534=DIRECTION('',(0.,-1.,0.));
#535=DIRECTION('',(0.,1.,0.));
#536=DIRECTION('',(0.,0.,1.));
#537=DIRECTION('center_axis',(0.,-1.,0.));
#538=DIRECTION('ref_axis',(1.,0.,0.));
#539=DIRECTION('',(-1.,0.,0.));
#540=DIRECTION('',(1.,0.,0.));
#541=DIRECTION('',(0.,0.,1.));
#542=DIRECTION('center_axis',(-1.,0.,0.));
#543=DIRECTION('ref_axis',(0.,-1.,0.));
#544=DIRECTION('',(0.,1.,0.));
#545=DIRECTION('',(0.,-1.,0.));
#546=DIRECTION('',(0.,0.,1.));
#547=DIRECTION('center_axis',(0.,1.,0.));
#548=DIRECTION('ref_axis',(-1.,0.,0.));
#549=DIRECTION('',(1.,0.,0.));
#550=DIRECTION('',(-1.,0.,0.));
#551=DIRECTION('',(0.,0.,1.));
#552=DIRECTION('center_axis',(1.,0.,0.));
#553=DIRECTION('ref_axis',(0.,1.,0.));
#554=DIRECTION('',(0.,1.,0.));
#555=DIRECTION('',(0.,1.,0.));
#556=DIRECTION('',(0.,0.,1.));
#557=DIRECTION('center_axis',(0.,1.,0.));
#558=DIRECTION('ref_axis',(-1.,0.,0.));
#559=DIRECTION('',(1.,0.,0.));
#560=DIRECTION('',(-1.,0.,0.));
#561=DIRECTION('',(0.,0.,1.));
#562=DIRECTION('center_axis',(-1.,0.,0.));
#563=DIRECTION('ref_axis',(0.,-1.,0.));
#564=DIRECTION('',(0.,1.,0.));
#565=DIRECTION('',(0.,-1.,0.));
#566=DIRECTION('',(0.,0.,1.));
#567=DIRECTION('center_axis',(0.,1.,0.));
#568=DIRECTION('ref_axis',(-1.,0.,0.));
#569=DIRECTION('',(1.,0.,0.));
#570=DIRECTION('',(-1.,0.,0.));
#571=DIRECTION('',(0.,0.,1.));
#572=DIRECTION('center_axis',(0.743315640414544,0.668940848442608,0.));
#573=DIRECTION('ref_axis',(-0.668940848442608,0.743315640414544,0.));
#574=DIRECTION('',(0.668940848442608,-0.743315640414544,0.));
#575=DIRECTION('',(-0.668940848442608,0.743315640414544,0.));
#576=DIRECTION('',(0.,0.,1.));
#577=DIRECTION('center_axis',(0.933606068449992,0.358301142830089,0.));
#578=DIRECTION('ref_axis',(-0.358301142830089,0.933606068449992,0.));
#579=DIRECTION('',(0.358301142830089,-0.933606068449992,0.));
#580=DIRECTION('',(-0.358301142830089,0.933606068449992,0.));
#581=DIRECTION('',(0.,0.,1.));
#582=DIRECTION('center_axis',(0.999999813964121,-0.000609976821538789,0.));
#583=DIRECTION('ref_axis',(0.000609976821538789,0.999999813964121,0.));
#584=DIRECTION('',(0.000609976821538789,0.999999813964121,0.));
#585=DIRECTION('',(0.,0.,1.));
#586=DIRECTION('',(0.000609976821538789,0.999999813964121,0.));
#587=DIRECTION('',(0.,0.,1.));
#588=DIRECTION('center_axis',(1.,0.,0.));
#589=DIRECTION('ref_axis',(0.,1.,0.));
#590=DIRECTION('',(0.,1.,0.));
#591=DIRECTION('',(0.,1.,0.));
#592=DIRECTION('center_axis',(0.,0.,1.));
#593=DIRECTION('ref_axis',(1.,0.,0.));
#594=DIRECTION('center_axis',(0.,0.,1.));
#595=DIRECTION('ref_axis',(1.,0.,0.));
#596=CARTESIAN_POINT('',(0.,0.,0.));
#597=CARTESIAN_POINT('Origin',(21.1523170321243,-26.3829013791052,0.));
#598=CARTESIAN_POINT('',(16.6523475497024,-26.3829013791052,0.));
#599=CARTESIAN_POINT('',(21.1523170321243,-26.3829013791052,0.));
#600=CARTESIAN_POINT('',(16.6523475497024,-26.3829013791052,0.));
#601=CARTESIAN_POINT('',(16.6523475497024,-26.3829013791052,4.5));
#602=CARTESIAN_POINT('',(16.6523475497024,-26.3829013791052,0.));
#603=CARTESIAN_POINT('',(21.1523170321243,-26.3829013791052,4.5));
#604=CARTESIAN_POINT('',(16.6523475497024,-26.3829013791052,4.5));
#605=CARTESIAN_POINT('',(21.1523170321243,-26.3829013791052,0.));
#606=CARTESIAN_POINT('Origin',(21.1523170321243,-30.682904430863,0.));
#607=CARTESIAN_POINT('',(21.1523170321243,-30.682904430863,0.));
#608=CARTESIAN_POINT('',(21.1523170321243,-30.682904430863,0.));
#609=CARTESIAN_POINT('',(21.1523170321243,-30.682904430863,4.5));
#610=CARTESIAN_POINT('',(21.1523170321243,-30.682904430863,4.5));
#611=CARTESIAN_POINT('',(21.1523170321243,-30.682904430863,0.));
#612=CARTESIAN_POINT('Origin',(4.65237806728055,-30.682904430863,0.));
#613=CARTESIAN_POINT('',(4.65237806728055,-30.682904430863,0.));
#614=CARTESIAN_POINT('',(21.1523170321243,-30.682904430863,0.));
#615=CARTESIAN_POINT('',(4.65237806728055,-30.682904430863,4.5));
#616=CARTESIAN_POINT('',(21.1523170321243,-30.682904430863,4.5));
#617=CARTESIAN_POINT('',(4.65237806728055,-30.682904430863,0.));
#618=CARTESIAN_POINT('Origin',(4.65237806728055,-26.1829349484411,0.));
#619=CARTESIAN_POINT('',(4.65237806728055,-26.1829349484411,0.));
#620=CARTESIAN_POINT('',(4.65237806728055,-27.182919689652,0.));
#621=CARTESIAN_POINT('',(4.65237806728055,-26.1829349484411,4.5));
#622=CARTESIAN_POINT('',(4.65237806728055,-27.182919689652,4.5));
#623=CARTESIAN_POINT('',(4.65237806728055,-26.1829349484411,0.));
#624=CARTESIAN_POINT('Origin',(12.1523780672806,-26.1829349484411,0.));
#625=CARTESIAN_POINT('',(12.1523780672806,-26.1829349484411,0.));
#626=CARTESIAN_POINT('',(10.6522865145462,-26.1829349484411,0.));
#627=CARTESIAN_POINT('',(12.1523780672806,-26.1829349484411,4.5));
#628=CARTESIAN_POINT('',(10.6522865145462,-26.1829349484411,4.5));
#629=CARTESIAN_POINT('',(12.1523780672806,-26.1829349484411,0.));
#630=CARTESIAN_POINT('Origin',(12.1523780672806,-0.182950207230164,0.));
#631=CARTESIAN_POINT('',(12.1523780672806,-0.182950207230164,0.));
#632=CARTESIAN_POINT('',(12.1523780672806,-1.68288917207391,0.));
#633=CARTESIAN_POINT('',(12.1523780672806,-0.182950207230164,4.5));
#634=CARTESIAN_POINT('',(12.1523780672806,-1.68288917207391,4.5));
#635=CARTESIAN_POINT('',(12.1523780672806,-0.182950207230164,0.));
#636=CARTESIAN_POINT('Origin',(6.95218275478055,-0.182950207230164,0.));
#637=CARTESIAN_POINT('',(6.95218275478055,-0.182950207230164,0.));
#638=CARTESIAN_POINT('',(8.45227430751493,-0.182950207230164,0.));
#639=CARTESIAN_POINT('',(6.95218275478055,-0.182950207230164,4.5));
#640=CARTESIAN_POINT('',(8.45227430751493,-0.182950207230164,4.5));
#641=CARTESIAN_POINT('',(6.95218275478055,-0.182950207230164,0.));
#642=CARTESIAN_POINT('Origin',(6.95218275478055,-7.68295020723016,0.));
#643=CARTESIAN_POINT('',(6.95218275478055,-7.68295020723016,0.));
#644=CARTESIAN_POINT('',(6.95218275478055,-6.68288917207391,0.));
#645=CARTESIAN_POINT('',(6.95218275478055,-7.68295020723016,4.5));
#646=CARTESIAN_POINT('',(6.95218275478055,-6.68288917207391,4.5));
#647=CARTESIAN_POINT('',(6.95218275478055,-7.68295020723016,0.));
#648=CARTESIAN_POINT('Origin',(2.45221327235868,-7.68295020723016,0.));
#649=CARTESIAN_POINT('',(2.45221327235868,-7.68295020723016,0.));
#650=CARTESIAN_POINT('',(3.45227430751493,-7.68295020723016,0.));
#651=CARTESIAN_POINT('',(2.45221327235868,-7.68295020723016,4.5));
#652=CARTESIAN_POINT('',(3.45227430751493,-7.68295020723016,4.5));
#653=CARTESIAN_POINT('',(2.45221327235868,-7.68295020723016,0.));
#654=CARTESIAN_POINT('Origin',(2.45221327235868,4.31709556913702,0.));
#655=CARTESIAN_POINT('',(2.45221327235868,4.31709556913702,0.));
#656=CARTESIAN_POINT('',(2.45221327235868,1.81709556913702,0.));
#657=CARTESIAN_POINT('',(2.45221327235868,4.31709556913702,4.5));
#658=CARTESIAN_POINT('',(2.45221327235868,1.81709556913702,4.5));
#659=CARTESIAN_POINT('',(2.45221327235868,4.31709556913702,0.));
#660=CARTESIAN_POINT('Origin',(16.6523475497024,4.31709556913702,0.));
#661=CARTESIAN_POINT('',(16.6523475497024,4.31709556913702,0.));
#662=CARTESIAN_POINT('',(14.1523475497024,4.31709556913702,0.));
#663=CARTESIAN_POINT('',(16.6523475497024,4.31709556913702,4.5));
#664=CARTESIAN_POINT('',(14.1523475497024,4.31709556913702,4.5));
#665=CARTESIAN_POINT('',(16.6523475497024,4.31709556913702,0.));
#666=CARTESIAN_POINT('Origin',(16.6523475497024,-0.682904430862976,0.));
#667=CARTESIAN_POINT('',(16.6523475497024,-0.682904430862976,0.));
#668=CARTESIAN_POINT('',(16.6523475497024,-0.682904430862976,0.));
#669=CARTESIAN_POINT('',(16.6523475497024,-0.682904430862976,4.5));
#670=CARTESIAN_POINT('',(16.6523475497024,-0.682904430862976,4.5));
#671=CARTESIAN_POINT('',(16.6523475497024,-0.682904430862976,0.));
#672=CARTESIAN_POINT('Origin',(21.1523170321243,-0.682904430862976,0.));
#673=CARTESIAN_POINT('',(21.1523170321243,-0.682904430862976,0.));
#674=CARTESIAN_POINT('',(16.6523475497024,-0.682904430862976,0.));
#675=CARTESIAN_POINT('',(21.1523170321243,-0.682904430862976,4.5));
#676=CARTESIAN_POINT('',(16.6523475497024,-0.682904430862976,4.5));
#677=CARTESIAN_POINT('',(21.1523170321243,-0.682904430862976,0.));
#678=CARTESIAN_POINT('Origin',(21.1523170321243,3.98605614042609,0.));
#679=CARTESIAN_POINT('',(21.1523170321243,3.98605614042609,0.));
#680=CARTESIAN_POINT('',(21.1523170321243,3.31711082792609,0.));
#681=CARTESIAN_POINT('',(21.1523170321243,3.98605614042609,4.5));
#682=CARTESIAN_POINT('',(21.1523170321243,3.31711082792609,4.5));
#683=CARTESIAN_POINT('',(21.1523170321243,3.98605614042609,0.));
#684=CARTESIAN_POINT('Origin',(22.8956336825149,3.98605614042609,0.));
#685=CARTESIAN_POINT('',(22.8956336825149,3.98605614042609,0.));
#686=CARTESIAN_POINT('',(21.1523170321243,3.98605614042609,0.));
#687=CARTESIAN_POINT('',(22.8956336825149,3.98605614042609,4.5));
#688=CARTESIAN_POINT('',(21.1523170321243,3.98605614042609,4.5));
#689=CARTESIAN_POINT('',(22.8956336825149,3.98605614042609,0.));
#690=CARTESIAN_POINT('Origin',(25.1388282625931,1.4934566531214,0.));
#691=CARTESIAN_POINT('',(25.1388282625931,1.4934566531214,0.));
#692=CARTESIAN_POINT('',(22.8956336825149,3.98605614042609,0.));
#693=CARTESIAN_POINT('',(25.1388282625931,1.4934566531214,4.5));
#694=CARTESIAN_POINT('',(22.8956336825149,3.98605614042609,4.5));
#695=CARTESIAN_POINT('',(25.1388282625931,1.4934566531214,0.));
#696=CARTESIAN_POINT('Origin',(25.6522865145462,0.155566028121399,0.));
#697=CARTESIAN_POINT('',(25.6522865145462,0.155566028121399,0.));
#698=CARTESIAN_POINT('',(25.1388282625931,1.4934566531214,0.));
#699=CARTESIAN_POINT('',(25.6522865145462,0.155566028121399,4.5));
#700=CARTESIAN_POINT('',(25.1388282625931,1.4934566531214,4.5));
#701=CARTESIAN_POINT('',(25.6522865145462,0.155566028121399,0.));
#702=CARTESIAN_POINT('Origin',(16.6523475497024,-5.08292884492548,0.));
#703=CARTESIAN_POINT('',(16.6523475497024,-5.08292884492548,0.));
#704=CARTESIAN_POINT('',(16.6523505262876,-5.07804901264413,0.));
#705=CARTESIAN_POINT('',(16.6523475497024,-5.08292884492548,0.));
#706=CARTESIAN_POINT('',(16.6523505262876,-5.07804901264413,4.5));
#707=CARTESIAN_POINT('',(16.6523505262876,-5.07804901264413,0.));
#708=CARTESIAN_POINT('',(16.6523475497024,-5.08292884492548,4.5));
#709=CARTESIAN_POINT('',(16.6523475497024,-5.08292884492548,4.5));
#710=CARTESIAN_POINT('',(16.6523475497024,-5.08292884492548,0.));
#711=CARTESIAN_POINT('Origin',(16.6523475497024,-26.3829013791052,0.));
#712=CARTESIAN_POINT('',(16.6523475497024,-26.3829013791052,0.));
#713=CARTESIAN_POINT('',(16.6523475497024,-26.3829013791052,4.5));
#714=CARTESIAN_POINT('Origin',(14.0535347698046,-13.182904430863,4.5));
#715=CARTESIAN_POINT('',(25.6548562672506,-5.08048743867548,4.5));
#716=CARTESIAN_POINT('Ctrl Pts',(16.6523505262876,-5.07804901264413,4.5));
#717=CARTESIAN_POINT('Ctrl Pts',(17.0507658932156,-5.07828788940006,4.5));
#718=CARTESIAN_POINT('Ctrl Pts',(18.4298080510694,-5.0791332309656,4.49999999999999));
#719=CARTESIAN_POINT('Ctrl Pts',(23.6629465545615,-5.08232531514767,4.49999999999999));
#720=CARTESIAN_POINT('Ctrl Pts',(24.6589014207104,-5.08019199637558,4.5));
#721=CARTESIAN_POINT('Ctrl Pts',(25.6548562672506,-5.08048743867548,4.5));
#722=CARTESIAN_POINT('Ctrl Pts',(25.6548562672505,-5.08048743866658,4.5));
#723=CARTESIAN_POINT('Ctrl Pts',(25.65326681211,-4.43953611948963,4.5));
#724=CARTESIAN_POINT('Ctrl Pts',(25.6522879522224,-3.79858257587294,4.5));
#725=CARTESIAN_POINT('Ctrl Pts',(25.6522860750108,-2.96166663115153,4.5));
#726=CARTESIAN_POINT('Ctrl Pts',(25.6522910505047,-0.137557998145144,4.5));
#727=CARTESIAN_POINT('Ctrl Pts',(25.6522865145462,0.155566028121399,4.5));
#728=CARTESIAN_POINT('Origin',(14.0535347698046,-13.182904430863,0.));
#729=CARTESIAN_POINT('',(25.6548562672506,-5.08048743867548,0.));
#730=CARTESIAN_POINT('Ctrl Pts',(25.6548562672505,-5.08048743866658,-1.8331903246596E-17));
#731=CARTESIAN_POINT('Ctrl Pts',(25.6532668121376,-4.43953613068612,-1.8331903246596E-17));
#732=CARTESIAN_POINT('Ctrl Pts',(25.6522879522267,-3.79858259826601,8.80529765963684E-17));
#733=CARTESIAN_POINT('Ctrl Pts',(25.6522860750143,-2.96166877787713,8.80529765963678E-17));
#734=CARTESIAN_POINT('Ctrl Pts',(25.6522910513458,-0.137612374945254,6.9388939039075E-17));
#735=CARTESIAN_POINT('Ctrl Pts',(25.6522865145462,0.155566028121399,6.9388939039075E-17));
#736=CARTESIAN_POINT('Ctrl Pts',(25.6548562672506,-5.08048743867547,-3.46944695195197E-17));
#737=CARTESIAN_POINT('Ctrl Pts',(24.9323782391927,-5.08027312115821,-3.46944695195197E-17));
#738=CARTESIAN_POINT('Ctrl Pts',(24.2099007195601,-5.08263100186343,3.18454825773737E-16));
#739=CARTESIAN_POINT('Ctrl Pts',(23.0968903649568,-5.08199385755689,3.18454825773737E-16));
#740=CARTESIAN_POINT('Ctrl Pts',(17.1210884421263,-5.0783300524886,9.54098446283175E-17));
#741=CARTESIAN_POINT('Ctrl Pts',(16.6523505271233,-5.07804901264463,9.54098446283175E-17));
#742=CARTESIAN_POINT('Ctrl Pts',(25.6522858919392,0.176510246046581,-0.0180000000000022));
#743=CARTESIAN_POINT('Ctrl Pts',(25.652285942446,0.176510246067806,-0.014400000000002));
#744=CARTESIAN_POINT('Ctrl Pts',(25.6522859891755,0.176510246087443,-0.0108000000000019));
#745=CARTESIAN_POINT('Ctrl Pts',(25.6522860321353,0.176510246105496,-0.00720000000000173));
#746=CARTESIAN_POINT('Ctrl Pts',(25.6522866500401,0.176510246365162,0.0494999999999985));
#747=CARTESIAN_POINT('Ctrl Pts',(25.6522863630165,0.176510246244543,0.106199999999999));
#748=CARTESIAN_POINT('Ctrl Pts',(25.6522859554545,0.176510246073269,0.1593));
#749=CARTESIAN_POINT('Ctrl Pts',(25.6522860651217,0.176510246119355,0.269100000000001));
#750=CARTESIAN_POINT('Ctrl Pts',(25.6522860525989,0.176510246114095,0.3789));
#751=CARTESIAN_POINT('Ctrl Pts',(25.6522859433346,0.176510246068177,0.4356));
#752=CARTESIAN_POINT('Ctrl Pts',(25.6522859616886,0.176510246075887,0.605700000000001));
#753=CARTESIAN_POINT('Ctrl Pts',(25.6522859443746,0.17651024606862,0.775799999999995));
#754=CARTESIAN_POINT('Ctrl Pts',(25.6522859621476,0.176510246076082,0.889199999999999));
#755=CARTESIAN_POINT('Ctrl Pts',(25.6522860087494,0.17651024609567,1.116));
#756=CARTESIAN_POINT('Ctrl Pts',(25.6522860593098,0.176510246116913,1.3428));
#757=CARTESIAN_POINT('Ctrl Pts',(25.6522860857969,0.176510246128049,1.4562));
#758=CARTESIAN_POINT('Ctrl Pts',(25.6522861308693,0.176510246146989,1.683));
#759=CARTESIAN_POINT('Ctrl Pts',(25.6522861620443,0.176510246160083,1.9098));
#760=CARTESIAN_POINT('Ctrl Pts',(25.6522861729777,0.176510246164684,2.0232));
#761=CARTESIAN_POINT('Ctrl Pts',(25.6522861825915,0.176510246168722,2.25));
#762=CARTESIAN_POINT('Ctrl Pts',(25.6522861729778,0.17651024616468,2.4768));
#763=CARTESIAN_POINT('Ctrl Pts',(25.6522861620442,0.176510246160086,2.5902));
#764=CARTESIAN_POINT('Ctrl Pts',(25.6522861308693,0.176510246146988,2.817));
#765=CARTESIAN_POINT('Ctrl Pts',(25.6522860857969,0.176510246128048,3.0438));
#766=CARTESIAN_POINT('Ctrl Pts',(25.6522860593098,0.176510246116917,3.15719999999999));
#767=CARTESIAN_POINT('Ctrl Pts',(25.6522860213895,0.176510246100978,3.3273));
#768=CARTESIAN_POINT('Ctrl Pts',(25.652285985696,0.17651024608598,3.4974));
#769=CARTESIAN_POINT('Ctrl Pts',(25.6522859761291,0.17651024608196,3.5541));
#770=CARTESIAN_POINT('Ctrl Pts',(25.6522859590794,0.176510246074791,3.6675));
#771=CARTESIAN_POINT('Ctrl Pts',(25.6522859435177,0.176510246068254,3.7809));
#772=CARTESIAN_POINT('Ctrl Pts',(25.6522859519542,0.176510246071801,3.8376));
#773=CARTESIAN_POINT('Ctrl Pts',(25.6522859572641,0.176510246074031,4.0041));
#774=CARTESIAN_POINT('Ctrl Pts',(25.6522859283996,0.176510246061903,4.1706));
#775=CARTESIAN_POINT('Ctrl Pts',(25.6522848840408,0.176510245623017,4.28040000000001));
#776=CARTESIAN_POINT('Ctrl Pts',(25.652287267945,0.176510246624829,4.3938));
#777=CARTESIAN_POINT('Ctrl Pts',(25.6522860321352,0.176510246105497,4.5072));
#778=CARTESIAN_POINT('Ctrl Pts',(25.6522859891755,0.176510246087443,4.5108));
#779=CARTESIAN_POINT('Ctrl Pts',(25.652285942446,0.176510246067806,4.5144));
#780=CARTESIAN_POINT('Ctrl Pts',(25.6522858919392,0.176510246046581,4.518));
#781=CARTESIAN_POINT('Ctrl Pts',(25.6522859945322,0.172321402452329,-0.0180000000000021));
#782=CARTESIAN_POINT('Ctrl Pts',(25.6522860441798,0.172321402473193,-0.0144000000000019));
#783=CARTESIAN_POINT('Ctrl Pts',(25.6522860900814,0.172321402492483,-0.0108000000000018));
#784=CARTESIAN_POINT('Ctrl Pts',(25.6522861322446,0.172321402510201,-0.00720000000000164));
#785=CARTESIAN_POINT('Ctrl Pts',(25.6522867381025,0.172321402764805,0.0494999999999985));
#786=CARTESIAN_POINT('Ctrl Pts',(25.6522864469412,0.172321402642446,0.106199999999999));
#787=CARTESIAN_POINT('Ctrl Pts',(25.6522860456249,0.172321402473797,0.1593));
#788=CARTESIAN_POINT('Ctrl Pts',(25.652286170956,0.172321402526466,0.269100000000001));
#789=CARTESIAN_POINT('Ctrl Pts',(25.6522861670274,0.172321402524817,0.3789));
#790=CARTESIAN_POINT('Ctrl Pts',(25.6522860599051,0.172321402479799,0.435600000000001));
#791=CARTESIAN_POINT('Ctrl Pts',(25.6522860846716,0.172321402490204,0.605700000000001));
#792=CARTESIAN_POINT('Ctrl Pts',(25.652286064483,0.172321402481729,0.775799999999995));
#793=CARTESIAN_POINT('Ctrl Pts',(25.6522860791949,0.172321402487905,0.889199999999999));
#794=CARTESIAN_POINT('Ctrl Pts',(25.6522861171879,0.172321402503876,1.116));
#795=CARTESIAN_POINT('Ctrl Pts',(25.6522861573985,0.172321402520769,1.3428));
#796=CARTESIAN_POINT('Ctrl Pts',(25.6522861789199,0.172321402529818,1.4562));
#797=CARTESIAN_POINT('Ctrl Pts',(25.6522862150125,0.172321402544985,1.683));
#798=CARTESIAN_POINT('Ctrl Pts',(25.6522862401471,0.17232140255554,1.9098));
#799=CARTESIAN_POINT('Ctrl Pts',(25.6522862490102,0.172321402559271,2.0232));
#800=CARTESIAN_POINT('Ctrl Pts',(25.6522862565191,0.172321402562424,2.25));
#801=CARTESIAN_POINT('Ctrl Pts',(25.6522862490103,0.172321402559267,2.4768));
#802=CARTESIAN_POINT('Ctrl Pts',(25.652286240147,0.172321402555543,2.5902));
#803=CARTESIAN_POINT('Ctrl Pts',(25.6522862150126,0.172321402544983,2.817));
#804=CARTESIAN_POINT('Ctrl Pts',(25.6522861789199,0.172321402529817,3.0438));
#805=CARTESIAN_POINT('Ctrl Pts',(25.6522861573984,0.172321402520772,3.15719999999999));
#806=CARTESIAN_POINT('Ctrl Pts',(25.6522861272406,0.172321402508096,3.3273));
#807=CARTESIAN_POINT('Ctrl Pts',(25.65228609833,0.172321402495949,3.4974));
#808=CARTESIAN_POINT('Ctrl Pts',(25.652286090851,0.172321402492806,3.5541));
#809=CARTESIAN_POINT('Ctrl Pts',(25.6522860774686,0.172321402487178,3.6675));
#810=CARTESIAN_POINT('Ctrl Pts',(25.6522860639156,0.172321402481485,3.7809));
#811=CARTESIAN_POINT('Ctrl Pts',(25.652286072947,0.172321402485282,3.8376));
#812=CARTESIAN_POINT('Ctrl Pts',(25.6522860780404,0.172321402487421,4.0041));
#813=CARTESIAN_POINT('Ctrl Pts',(25.6522860400615,0.172321402471463,4.1706));
#814=CARTESIAN_POINT('Ctrl Pts',(25.6522849675993,0.172321402020767,4.28040000000001));
#815=CARTESIAN_POINT('Ctrl Pts',(25.6522873439604,0.172321403019408,4.3938));
#816=CARTESIAN_POINT('Ctrl Pts',(25.6522861322446,0.172321402510202,4.5072));
#817=CARTESIAN_POINT('Ctrl Pts',(25.6522860900814,0.172321402492483,4.5108));
#818=CARTESIAN_POINT('Ctrl Pts',(25.6522860441798,0.172321402473194,4.5144));
#819=CARTESIAN_POINT('Ctrl Pts',(25.6522859945321,0.17232140245233,4.518));
#820=CARTESIAN_POINT('Ctrl Pts',(25.6522860883579,0.168132558854393,-0.018000000000002));
#821=CARTESIAN_POINT('Ctrl Pts',(25.652286137147,0.168132558874896,-0.0144000000000018));
#822=CARTESIAN_POINT('Ctrl Pts',(25.6522861822274,0.168132558893841,-0.0108000000000017));
#823=CARTESIAN_POINT('Ctrl Pts',(25.6522862236074,0.16813255891123,-0.00720000000000154));
#824=CARTESIAN_POINT('Ctrl Pts',(25.6522868177297,0.168132559160901,0.0494999999999986));
#825=CARTESIAN_POINT('Ctrl Pts',(25.6522865243444,0.168132559037609,0.106199999999999));
#826=CARTESIAN_POINT('Ctrl Pts',(25.6522861308242,0.168132558872236,0.1593));
#827=CARTESIAN_POINT('Ctrl Pts',(25.6522862722915,0.168132558931686,0.269100000000001));
#828=CARTESIAN_POINT('Ctrl Pts',(25.6522862774401,0.168132558933852,0.3789));
#829=CARTESIAN_POINT('Ctrl Pts',(25.6522861727841,0.168132558889871,0.435600000000001));
#830=CARTESIAN_POINT('Ctrl Pts',(25.6522862040947,0.168132558903026,0.605700000000001));
#831=CARTESIAN_POINT('Ctrl Pts',(25.6522861811904,0.168132558893409,0.775799999999995));
#832=CARTESIAN_POINT('Ctrl Pts',(25.6522861927868,0.168132558898275,0.889199999999999));
#833=CARTESIAN_POINT('Ctrl Pts',(25.6522862221028,0.1681325589106,1.116));
#834=CARTESIAN_POINT('Ctrl Pts',(25.652286251877,0.168132558923108,1.3428));
#835=CARTESIAN_POINT('Ctrl Pts',(25.652286268382,0.168132558930049,1.4562));
#836=CARTESIAN_POINT('Ctrl Pts',(25.6522862954163,0.168132558941408,1.683));
#837=CARTESIAN_POINT('Ctrl Pts',(25.6522863144533,0.168132558949401,1.9098));
#838=CARTESIAN_POINT('Ctrl Pts',(25.6522863212254,0.168132558952254,2.0232));
#839=CARTESIAN_POINT('Ctrl Pts',(25.652286326616,0.168132558954517,2.25));
#840=CARTESIAN_POINT('Ctrl Pts',(25.6522863212255,0.16813255895225,2.4768));
#841=CARTESIAN_POINT('Ctrl Pts',(25.6522863144532,0.168132558949404,2.5902));
#842=CARTESIAN_POINT('Ctrl Pts',(25.6522862954163,0.168132558941407,2.817));
#843=CARTESIAN_POINT('Ctrl Pts',(25.652286268382,0.168132558930048,3.0438));
#844=CARTESIAN_POINT('Ctrl Pts',(25.6522862518769,0.168132558923111,3.15719999999999));
#845=CARTESIAN_POINT('Ctrl Pts',(25.6522862295464,0.168132558913724,3.3273));
#846=CARTESIAN_POINT('Ctrl Pts',(25.6522862074734,0.16813255890445,3.4974));
#847=CARTESIAN_POINT('Ctrl Pts',(25.6522862020955,0.16813255890219,3.5541));
#848=CARTESIAN_POINT('Ctrl Pts',(25.652286192391,0.168132558898108,3.6675));
#849=CARTESIAN_POINT('Ctrl Pts',(25.6522861808463,0.168132558893259,3.7809));
#850=CARTESIAN_POINT('Ctrl Pts',(25.6522861904361,0.168132558897291,3.8376));
#851=CARTESIAN_POINT('Ctrl Pts',(25.6522861951664,0.168132558899277,4.0041));
#852=CARTESIAN_POINT('Ctrl Pts',(25.6522861479524,0.168132558879438,4.1706));
#853=CARTESIAN_POINT('Ctrl Pts',(25.6522850500659,0.168132558418058,4.28040000000001));
#854=CARTESIAN_POINT('Ctrl Pts',(25.6522874118523,0.168132559410574,4.3938));
#855=CARTESIAN_POINT('Ctrl Pts',(25.6522862236074,0.168132558911231,4.5072));
#856=CARTESIAN_POINT('Ctrl Pts',(25.6522861822274,0.168132558893841,4.5108));
#857=CARTESIAN_POINT('Ctrl Pts',(25.652286137147,0.168132558874897,4.5144));
#858=CARTESIAN_POINT('Ctrl Pts',(25.6522860883579,0.168132558854394,4.518));
#859=CARTESIAN_POINT('Ctrl Pts',(25.6522861735271,0.16394371525282,-0.018000000000002));
#860=CARTESIAN_POINT('Ctrl Pts',(25.6522862214582,0.163943715272962,-0.0144000000000019));
#861=CARTESIAN_POINT('Ctrl Pts',(25.6522862657244,0.163943715291564,-0.0108000000000017));
#862=CARTESIAN_POINT('Ctrl Pts',(25.6522863063347,0.16394371530863,-0.00720000000000157));
#863=CARTESIAN_POINT('Ctrl Pts',(25.6522868890425,0.163943715553505,0.0494999999999986));
#864=CARTESIAN_POINT('Ctrl Pts',(25.6522865954155,0.163943715430111,0.106199999999999));
#865=CARTESIAN_POINT('Ctrl Pts',(25.6522862112335,0.163943715268662,0.1593));
#866=CARTESIAN_POINT('Ctrl Pts',(25.6522863692029,0.163943715335047,0.269100000000001));
#867=CARTESIAN_POINT('Ctrl Pts',(25.652286383897,0.163943715341224,0.3789));
#868=CARTESIAN_POINT('Ctrl Pts',(25.6522862820297,0.163943715298415,0.435600000000001));
#869=CARTESIAN_POINT('Ctrl Pts',(25.6522863199798,0.16394371531436,0.605700000000001));
#870=CARTESIAN_POINT('Ctrl Pts',(25.6522862945268,0.163943715303673,0.775799999999994));
#871=CARTESIAN_POINT('Ctrl Pts',(25.6522863029417,0.163943715307202,0.889199999999999));
#872=CARTESIAN_POINT('Ctrl Pts',(25.6522863235062,0.163943715315849,1.116));
#873=CARTESIAN_POINT('Ctrl Pts',(25.6522863427555,0.163943715323933,1.3428));
#874=CARTESIAN_POINT('Ctrl Pts',(25.6522863541917,0.163943715328745,1.4562));
#875=CARTESIAN_POINT('Ctrl Pts',(25.6522863720878,0.163943715336264,1.683));
#876=CARTESIAN_POINT('Ctrl Pts',(25.6522863849693,0.16394371534167,1.9098));
#877=CARTESIAN_POINT('Ctrl Pts',(25.6522863896293,0.163943715343635,2.0232));
#878=CARTESIAN_POINT('Ctrl Pts',(25.6522863928887,0.163943715345002,2.25));
#879=CARTESIAN_POINT('Ctrl Pts',(25.6522863896294,0.163943715343631,2.4768));
#880=CARTESIAN_POINT('Ctrl Pts',(25.6522863849692,0.163943715341673,2.5902));
#881=CARTESIAN_POINT('Ctrl Pts',(25.6522863720879,0.163943715336263,2.817));
#882=CARTESIAN_POINT('Ctrl Pts',(25.6522863541917,0.163943715328743,3.0438));
#883=CARTESIAN_POINT('Ctrl Pts',(25.6522863427554,0.163943715323937,3.15719999999999));
#884=CARTESIAN_POINT('Ctrl Pts',(25.6522863283186,0.163943715317867,3.3273));
#885=CARTESIAN_POINT('Ctrl Pts',(25.6522863131418,0.163943715311491,3.4974));
#886=CARTESIAN_POINT('Ctrl Pts',(25.6522863098799,0.16394371531012,3.5541));
#887=CARTESIAN_POINT('Ctrl Pts',(25.6522863038663,0.16394371530759,3.6675));
#888=CARTESIAN_POINT('Ctrl Pts',(25.6522862943364,0.163943715303587,3.7809));
#889=CARTESIAN_POINT('Ctrl Pts',(25.6522863044507,0.16394371530784,3.8376));
#890=CARTESIAN_POINT('Ctrl Pts',(25.6522863086779,0.163943715309614,4.0041));
#891=CARTESIAN_POINT('Ctrl Pts',(25.6522862521574,0.163943715285864,4.1706));
#892=CARTESIAN_POINT('Ctrl Pts',(25.6522851318271,0.163943714815052,4.28040000000001));
#893=CARTESIAN_POINT('Ctrl Pts',(25.6522874717502,0.163943715798381,4.3938));
#894=CARTESIAN_POINT('Ctrl Pts',(25.6522863063347,0.163943715308631,4.5072));
#895=CARTESIAN_POINT('Ctrl Pts',(25.6522862657244,0.163943715291565,4.5108));
#896=CARTESIAN_POINT('Ctrl Pts',(25.6522862214581,0.163943715272963,4.5144));
#897=CARTESIAN_POINT('Ctrl Pts',(25.6522861735271,0.163943715252821,4.518));
#898=CARTESIAN_POINT('Ctrl Pts',(25.6522885897532,0.0319951416912179,-0.017999999999999));
#899=CARTESIAN_POINT('Ctrl Pts',(25.6522886106752,0.031995141700009,-0.0143999999999988));
#900=CARTESIAN_POINT('Ctrl Pts',(25.6522886295196,0.0319951417079291,-0.0107999999999987));
#901=CARTESIAN_POINT('Ctrl Pts',(25.6522886463237,0.0319951417149901,-0.0071999999999985));
#902=CARTESIAN_POINT('Ctrl Pts',(25.6522888797545,0.0319951418130858,0.0495000000000012));
#903=CARTESIAN_POINT('Ctrl Pts',(25.6522886417217,0.0319951417130536,0.106200000000002));
#904=CARTESIAN_POINT('Ctrl Pts',(25.6522885991511,0.0319951416951654,0.159300000000002));
#905=CARTESIAN_POINT('Ctrl Pts',(25.6522892853544,0.0319951419835359,0.269100000000004));
#906=CARTESIAN_POINT('Ctrl Pts',(25.6522896147223,0.0319951421219519,0.378900000000001));
#907=CARTESIAN_POINT('Ctrl Pts',(25.6522896106481,0.0319951421202383,0.435600000000002));
#908=CARTESIAN_POINT('Ctrl Pts',(25.6522898597339,0.0319951422249183,0.605699999999997));
#909=CARTESIAN_POINT('Ctrl Pts',(25.6522897593118,0.0319951421827202,0.775799999999996));
#910=CARTESIAN_POINT('Ctrl Pts',(25.6522896651685,0.0319951421431516,0.889200000000002));
#911=CARTESIAN_POINT('Ctrl Pts',(25.6522894075279,0.0319951420348847,1.116));
#912=CARTESIAN_POINT('Ctrl Pts',(25.6522890923866,0.0319951419024457,1.3428));
#913=CARTESIAN_POINT('Ctrl Pts',(25.6522889424632,0.0319951418394479,1.4562));
#914=CARTESIAN_POINT('Ctrl Pts',(25.6522886699644,0.0319951417249331,1.683));
#915=CARTESIAN_POINT('Ctrl Pts',(25.6522884870826,0.0319951416480723,1.9098));
#916=CARTESIAN_POINT('Ctrl Pts',(25.6522884245363,0.0319951416217951,2.02320000000001));
#917=CARTESIAN_POINT('Ctrl Pts',(25.6522883602692,0.0319951415947836,2.25));
#918=CARTESIAN_POINT('Ctrl Pts',(25.6522884245364,0.0319951416217908,2.4768));
#919=CARTESIAN_POINT('Ctrl Pts',(25.6522884870825,0.0319951416480744,2.5902));
#920=CARTESIAN_POINT('Ctrl Pts',(25.6522886699647,0.031995141724932,2.81700000000001));
#921=CARTESIAN_POINT('Ctrl Pts',(25.652288942463,0.0319951418394468,3.04380000000001));
#922=CARTESIAN_POINT('Ctrl Pts',(25.6522890923864,0.03199514190245,3.15719999999999));
#923=CARTESIAN_POINT('Ctrl Pts',(25.6522893287425,0.0319951420017739,3.3273));
#924=CARTESIAN_POINT('Ctrl Pts',(25.6522895327546,0.03199514208751,3.49740000000001));
#925=CARTESIAN_POINT('Ctrl Pts',(25.6522895966663,0.0319951421143663,3.55410000000001));
#926=CARTESIAN_POINT('Ctrl Pts',(25.6522897074224,0.0319951421609075,3.66749999999998));
#927=CARTESIAN_POINT('Ctrl Pts',(25.6522897617475,0.0319951421837388,3.78090000000001));
#928=CARTESIAN_POINT('Ctrl Pts',(25.6522897874256,0.031995142194532,3.83760000000001));
#929=CARTESIAN_POINT('Ctrl Pts',(25.6522897716857,0.0319951421879178,4.00410000000002));
#930=CARTESIAN_POINT('Ctrl Pts',(25.6522894210748,0.0319951420405775,4.1706));
#931=CARTESIAN_POINT('Ctrl Pts',(25.6522876941874,0.0319951413148665,4.28040000000002));
#932=CARTESIAN_POINT('Ctrl Pts',(25.6522891131881,0.0319951419111887,4.3938));
#933=CARTESIAN_POINT('Ctrl Pts',(25.6522886463237,0.0319951417149967,4.50720000000001));
#934=CARTESIAN_POINT('Ctrl Pts',(25.6522886295198,0.0319951417079356,4.5108));
#935=CARTESIAN_POINT('Ctrl Pts',(25.6522886106752,0.0319951417000156,4.51440000000001));
#936=CARTESIAN_POINT('Ctrl Pts',(25.6522885897535,0.0319951416912245,4.51800000000001));
#937=CARTESIAN_POINT('Ctrl Pts',(25.6522828892182,-0.0999534352813617,-0.0179999999999957));
#938=CARTESIAN_POINT('Ctrl Pts',(25.6522828843503,-0.0999534352834075,-0.0143999999999955));
#939=CARTESIAN_POINT('Ctrl Pts',(25.6522828853111,-0.0999534352830039,-0.0107999999999953));
#940=CARTESIAN_POINT('Ctrl Pts',(25.6522828923897,-0.0999534352800292,-0.00719999999999514));
#941=CARTESIAN_POINT('Ctrl Pts',(25.6522831028796,-0.099953435191575,0.0495000000000054));
#942=CARTESIAN_POINT('Ctrl Pts',(25.6522848780321,-0.0999534344455838,0.106200000000005));
#943=CARTESIAN_POINT('Ctrl Pts',(25.6522866066656,-0.0999534337191413,0.159300000000004));
#944=CARTESIAN_POINT('Ctrl Pts',(25.6522880046426,-0.0999534331316539,0.269100000000002));
#945=CARTESIAN_POINT('Ctrl Pts',(25.6522890530636,-0.0999534326910678,0.378900000000003));
#946=CARTESIAN_POINT('Ctrl Pts',(25.6522894486769,-0.0999534325248151,0.435600000000002));
#947=CARTESIAN_POINT('Ctrl Pts',(25.6522899458686,-0.0999534323158705,0.605699999999999));
#948=CARTESIAN_POINT('Ctrl Pts',(25.652289931341,-0.0999534323219841,0.775800000000006));
#949=CARTESIAN_POINT('Ctrl Pts',(25.652289656399,-0.0999534324375191,0.889200000000001));
#950=CARTESIAN_POINT('Ctrl Pts',(25.6522890356569,-0.099953432698383,1.116));
#951=CARTESIAN_POINT('Ctrl Pts',(25.6522882938064,-0.099953433010128,1.34279999999999));
#952=CARTESIAN_POINT('Ctrl Pts',(25.6522879283009,-0.0999534331637328,1.4562));
#953=CARTESIAN_POINT('Ctrl Pts',(25.6522872840296,-0.0999534334344822,1.683));
#954=CARTESIAN_POINT('Ctrl Pts',(25.6522868462661,-0.0999534336184394,1.9098));
#955=CARTESIAN_POINT('Ctrl Pts',(25.6522866950299,-0.0999534336820058,2.0232));
#956=CARTESIAN_POINT('Ctrl Pts',(25.652286550616,-0.0999534337426887,2.25));
#957=CARTESIAN_POINT('Ctrl Pts',(25.6522866950297,-0.0999534336819959,2.4768));
#958=CARTESIAN_POINT('Ctrl Pts',(25.6522868462662,-0.0999534336184486,2.5902));
#959=CARTESIAN_POINT('Ctrl Pts',(25.6522872840295,-0.0999534334344784,2.817));
#960=CARTESIAN_POINT('Ctrl Pts',(25.6522879283009,-0.0999534331637285,3.0438));
#961=CARTESIAN_POINT('Ctrl Pts',(25.6522882938066,-0.0999534330101328,3.15720000000001));
#962=CARTESIAN_POINT('Ctrl Pts',(25.6522888501943,-0.0999534327763141,3.3273));
#963=CARTESIAN_POINT('Ctrl Pts',(25.6522893384588,-0.0999534325711295,3.4974));
#964=CARTESIAN_POINT('Ctrl Pts',(25.6522894872145,-0.0999534325086179,3.5541));
#965=CARTESIAN_POINT('Ctrl Pts',(25.6522897339869,-0.0999534324049105,3.6675));
#966=CARTESIAN_POINT('Ctrl Pts',(25.652289869735,-0.0999534323478668,3.7809));
#967=CARTESIAN_POINT('Ctrl Pts',(25.6522898841685,-0.0999534323418023,3.8376));
#968=CARTESIAN_POINT('Ctrl Pts',(25.6522897314255,-0.0999534324059864,4.0041));
#969=CARTESIAN_POINT('Ctrl Pts',(25.6522890883941,-0.0999534326762202,4.1706));
#970=CARTESIAN_POINT('Ctrl Pts',(25.652289993,-0.0999534322960695,4.2804));
#971=CARTESIAN_POINT('Ctrl Pts',(25.6522833133696,-0.0999534351031074,4.3938));
#972=CARTESIAN_POINT('Ctrl Pts',(25.6522828923899,-0.0999534352800179,4.5072));
#973=CARTESIAN_POINT('Ctrl Pts',(25.6522828853113,-0.0999534352829926,4.5108));
#974=CARTESIAN_POINT('Ctrl Pts',(25.6522828843506,-0.0999534352833963,4.5144));
#975=CARTESIAN_POINT('Ctrl Pts',(25.6522828892184,-0.0999534352813506,4.518));
#976=CARTESIAN_POINT('Ctrl Pts',(25.6522864963183,-0.227713164705124,-0.0180000000000012));
#977=CARTESIAN_POINT('Ctrl Pts',(25.6522864997288,-0.227713164703691,-0.014400000000001));
#978=CARTESIAN_POINT('Ctrl Pts',(25.652286503311,-0.227713164702186,-0.0108000000000009));
#979=CARTESIAN_POINT('Ctrl Pts',(25.6522865070753,-0.227713164700604,-0.00720000000000074));
#980=CARTESIAN_POINT('Ctrl Pts',(25.6522865693939,-0.227713164674416,0.0494999999999995));
#981=CARTESIAN_POINT('Ctrl Pts',(25.6522866821952,-0.227713164627014,0.1062));
#982=CARTESIAN_POINT('Ctrl Pts',(25.6522868929601,-0.227713164538443,0.159300000000001));
#983=CARTESIAN_POINT('Ctrl Pts',(25.652287350353,-0.22771316434623,0.269100000000002));
#984=CARTESIAN_POINT('Ctrl Pts',(25.6522877279388,-0.227713164187555,0.378900000000002));
#985=CARTESIAN_POINT('Ctrl Pts',(25.6522878617203,-0.227713164131335,0.435600000000002));
#986=CARTESIAN_POINT('Ctrl Pts',(25.6522880528162,-0.22771316405103,0.605700000000002));
#987=CARTESIAN_POINT('Ctrl Pts',(25.6522876487044,-0.227713164220853,0.775800000000002));
#988=CARTESIAN_POINT('Ctrl Pts',(25.6522871577307,-0.227713164427179,0.889200000000002));
#989=CARTESIAN_POINT('Ctrl Pts',(25.6522859904592,-0.227713164917711,1.116));
#990=CARTESIAN_POINT('Ctrl Pts',(25.6522846803448,-0.22771316546827,1.3428));
#991=CARTESIAN_POINT('Ctrl Pts',(25.6522840554308,-0.227713165730883,1.4562));
#992=CARTESIAN_POINT('Ctrl Pts',(25.6522829435107,-0.227713166198155,1.683));
#993=CARTESIAN_POINT('Ctrl Pts',(25.6522822036444,-0.227713166509076,1.9098));
#994=CARTESIAN_POINT('Ctrl Pts',(25.6522819505732,-0.227713166615426,2.0232));
#995=CARTESIAN_POINT('Ctrl Pts',(25.6522816973435,-0.227713166721843,2.25));
#996=CARTESIAN_POINT('Ctrl Pts',(25.6522819505733,-0.227713166615426,2.4768));
#997=CARTESIAN_POINT('Ctrl Pts',(25.6522822036444,-0.227713166509075,2.5902));
#998=CARTESIAN_POINT('Ctrl Pts',(25.6522829435107,-0.227713166198154,2.817));
#999=CARTESIAN_POINT('Ctrl Pts',(25.6522840554309,-0.227713165730881,3.0438));
#1000=CARTESIAN_POINT('Ctrl Pts',(25.6522846803449,-0.227713165468269,3.1572));
#1001=CARTESIAN_POINT('Ctrl Pts',(25.6522856629306,-0.227713165055349,3.3273));
#1002=CARTESIAN_POINT('Ctrl Pts',(25.6522865651673,-0.227713164676194,3.4974));
#1003=CARTESIAN_POINT('Ctrl Pts',(25.6522868488054,-0.227713164556999,3.5541));
#1004=CARTESIAN_POINT('Ctrl Pts',(25.6522873616763,-0.227713164341471,3.6675));
#1005=CARTESIAN_POINT('Ctrl Pts',(25.6522877212573,-0.227713164190361,3.7809));
#1006=CARTESIAN_POINT('Ctrl Pts',(25.6522878519782,-0.227713164135427,3.8376));
#1007=CARTESIAN_POINT('Ctrl Pts',(25.6522880533338,-0.22771316405081,4.0041));
#1008=CARTESIAN_POINT('Ctrl Pts',(25.652287684409,-0.227713164205846,4.1706));
#1009=CARTESIAN_POINT('Ctrl Pts',(25.6522869582807,-0.227713164510988,4.2804));
#1010=CARTESIAN_POINT('Ctrl Pts',(25.6522866317126,-0.227713164648237,4.39380000000001));
#1011=CARTESIAN_POINT('Ctrl Pts',(25.6522865070754,-0.227713164700613,4.50720000000001));
#1012=CARTESIAN_POINT('Ctrl Pts',(25.6522865033111,-0.227713164702195,4.51080000000001));
#1013=CARTESIAN_POINT('Ctrl Pts',(25.6522864997289,-0.2277131647037,4.51440000000001));
#1014=CARTESIAN_POINT('Ctrl Pts',(25.6522864963184,-0.227713164705133,4.51800000000001));
#1015=CARTESIAN_POINT('Ctrl Pts',(25.6522866573297,-0.421447182865574,-0.0179999999999994));
#1016=CARTESIAN_POINT('Ctrl Pts',(25.6522866341531,-0.421447182875314,-0.0143999999999992));
#1017=CARTESIAN_POINT('Ctrl Pts',(25.6522866111559,-0.421447182884979,-0.010799999999999));
#1018=CARTESIAN_POINT('Ctrl Pts',(25.6522865883446,-0.421447182894565,-0.0071999999999989));
#1019=CARTESIAN_POINT('Ctrl Pts',(25.6522862320864,-0.421447183044279,0.0495000000000014));
#1020=CARTESIAN_POINT('Ctrl Pts',(25.6522859245099,-0.421447183173535,0.106200000000002));
#1021=CARTESIAN_POINT('Ctrl Pts',(25.652285693419,-0.42144718327065,0.159300000000002));
#1022=CARTESIAN_POINT('Ctrl Pts',(25.6522852575156,-0.421447183453835,0.269100000000002));
#1023=CARTESIAN_POINT('Ctrl Pts',(25.6522847997056,-0.421447183646225,0.378900000000002));
#1024=CARTESIAN_POINT('Ctrl Pts',(25.6522845266478,-0.421447183760975,0.435600000000002));
#1025=CARTESIAN_POINT('Ctrl Pts',(25.6522835611585,-0.421447184166711,0.605700000000002));
#1026=CARTESIAN_POINT('Ctrl Pts',(25.652282151436,-0.421447184759131,0.775800000000002));
#1027=CARTESIAN_POINT('Ctrl Pts',(25.6522810147042,-0.42144718523683,0.889200000000002));
#1028=CARTESIAN_POINT('Ctrl Pts',(25.6522786018786,-0.421447186250792,1.116));
#1029=CARTESIAN_POINT('Ctrl Pts',(25.6522762017237,-0.421447187259429,1.3428));
#1030=CARTESIAN_POINT('Ctrl Pts',(25.65227508464,-0.42144718772887,1.4562));
#1031=CARTESIAN_POINT('Ctrl Pts',(25.6522731267731,-0.421447188551641,1.683));
#1032=CARTESIAN_POINT('Ctrl Pts',(25.6522718516787,-0.421447189087485,1.9098));
#1033=CARTESIAN_POINT('Ctrl Pts',(25.6522714176538,-0.421447189269879,2.0232));
#1034=CARTESIAN_POINT('Ctrl Pts',(25.6522709834386,-0.421447189452353,2.25));
#1035=CARTESIAN_POINT('Ctrl Pts',(25.6522714176538,-0.421447189269879,2.4768));
#1036=CARTESIAN_POINT('Ctrl Pts',(25.6522718516787,-0.421447189087485,2.5902));
#1037=CARTESIAN_POINT('Ctrl Pts',(25.6522731267731,-0.42144718855164,2.817));
#1038=CARTESIAN_POINT('Ctrl Pts',(25.65227508464,-0.421447187728869,3.0438));
#1039=CARTESIAN_POINT('Ctrl Pts',(25.6522762017237,-0.421447187259427,3.1572));
#1040=CARTESIAN_POINT('Ctrl Pts',(25.6522780018399,-0.421447186502949,3.3273));
#1041=CARTESIAN_POINT('Ctrl Pts',(25.6522798090834,-0.421447185743476,3.4974));
#1042=CARTESIAN_POINT('Ctrl Pts',(25.6522804024694,-0.421447185494112,3.5541));
#1043=CARTESIAN_POINT('Ctrl Pts',(25.65228154836,-0.421447185012565,3.6675));
#1044=CARTESIAN_POINT('Ctrl Pts',(25.6522825712811,-0.421447184582694,3.7809));
#1045=CARTESIAN_POINT('Ctrl Pts',(25.6522830418918,-0.421447184384925,3.8376));
#1046=CARTESIAN_POINT('Ctrl Pts',(25.6522842768352,-0.421447183865954,4.0041));
#1047=CARTESIAN_POINT('Ctrl Pts',(25.6522850861497,-0.421447183525848,4.1706));
#1048=CARTESIAN_POINT('Ctrl Pts',(25.6522853580387,-0.421447183411589,4.2804));
#1049=CARTESIAN_POINT('Ctrl Pts',(25.6522858758281,-0.421447183193988,4.3938));
#1050=CARTESIAN_POINT('Ctrl Pts',(25.6522865883446,-0.42144718289456,4.5072));
#1051=CARTESIAN_POINT('Ctrl Pts',(25.6522866111558,-0.421447182884974,4.5108));
#1052=CARTESIAN_POINT('Ctrl Pts',(25.6522866341531,-0.42144718287531,4.5144));
#1053=CARTESIAN_POINT('Ctrl Pts',(25.6522866573296,-0.42144718286557,4.518));
#1054=CARTESIAN_POINT('Ctrl Pts',(25.6522867732532,-0.615181201044975,-0.0180000000000001));
#1055=CARTESIAN_POINT('Ctrl Pts',(25.6522867177107,-0.615181201068316,-0.0143999999999999));
#1056=CARTESIAN_POINT('Ctrl Pts',(25.6522866622942,-0.615181201091604,-0.0107999999999997));
#1057=CARTESIAN_POINT('Ctrl Pts',(25.6522866070095,-0.615181201114837,-0.00719999999999958));
#1058=CARTESIAN_POINT('Ctrl Pts',(25.6522857384101,-0.615181201479857,0.0495000000000007));
#1059=CARTESIAN_POINT('Ctrl Pts',(25.6522849039916,-0.615181201830512,0.106200000000001));
#1060=CARTESIAN_POINT('Ctrl Pts',(25.6522841489167,-0.615181202147824,0.159300000000001));
#1061=CARTESIAN_POINT('Ctrl Pts',(25.652282574505,-0.615181202809453,0.269100000000001));
#1062=CARTESIAN_POINT('Ctrl Pts',(25.652280950888,-0.61518120349176,0.378900000000001));
#1063=CARTESIAN_POINT('Ctrl Pts',(25.6522800857865,-0.615181203855309,0.435600000000001));
#1064=CARTESIAN_POINT('Ctrl Pts',(25.652277391114,-0.615181204987715,0.605700000000002));
#1065=CARTESIAN_POINT('Ctrl Pts',(25.6522744183099,-0.615181206237002,0.775800000000002));
#1066=CARTESIAN_POINT('Ctrl Pts',(25.6522723306935,-0.615181207114299,0.889200000000002));
#1067=CARTESIAN_POINT('Ctrl Pts',(25.6522681753769,-0.615181208860523,1.116));
#1068=CARTESIAN_POINT('Ctrl Pts',(25.6522643806897,-0.615181210455197,1.3428));
#1069=CARTESIAN_POINT('Ctrl Pts',(25.652262657823,-0.615181211179212,1.4562));
#1070=CARTESIAN_POINT('Ctrl Pts',(25.6522596831098,-0.615181212429301,1.683));
#1071=CARTESIAN_POINT('Ctrl Pts',(25.6522577904723,-0.61518121322466,1.9098));
#1072=CARTESIAN_POINT('Ctrl Pts',(25.6522571501865,-0.615181213493732,2.0232));
#1073=CARTESIAN_POINT('Ctrl Pts',(25.6522565096751,-0.6151812137629,2.25));
#1074=CARTESIAN_POINT('Ctrl Pts',(25.6522571501865,-0.615181213493732,2.4768));
#1075=CARTESIAN_POINT('Ctrl Pts',(25.6522577904723,-0.615181213224659,2.5902));
#1076=CARTESIAN_POINT('Ctrl Pts',(25.6522596831098,-0.615181212429299,2.817));
#1077=CARTESIAN_POINT('Ctrl Pts',(25.652262657823,-0.61518121117921,3.0438));
#1078=CARTESIAN_POINT('Ctrl Pts',(25.6522643806897,-0.615181210455195,3.1572));
#1079=CARTESIAN_POINT('Ctrl Pts',(25.6522672267052,-0.61518120925919,3.3273));
#1080=CARTESIAN_POINT('Ctrl Pts',(25.6522702755746,-0.615181207977937,3.4974));
#1081=CARTESIAN_POINT('Ctrl Pts',(25.6522713040333,-0.615181207545739,3.5541));
#1082=CARTESIAN_POINT('Ctrl Pts',(25.6522733619039,-0.615181206680943,3.6675));
#1083=CARTESIAN_POINT('Ctrl Pts',(25.6522753802555,-0.615181205832754,3.7809));
#1084=CARTESIAN_POINT('Ctrl Pts',(25.6522763692758,-0.615181205417129,3.8376));
#1085=CARTESIAN_POINT('Ctrl Pts',(25.6522791884151,-0.615181204232418,4.0041));
#1086=CARTESIAN_POINT('Ctrl Pts',(25.6522817410708,-0.615181203159693,4.1706));
#1087=CARTESIAN_POINT('Ctrl Pts',(25.652283269336,-0.615181202517457,4.2804));
#1088=CARTESIAN_POINT('Ctrl Pts',(25.6522848698105,-0.615181201844873,4.3938));
#1089=CARTESIAN_POINT('Ctrl Pts',(25.6522866070095,-0.615181201114834,4.5072));
#1090=CARTESIAN_POINT('Ctrl Pts',(25.6522866622942,-0.615181201091602,4.5108));
#1091=CARTESIAN_POINT('Ctrl Pts',(25.6522867177107,-0.615181201068313,4.5144));
#1092=CARTESIAN_POINT('Ctrl Pts',(25.6522867732532,-0.615181201044972,4.518));
#1093=CARTESIAN_POINT('Ctrl Pts',(25.6522868512748,-0.68115548830068,-0.0180000000000017));
#1094=CARTESIAN_POINT('Ctrl Pts',(25.6522867844887,-0.681155488328746,-0.0144000000000015));
#1095=CARTESIAN_POINT('Ctrl Pts',(25.6522867177405,-0.681155488356796,-0.0108000000000013));
#1096=CARTESIAN_POINT('Ctrl Pts',(25.6522866510327,-0.681155488384829,-0.0072000000000012));
#1097=CARTESIAN_POINT('Ctrl Pts',(25.6522856010534,-0.681155488826072,0.049499999999999));
#1098=CARTESIAN_POINT('Ctrl Pts',(25.652284561984,-0.681155489262729,0.106199999999999));
#1099=CARTESIAN_POINT('Ctrl Pts',(25.6522836035076,-0.681155489665519,0.1593));
#1100=CARTESIAN_POINT('Ctrl Pts',(25.6522816111181,-0.681155490502798,0.269100000000001));
#1101=CARTESIAN_POINT('Ctrl Pts',(25.6522795639479,-0.681155491363099,0.378900000000001));
#1102=CARTESIAN_POINT('Ctrl Pts',(25.6522784813496,-0.681155491818048,0.435600000000001));
#1103=CARTESIAN_POINT('Ctrl Pts',(25.6522751482459,-0.681155493218748,0.605700000000002));
#1104=CARTESIAN_POINT('Ctrl Pts',(25.6522715906362,-0.681155494713793,0.775800000000002));
#1105=CARTESIAN_POINT('Ctrl Pts',(25.6522691480011,-0.681155495740282,0.889200000000002));
#1106=CARTESIAN_POINT('Ctrl Pts',(25.6522643482547,-0.68115549775732,1.116));
#1107=CARTESIAN_POINT('Ctrl Pts',(25.6522600472116,-0.681155499564784,1.3428));
#1108=CARTESIAN_POINT('Ctrl Pts',(25.6522581066841,-0.681155500380269,1.4562));
#1109=CARTESIAN_POINT('Ctrl Pts',(25.6522547690715,-0.681155501782862,1.683));
#1110=CARTESIAN_POINT('Ctrl Pts',(25.6522526587773,-0.681155502669688,1.9098));
#1111=CARTESIAN_POINT('Ctrl Pts',(25.652251946095,-0.681155502969185,2.0232));
#1112=CARTESIAN_POINT('Ctrl Pts',(25.6522512331709,-0.681155503268783,2.25));
#1113=CARTESIAN_POINT('Ctrl Pts',(25.652251946095,-0.681155502969185,2.4768));
#1114=CARTESIAN_POINT('Ctrl Pts',(25.6522526587773,-0.681155502669688,2.5902));
#1115=CARTESIAN_POINT('Ctrl Pts',(25.6522547690715,-0.681155501782861,2.817));
#1116=CARTESIAN_POINT('Ctrl Pts',(25.6522581066842,-0.681155500380267,3.0438));
#1117=CARTESIAN_POINT('Ctrl Pts',(25.6522600472117,-0.681155499564782,3.1572));
#1118=CARTESIAN_POINT('Ctrl Pts',(25.652263272994,-0.681155498209185,3.3273));
#1119=CARTESIAN_POINT('Ctrl Pts',(25.6522667792969,-0.681155496735701,3.4974));
#1120=CARTESIAN_POINT('Ctrl Pts',(25.6522679687332,-0.681155496235854,3.5541));
#1121=CARTESIAN_POINT('Ctrl Pts',(25.6522703653427,-0.681155495228707,3.6675));
#1122=CARTESIAN_POINT('Ctrl Pts',(25.6522727549441,-0.681155494224503,3.7809));
#1123=CARTESIAN_POINT('Ctrl Pts',(25.652273937431,-0.681155493727577,3.8376));
#1124=CARTESIAN_POINT('Ctrl Pts',(25.6522773464958,-0.681155492294956,4.0041));
#1125=CARTESIAN_POINT('Ctrl Pts',(25.6522805404569,-0.68115549095273,4.1706));
#1126=CARTESIAN_POINT('Ctrl Pts',(25.6522824947554,-0.681155490131458,4.2804));
#1127=CARTESIAN_POINT('Ctrl Pts',(25.6522845510741,-0.681155489267316,4.3938));
#1128=CARTESIAN_POINT('Ctrl Pts',(25.6522866510327,-0.681155488384832,4.5072));
#1129=CARTESIAN_POINT('Ctrl Pts',(25.6522867177405,-0.681155488356798,4.5108));
#1130=CARTESIAN_POINT('Ctrl Pts',(25.6522867844887,-0.681155488328748,4.5144));
#1131=CARTESIAN_POINT('Ctrl Pts',(25.6522868512748,-0.681155488300682,4.518));
#1132=CARTESIAN_POINT('Ctrl Pts',(25.6522869654246,-0.813104062829695,-0.0180000000000018));
#1133=CARTESIAN_POINT('Ctrl Pts',(25.6522868750088,-0.813104062867691,-0.0144000000000016));
#1134=CARTESIAN_POINT('Ctrl Pts',(25.6522867845353,-0.813104062905712,-0.0108000000000015));
#1135=CARTESIAN_POINT('Ctrl Pts',(25.6522866940052,-0.813104062943756,-0.00720000000000133));
#1136=CARTESIAN_POINT('Ctrl Pts',(25.6522852672843,-0.813104063543316,0.0494999999999989));
#1137=CARTESIAN_POINT('Ctrl Pts',(25.6522838269558,-0.813104064148602,0.106199999999999));
#1138=CARTESIAN_POINT('Ctrl Pts',(25.6522824657824,-0.81310406472062,0.1593));
#1139=CARTESIAN_POINT('Ctrl Pts',(25.6522796110122,-0.813104065920305,0.269100000000001));
#1140=CARTESIAN_POINT('Ctrl Pts',(25.6522766729219,-0.813104067155004,0.378900000000001));
#1141=CARTESIAN_POINT('Ctrl Pts',(25.6522751320302,-0.813104067802547,0.435600000000001));
#1142=CARTESIAN_POINT('Ctrl Pts',(25.6522704472264,-0.813104069771283,0.605700000000001));
#1143=CARTESIAN_POINT('Ctrl Pts',(25.6522656407499,-0.81310407179115,0.775800000000001));
#1144=CARTESIAN_POINT('Ctrl Pts',(25.6522624398594,-0.813104073136287,0.889200000000002));
#1145=CARTESIAN_POINT('Ctrl Pts',(25.6522562718852,-0.813104075728308,1.116));
#1146=CARTESIAN_POINT('Ctrl Pts',(25.652250910175,-0.813104077981505,1.3428));
#1147=CARTESIAN_POINT('Ctrl Pts',(25.6522485178498,-0.813104078986852,1.4562));
#1148=CARTESIAN_POINT('Ctrl Pts',(25.6522444317442,-0.813104080703991,1.683));
#1149=CARTESIAN_POINT('Ctrl Pts',(25.6522418779373,-0.813104081777198,1.9098));
#1150=CARTESIAN_POINT('Ctrl Pts',(25.6522410183916,-0.813104082138413,2.0232));
#1151=CARTESIAN_POINT('Ctrl Pts',(25.6522401585558,-0.813104082499749,2.25));
#1152=CARTESIAN_POINT('Ctrl Pts',(25.6522410183916,-0.813104082138412,2.4768));
#1153=CARTESIAN_POINT('Ctrl Pts',(25.6522418779374,-0.813104081777198,2.5902));
#1154=CARTESIAN_POINT('Ctrl Pts',(25.6522444317442,-0.81310408070399,2.817));
#1155=CARTESIAN_POINT('Ctrl Pts',(25.6522485178498,-0.81310407898685,3.0438));
#1156=CARTESIAN_POINT('Ctrl Pts',(25.6522509101751,-0.813104077981503,3.1572));
#1157=CARTESIAN_POINT('Ctrl Pts',(25.6522549314577,-0.813104076291605,3.3273));
#1158=CARTESIAN_POINT('Ctrl Pts',(25.6522594062639,-0.813104074411119,3.4974));
#1159=CARTESIAN_POINT('Ctrl Pts',(25.6522609375337,-0.81310407376762,3.5541));
#1160=CARTESIAN_POINT('Ctrl Pts',(25.652264055115,-0.813104072457493,3.6675));
#1161=CARTESIAN_POINT('Ctrl Pts',(25.6522672364731,-0.813104071120563,3.7809));
#1162=CARTESIAN_POINT('Ctrl Pts',(25.6522688315484,-0.813104070450251,3.8376));
#1163=CARTESIAN_POINT('Ctrl Pts',(25.6522734966013,-0.813104068489816,4.0041));
#1164=CARTESIAN_POINT('Ctrl Pts',(25.6522780450772,-0.813104066578371,4.1706));
#1165=CARTESIAN_POINT('Ctrl Pts',(25.6522809326912,-0.813104065364885,4.2804));
#1166=CARTESIAN_POINT('Ctrl Pts',(25.6522838405633,-0.813104064142882,4.3938));
#1167=CARTESIAN_POINT('Ctrl Pts',(25.6522866940052,-0.813104062943756,4.5072));
#1168=CARTESIAN_POINT('Ctrl Pts',(25.6522867845352,-0.813104062905712,4.5108));
#1169=CARTESIAN_POINT('Ctrl Pts',(25.6522868750088,-0.813104062867691,4.5144));
#1170=CARTESIAN_POINT('Ctrl Pts',(25.6522869654246,-0.813104062829695,4.518));
#1171=CARTESIAN_POINT('Ctrl Pts',(25.6522870915849,-0.945052637353664,-0.0179999999999991));
#1172=CARTESIAN_POINT('Ctrl Pts',(25.6522869764706,-0.94505263740204,-0.014399999999999));
#1173=CARTESIAN_POINT('Ctrl Pts',(25.6522868611733,-0.945052637450492,-0.0107999999999988));
#1174=CARTESIAN_POINT('Ctrl Pts',(25.6522867456925,-0.945052637499021,-0.00719999999999866));
#1175=CARTESIAN_POINT('Ctrl Pts',(25.6522849239771,-0.945052638264577,0.0495000000000016));
#1176=CARTESIAN_POINT('Ctrl Pts',(25.6522830566975,-0.94505263904928,0.106200000000001));
#1177=CARTESIAN_POINT('Ctrl Pts',(25.6522812688005,-0.945052639800623,0.159300000000001));
#1178=CARTESIAN_POINT('Ctrl Pts',(25.6522775007093,-0.945052641384121,0.269100000000001));
#1179=CARTESIAN_POINT('Ctrl Pts',(25.6522736111577,-0.945052643018661,0.378900000000001));
#1180=CARTESIAN_POINT('Ctrl Pts',(25.6522715777552,-0.945052643873176,0.435600000000001));
#1181=CARTESIAN_POINT('Ctrl Pts',(25.6522654333708,-0.945052646455284,0.605700000000001));
#1182=CARTESIAN_POINT('Ctrl Pts',(25.6522592641826,-0.945052649047814,0.775800000000001));
#1183=CARTESIAN_POINT('Ctrl Pts',(25.6522552364204,-0.945052650740435,0.889200000000002));
#1184=CARTESIAN_POINT('Ctrl Pts',(25.6522475914211,-0.945052653953159,1.116));
#1185=CARTESIAN_POINT('Ctrl Pts',(25.6522411123549,-0.945052656675912,1.3428));
#1186=CARTESIAN_POINT('Ctrl Pts',(25.6522382522877,-0.945052657877822,1.4562));
#1187=CARTESIAN_POINT('Ctrl Pts',(25.6522334012637,-0.945052659916409,1.683));
#1188=CARTESIAN_POINT('Ctrl Pts',(25.6522304056251,-0.945052661175291,1.9098));
#1189=CARTESIAN_POINT('Ctrl Pts',(25.6522294012305,-0.945052661597377,2.0232));
#1190=CARTESIAN_POINT('Ctrl Pts',(25.6522283964575,-0.945052662019621,2.25));
#1191=CARTESIAN_POINT('Ctrl Pts',(25.6522294012305,-0.945052661597376,2.4768));
#1192=CARTESIAN_POINT('Ctrl Pts',(25.6522304056251,-0.945052661175291,2.5902));
#1193=CARTESIAN_POINT('Ctrl Pts',(25.6522334012637,-0.945052659916408,2.817));
#1194=CARTESIAN_POINT('Ctrl Pts',(25.6522382522878,-0.94505265787782,3.0438));
#1195=CARTESIAN_POINT('Ctrl Pts',(25.652241112355,-0.94505265667591,3.1572));
#1196=CARTESIAN_POINT('Ctrl Pts',(25.6522459716546,-0.945052654633845,3.3273));
#1197=CARTESIAN_POINT('Ctrl Pts',(25.6522514867916,-0.945052652316172,3.4974));
#1198=CARTESIAN_POINT('Ctrl Pts',(25.6522533871646,-0.945052651517562,3.5541));
#1199=CARTESIAN_POINT('Ctrl Pts',(25.6522572864265,-0.945052649878942,3.6675));
#1200=CARTESIAN_POINT('Ctrl Pts',(25.6522613297567,-0.945052648179779,3.7809));
#1201=CARTESIAN_POINT('Ctrl Pts',(25.6522633742188,-0.945052647320617,3.8376));
#1202=CARTESIAN_POINT('Ctrl Pts',(25.6522694047492,-0.945052644786356,4.0041));
#1203=CARTESIAN_POINT('Ctrl Pts',(25.6522754115146,-0.945052642262081,4.1706));
#1204=CARTESIAN_POINT('Ctrl Pts',(25.6522792765742,-0.945052640637833,4.2804));
#1205=CARTESIAN_POINT('Ctrl Pts',(25.6522831022616,-0.945052639030132,4.3938));
#1206=CARTESIAN_POINT('Ctrl Pts',(25.6522867456925,-0.945052637499021,4.5072));
#1207=CARTESIAN_POINT('Ctrl Pts',(25.6522868611733,-0.945052637450492,4.5108));
#1208=CARTESIAN_POINT('Ctrl Pts',(25.6522869764706,-0.945052637402039,4.5144));
#1209=CARTESIAN_POINT('Ctrl Pts',(25.6522870915849,-0.945052637353664,4.518));
#1210=CARTESIAN_POINT('Ctrl Pts',(25.6522871554419,-1.01102692461532,-0.0180000000000005));
#1211=CARTESIAN_POINT('Ctrl Pts',(25.6522870277748,-1.01102692466897,-0.0144000000000004));
#1212=CARTESIAN_POINT('Ctrl Pts',(25.6522868998633,-1.01102692472272,-0.0108000000000002));
#1213=CARTESIAN_POINT('Ctrl Pts',(25.6522867717065,-1.01102692477658,-0.00720000000000009));
#1214=CARTESIAN_POINT('Ctrl Pts',(25.6522847493643,-1.01102692562645,0.0495000000000001));
#1215=CARTESIAN_POINT('Ctrl Pts',(25.652282665959,-1.01102692650198,0.1062));
#1216=CARTESIAN_POINT('Ctrl Pts',(25.6522806610992,-1.0110269273445,0.159300000000001));
#1217=CARTESIAN_POINT('Ctrl Pts',(25.6522764278981,-1.01102692912345,0.269100000000001));
#1218=CARTESIAN_POINT('Ctrl Pts',(25.6522720530193,-1.01102693096194,0.378900000000001));
#1219=CARTESIAN_POINT('Ctrl Pts',(25.6522697680868,-1.01102693192216,0.435600000000001));
#1220=CARTESIAN_POINT('Ctrl Pts',(25.6522628773205,-1.01102693481793,0.605700000000001));
#1221=CARTESIAN_POINT('Ctrl Pts',(25.6522560096626,-1.01102693770398,0.775800000000002));
#1222=CARTESIAN_POINT('Ctrl Pts',(25.652251558364,-1.01102693957459,0.889200000000002));
#1223=CARTESIAN_POINT('Ctrl Pts',(25.6522431602503,-1.0110269431038,1.116));
#1224=CARTESIAN_POINT('Ctrl Pts',(25.6522361181616,-1.01102694606316,1.3428));
#1225=CARTESIAN_POINT('Ctrl Pts',(25.6522330244902,-1.01102694736324,1.4562));
#1226=CARTESIAN_POINT('Ctrl Pts',(25.6522277941372,-1.01102694956123,1.683));
#1227=CARTESIAN_POINT('Ctrl Pts',(25.6522245825147,-1.01102695091088,1.9098));
#1228=CARTESIAN_POINT('Ctrl Pts',(25.6522235077353,-1.01102695136254,2.0232));
#1229=CARTESIAN_POINT('Ctrl Pts',(25.6522224325214,-1.01102695181439,2.25));
#1230=CARTESIAN_POINT('Ctrl Pts',(25.6522235077353,-1.01102695136254,2.4768));
#1231=CARTESIAN_POINT('Ctrl Pts',(25.6522245825147,-1.01102695091088,2.5902));
#1232=CARTESIAN_POINT('Ctrl Pts',(25.6522277941372,-1.01102694956123,2.817));
#1233=CARTESIAN_POINT('Ctrl Pts',(25.6522330244903,-1.01102694736323,3.0438));
#1234=CARTESIAN_POINT('Ctrl Pts',(25.6522361181617,-1.01102694606315,3.1572));
#1235=CARTESIAN_POINT('Ctrl Pts',(25.6522413997282,-1.01102694384364,3.3273));
#1236=CARTESIAN_POINT('Ctrl Pts',(25.6522474440588,-1.01102694130358,3.4974));
#1237=CARTESIAN_POINT('Ctrl Pts',(25.6522495326497,-1.01102694042587,3.5541));
#1238=CARTESIAN_POINT('Ctrl Pts',(25.6522538312837,-1.01102693861942,3.6675));
#1239=CARTESIAN_POINT('Ctrl Pts',(25.6522583159875,-1.01102693673477,3.7809));
#1240=CARTESIAN_POINT('Ctrl Pts',(25.6522605906689,-1.01102693577886,3.8376));
#1241=CARTESIAN_POINT('Ctrl Pts',(25.6522673205193,-1.01102693295072,4.0041));
#1242=CARTESIAN_POINT('Ctrl Pts',(25.6522740725104,-1.01102693011327,4.1706));
#1243=CARTESIAN_POINT('Ctrl Pts',(25.6522784380851,-1.01102692827869,4.2804));
#1244=CARTESIAN_POINT('Ctrl Pts',(25.6522827270222,-1.01102692647631,4.3938));
#1245=CARTESIAN_POINT('Ctrl Pts',(25.6522867717065,-1.01102692477658,4.5072));
#1246=CARTESIAN_POINT('Ctrl Pts',(25.6522868998633,-1.01102692472272,4.5108));
#1247=CARTESIAN_POINT('Ctrl Pts',(25.6522870277748,-1.01102692466897,4.5144));
#1248=CARTESIAN_POINT('Ctrl Pts',(25.6522871554419,-1.01102692461532,4.518));
#1249=CARTESIAN_POINT('Ctrl Pts',(25.6522873465289,-1.2089497864005,-0.0180000000000015));
#1250=CARTESIAN_POINT('Ctrl Pts',(25.6522871808762,-1.20894978647011,-0.0144000000000013));
#1251=CARTESIAN_POINT('Ctrl Pts',(25.6522870147919,-1.20894978653991,-0.0108000000000012));
#1252=CARTESIAN_POINT('Ctrl Pts',(25.6522868482738,-1.20894978660988,-0.00720000000000104));
#1253=CARTESIAN_POINT('Ctrl Pts',(25.6522842187519,-1.20894978771491,0.0494999999999991));
#1254=CARTESIAN_POINT('Ctrl Pts',(25.6522814809404,-1.20894978886545,0.106199999999999));
#1255=CARTESIAN_POINT('Ctrl Pts',(25.652278820263,-1.20894978998356,0.1593));
#1256=CARTESIAN_POINT('Ctrl Pts',(25.6522731794735,-1.20894979235404,0.269100000000001));
#1257=CARTESIAN_POINT('Ctrl Pts',(25.6522673337427,-1.20894979481064,0.378900000000001));
#1258=CARTESIAN_POINT('Ctrl Pts',(25.6522642862015,-1.20894979609134,0.435600000000001));
#1259=CARTESIAN_POINT('Ctrl Pts',(25.6522551323096,-1.20894979993816,0.605700000000001));
#1260=CARTESIAN_POINT('Ctrl Pts',(25.6522461489237,-1.20894980371332,0.775800000000002));
#1261=CARTESIAN_POINT('Ctrl Pts',(25.6522404184162,-1.2089498061215,0.889200000000002));
#1262=CARTESIAN_POINT('Ctrl Pts',(25.6522297588777,-1.20894981060105,1.116));
#1263=CARTESIAN_POINT('Ctrl Pts',(25.6522210508138,-1.20894981426051,1.3428));
#1264=CARTESIAN_POINT('Ctrl Pts',(25.6522172731228,-1.20894981584805,1.4562));
#1265=CARTESIAN_POINT('Ctrl Pts',(25.6522109415767,-1.20894981850881,1.683));
#1266=CARTESIAN_POINT('Ctrl Pts',(25.6522071140279,-1.20894982011729,1.9098));
#1267=CARTESIAN_POINT('Ctrl Pts',(25.6522058400531,-1.20894982065266,2.0232));
#1268=CARTESIAN_POINT('Ctrl Pts',(25.6522045654377,-1.2089498211883,2.25));
#1269=CARTESIAN_POINT('Ctrl Pts',(25.6522058400532,-1.20894982065266,2.4768));
#1270=CARTESIAN_POINT('Ctrl Pts',(25.6522071140279,-1.20894982011729,2.5902));
#1271=CARTESIAN_POINT('Ctrl Pts',(25.6522109415768,-1.2089498185088,2.817));
#1272=CARTESIAN_POINT('Ctrl Pts',(25.6522172731228,-1.20894981584804,3.0438));
#1273=CARTESIAN_POINT('Ctrl Pts',(25.6522210508138,-1.20894981426051,3.1572));
#1274=CARTESIAN_POINT('Ctrl Pts',(25.6522275818618,-1.20894981151591,3.3273));
#1275=CARTESIAN_POINT('Ctrl Pts',(25.6522352106142,-1.20894980831002,3.4974));
#1276=CARTESIAN_POINT('Ctrl Pts',(25.6522378645124,-1.20894980719475,3.5541));
#1277=CARTESIAN_POINT('Ctrl Pts',(25.6522433658929,-1.20894980488286,3.6675));
#1278=CARTESIAN_POINT('Ctrl Pts',(25.6522491850712,-1.20894980243741,3.7809));
#1279=CARTESIAN_POINT('Ctrl Pts',(25.6522521567928,-1.20894980118858,3.8376));
#1280=CARTESIAN_POINT('Ctrl Pts',(25.6522610056865,-1.20894979746994,4.0041));
#1281=CARTESIAN_POINT('Ctrl Pts',(25.6522700179456,-1.20894979368264,4.1706));
#1282=CARTESIAN_POINT('Ctrl Pts',(25.6522758970269,-1.20894979121202,4.2804));
#1283=CARTESIAN_POINT('Ctrl Pts',(25.6522815892305,-1.20894978881994,4.3938));
#1284=CARTESIAN_POINT('Ctrl Pts',(25.6522868482737,-1.20894978660988,4.5072));
#1285=CARTESIAN_POINT('Ctrl Pts',(25.6522870147919,-1.20894978653991,4.5108));
#1286=CARTESIAN_POINT('Ctrl Pts',(25.6522871808761,-1.20894978647011,4.5144));
#1287=CARTESIAN_POINT('Ctrl Pts',(25.6522873465289,-1.2089497864005,4.518));
#1288=CARTESIAN_POINT('Ctrl Pts',(25.6522875415809,-1.40687264818401,-0.0179999999999998));
#1289=CARTESIAN_POINT('Ctrl Pts',(25.6522873376845,-1.40687264826969,-0.0143999999999996));
#1290=CARTESIAN_POINT('Ctrl Pts',(25.6522871331606,-1.40687264835564,-0.0107999999999994));
#1291=CARTESIAN_POINT('Ctrl Pts',(25.6522869280052,-1.40687264844186,-0.00719999999999931));
#1292=CARTESIAN_POINT('Ctrl Pts',(25.652283686814,-1.40687264980393,0.0495000000000009));
#1293=CARTESIAN_POINT('Ctrl Pts',(25.6522802878815,-1.40687265123229,0.1062));
#1294=CARTESIAN_POINT('Ctrl Pts',(25.6522769661161,-1.40687265262823,0.1593));
#1295=CARTESIAN_POINT('Ctrl Pts',(25.6522699086126,-1.40687265559406,0.2691));
#1296=CARTESIAN_POINT('Ctrl Pts',(25.6522625870932,-1.40687265867085,0.3789));
#1297=CARTESIAN_POINT('Ctrl Pts',(25.6522587759125,-1.40687266027245,0.4356));
#1298=CARTESIAN_POINT('Ctrl Pts',(25.6522473630539,-1.40687266506858,0.605700000000001));
#1299=CARTESIAN_POINT('Ctrl Pts',(25.6522362970698,-1.40687266971893,0.775800000000001));
#1300=CARTESIAN_POINT('Ctrl Pts',(25.6522293292464,-1.40687267264708,0.889200000000002));
#1301=CARTESIAN_POINT('Ctrl Pts',(25.6522165376081,-1.40687267802262,1.116));
#1302=CARTESIAN_POINT('Ctrl Pts',(25.6522063574132,-1.40687268230072,1.3428));
#1303=CARTESIAN_POINT('Ctrl Pts',(25.65220200261,-1.40687268413078,1.4562));
#1304=CARTESIAN_POINT('Ctrl Pts',(25.6521947780472,-1.40687268716682,1.683));
#1305=CARTESIAN_POINT('Ctrl Pts',(25.6521904930683,-1.40687268896753,1.9098));
#1306=CARTESIAN_POINT('Ctrl Pts',(25.652189076938,-1.40687268956265,2.0232));
#1307=CARTESIAN_POINT('Ctrl Pts',(25.6521876598527,-1.40687269015816,2.25));
#1308=CARTESIAN_POINT('Ctrl Pts',(25.6521890769381,-1.40687268956265,2.4768));
#1309=CARTESIAN_POINT('Ctrl Pts',(25.6521904930683,-1.40687268896753,2.5902));
#1310=CARTESIAN_POINT('Ctrl Pts',(25.6521947780472,-1.40687268716682,2.817));
#1311=CARTESIAN_POINT('Ctrl Pts',(25.65220200261,-1.40687268413078,3.0438));
#1312=CARTESIAN_POINT('Ctrl Pts',(25.6522063574132,-1.40687268230072,3.1572));
#1313=CARTESIAN_POINT('Ctrl Pts',(25.6522139925594,-1.40687267909214,3.3273));
#1314=CARTESIAN_POINT('Ctrl Pts',(25.6522230966425,-1.40687267526626,3.4974));
#1315=CARTESIAN_POINT('Ctrl Pts',(25.6522262842897,-1.40687267392668,3.5541));
#1316=CARTESIAN_POINT('Ctrl Pts',(25.65223293555,-1.40687267113157,3.6675));
#1317=CARTESIAN_POINT('Ctrl Pts',(25.6522400560261,-1.40687266813927,3.7809));
#1318=CARTESIAN_POINT('Ctrl Pts',(25.6522437129342,-1.4068726666025,3.8376));
#1319=CARTESIAN_POINT('Ctrl Pts',(25.6522546578953,-1.406872662003,4.0041));
#1320=CARTESIAN_POINT('Ctrl Pts',(25.6522659352037,-1.40687265726384,4.1706));
#1321=CARTESIAN_POINT('Ctrl Pts',(25.6522733322752,-1.40687265415531,4.2804));
#1322=CARTESIAN_POINT('Ctrl Pts',(25.6522804456229,-1.40687265116602,4.3938));
#1323=CARTESIAN_POINT('Ctrl Pts',(25.6522869280052,-1.40687264844187,4.5072));
#1324=CARTESIAN_POINT('Ctrl Pts',(25.6522871331606,-1.40687264835565,4.5108));
#1325=CARTESIAN_POINT('Ctrl Pts',(25.6522873376845,-1.40687264826971,4.5144));
#1326=CARTESIAN_POINT('Ctrl Pts',(25.6522875415809,-1.40687264818402,4.518));
#1327=CARTESIAN_POINT('Ctrl Pts',(25.6522876680108,-1.53882122270786,-0.0180000000000037));
#1328=CARTESIAN_POINT('Ctrl Pts',(25.6522874391016,-1.53882122280406,-0.0144000000000036));
#1329=CARTESIAN_POINT('Ctrl Pts',(25.6522872094406,-1.53882122290057,-0.0108000000000034));
#1330=CARTESIAN_POINT('Ctrl Pts',(25.6522869790222,-1.5388212229974,-0.00720000000000329));
#1331=CARTESIAN_POINT('Ctrl Pts',(25.6522833379466,-1.53882122452753,0.0494999999999968));
#1332=CARTESIAN_POINT('Ctrl Pts',(25.6522795076618,-1.53882122613716,0.106199999999998));
#1333=CARTESIAN_POINT('Ctrl Pts',(25.6522757554775,-1.53882122771397,0.159299999999999));
#1334=CARTESIAN_POINT('Ctrl Pts',(25.652267777552,-1.5388212310666,0.2691));
#1335=CARTESIAN_POINT('Ctrl Pts',(25.6522595051185,-1.538821234543,0.3789));
#1336=CARTESIAN_POINT('Ctrl Pts',(25.6522552048173,-1.53882123635015,0.4356));
#1337=CARTESIAN_POINT('Ctrl Pts',(25.6522423554724,-1.53882124174994,0.605700000000001));
#1338=CARTESIAN_POINT('Ctrl Pts',(25.6522299998512,-1.53882124694225,0.775800000000001));
#1339=CARTESIAN_POINT('Ctrl Pts',(25.6522222864751,-1.5388212501837,0.889200000000001));
#1340=CARTESIAN_POINT('Ctrl Pts',(25.6522082523511,-1.53882125608138,1.116));
#1341=CARTESIAN_POINT('Ctrl Pts',(25.6521972880384,-1.53882126068901,1.3428));
#1342=CARTESIAN_POINT('Ctrl Pts',(25.6521926462594,-1.53882126263967,1.4562));
#1343=CARTESIAN_POINT('Ctrl Pts',(25.6521850055774,-1.53882126585057,1.683));
#1344=CARTESIAN_POINT('Ctrl Pts',(25.6521805411697,-1.53882126772669,1.9098));
#1345=CARTESIAN_POINT('Ctrl Pts',(25.6521790742621,-1.53882126834314,2.0232));
#1346=CARTESIAN_POINT('Ctrl Pts',(25.6521776061473,-1.5388212689601,2.25));
#1347=CARTESIAN_POINT('Ctrl Pts',(25.6521790742621,-1.53882126834314,2.4768));
#1348=CARTESIAN_POINT('Ctrl Pts',(25.6521805411697,-1.53882126772669,2.5902));
#1349=CARTESIAN_POINT('Ctrl Pts',(25.6521850055774,-1.53882126585057,2.817));
#1350=CARTESIAN_POINT('Ctrl Pts',(25.6521926462595,-1.53882126263966,3.0438));
#1351=CARTESIAN_POINT('Ctrl Pts',(25.6521972880385,-1.53882126068901,3.1572));
#1352=CARTESIAN_POINT('Ctrl Pts',(25.652205511273,-1.53882125723329,3.3273));
#1353=CARTESIAN_POINT('Ctrl Pts',(25.6522154612763,-1.53882125305191,3.4974));
#1354=CARTESIAN_POINT('Ctrl Pts',(25.6522189607127,-1.53882125158132,3.5541));
#1355=CARTESIAN_POINT('Ctrl Pts',(25.652226295274,-1.53882124849905,3.6675));
#1356=CARTESIAN_POINT('Ctrl Pts',(25.6522342110646,-1.53882124517253,3.7809));
#1357=CARTESIAN_POINT('Ctrl Pts',(25.6522382917902,-1.53882124345765,3.8376));
#1358=CARTESIAN_POINT('Ctrl Pts',(25.6522505470083,-1.53882123830754,4.0041));
#1359=CARTESIAN_POINT('Ctrl Pts',(25.6522632752728,-1.53882123295863,4.1706));
#1360=CARTESIAN_POINT('Ctrl Pts',(25.6522716578829,-1.53882122943594,4.2804));
#1361=CARTESIAN_POINT('Ctrl Pts',(25.6522796968712,-1.53882122605765,4.3938));
#1362=CARTESIAN_POINT('Ctrl Pts',(25.6522869790223,-1.53882122299741,4.5072));
#1363=CARTESIAN_POINT('Ctrl Pts',(25.6522872094406,-1.53882122290058,4.51080000000001));
#1364=CARTESIAN_POINT('Ctrl Pts',(25.6522874391017,-1.53882122280407,4.5144));
#1365=CARTESIAN_POINT('Ctrl Pts',(25.6522876680108,-1.53882122270787,4.51800000000001));
#1366=CARTESIAN_POINT('Ctrl Pts',(25.6522879075803,-1.80271837176116,-0.0179999999999989));
#1367=CARTESIAN_POINT('Ctrl Pts',(25.6522876307021,-1.80271837187751,-0.0143999999999987));
#1368=CARTESIAN_POINT('Ctrl Pts',(25.6522873528557,-1.80271837199428,-0.0107999999999986));
#1369=CARTESIAN_POINT('Ctrl Pts',(25.6522870740344,-1.80271837211145,-0.00719999999999845));
#1370=CARTESIAN_POINT('Ctrl Pts',(25.652282667176,-1.80271837396338,0.0495000000000017));
#1371=CARTESIAN_POINT('Ctrl Pts',(25.652278016817,-1.80271837591764,0.106200000000001));
#1372=CARTESIAN_POINT('Ctrl Pts',(25.6522734440967,-1.80271837783927,0.159300000000001));
#1373=CARTESIAN_POINT('Ctrl Pts',(25.652263723415,-1.80271838192428,0.2691));
#1374=CARTESIAN_POINT('Ctrl Pts',(25.6522536802572,-1.8027183861448,0.3789));
#1375=CARTESIAN_POINT('Ctrl Pts',(25.6522484796439,-1.8027183883303,0.4356));
#1376=CARTESIAN_POINT('Ctrl Pts',(25.6522330243045,-1.80271839482523,0.605700000000001));
#1377=CARTESIAN_POINT('Ctrl Pts',(25.6522184556552,-1.80271840094753,0.775800000000001));
#1378=CARTESIAN_POINT('Ctrl Pts',(25.6522095395336,-1.80271840469443,0.889200000000001));
#1379=CARTESIAN_POINT('Ctrl Pts',(25.6521936557875,-1.80271841136939,1.116));
#1380=CARTESIAN_POINT('Ctrl Pts',(25.6521817974455,-1.80271841635272,1.3428));
#1381=CARTESIAN_POINT('Ctrl Pts',(25.6521769089768,-1.80271841840705,1.4562));
#1382=CARTESIAN_POINT('Ctrl Pts',(25.6521690265174,-1.80271842171956,1.683));
#1383=CARTESIAN_POINT('Ctrl Pts',(25.6521646065751,-1.80271842357699,1.9098));
#1384=CARTESIAN_POINT('Ctrl Pts',(25.6521631779691,-1.80271842417735,2.0232));
#1385=CARTESIAN_POINT('Ctrl Pts',(25.6521617475909,-1.80271842477844,2.25));
#1386=CARTESIAN_POINT('Ctrl Pts',(25.6521631779691,-1.80271842417735,2.4768));
#1387=CARTESIAN_POINT('Ctrl Pts',(25.6521646065751,-1.80271842357699,2.5902));
#1388=CARTESIAN_POINT('Ctrl Pts',(25.6521690265175,-1.80271842171956,2.817));
#1389=CARTESIAN_POINT('Ctrl Pts',(25.6521769089768,-1.80271841840705,3.0438));
#1390=CARTESIAN_POINT('Ctrl Pts',(25.6521817974455,-1.80271841635272,3.1572));
#1391=CARTESIAN_POINT('Ctrl Pts',(25.6521906912021,-1.80271841261522,3.3273));
#1392=CARTESIAN_POINT('Ctrl Pts',(25.6522018492484,-1.80271840792618,3.4974));
#1393=CARTESIAN_POINT('Ctrl Pts',(25.6522058158504,-1.80271840625926,3.5541));
#1394=CARTESIAN_POINT('Ctrl Pts',(25.65221421828,-1.80271840272824,3.6675));
#1395=CARTESIAN_POINT('Ctrl Pts',(25.6522234603099,-1.80271839884438,3.7809));
#1396=CARTESIAN_POINT('Ctrl Pts',(25.6522282666092,-1.80271839682459,3.8376));
#1397=CARTESIAN_POINT('Ctrl Pts',(25.6522428162353,-1.80271839071028,4.0041));
#1398=CARTESIAN_POINT('Ctrl Pts',(25.6522582154169,-1.80271838423895,4.1706));
#1399=CARTESIAN_POINT('Ctrl Pts',(25.6522684725981,-1.80271837992848,4.28039999999999));
#1400=CARTESIAN_POINT('Ctrl Pts',(25.6522782603178,-1.80271837581532,4.39380000000001));
#1401=CARTESIAN_POINT('Ctrl Pts',(25.6522870740343,-1.80271837211146,4.5072));
#1402=CARTESIAN_POINT('Ctrl Pts',(25.6522873528556,-1.80271837199429,4.51080000000001));
#1403=CARTESIAN_POINT('Ctrl Pts',(25.6522876307021,-1.80271837187753,4.5144));
#1404=CARTESIAN_POINT('Ctrl Pts',(25.6522879075803,-1.80271837176117,4.51800000000001));
#1405=CARTESIAN_POINT('Ctrl Pts',(25.6522881172209,-2.06661552082703,-0.0180000000000003));
#1406=CARTESIAN_POINT('Ctrl Pts',(25.6522877990651,-2.06661552096073,-0.0144000000000001));
#1407=CARTESIAN_POINT('Ctrl Pts',(25.6522874797856,-2.06661552109491,-0.0108));
#1408=CARTESIAN_POINT('Ctrl Pts',(25.6522871593727,-2.06661552122956,-0.00719999999999983));
#1409=CARTESIAN_POINT('Ctrl Pts',(25.6522820949147,-2.06661552335784,0.0495000000000003));
#1410=CARTESIAN_POINT('Ctrl Pts',(25.652276746909,-2.06661552560528,0.1062));
#1411=CARTESIAN_POINT('Ctrl Pts',(25.652271488745,-2.06661552781496,0.159300000000001));
#1412=CARTESIAN_POINT('Ctrl Pts',(25.6522603564171,-2.06661553249319,0.269100000000001));
#1413=CARTESIAN_POINT('Ctrl Pts',(25.6522489947204,-2.06661553726781,0.3789));
#1414=CARTESIAN_POINT('Ctrl Pts',(25.652243164239,-2.06661553971801,0.4356));
#1415=CARTESIAN_POINT('Ctrl Pts',(25.6522260302121,-2.06661554691838,0.605700000000001));
#1416=CARTESIAN_POINT('Ctrl Pts',(25.6522105082447,-2.06661555344131,0.7758));
#1417=CARTESIAN_POINT('Ctrl Pts',(25.6522013640137,-2.06661555728407,0.889200000000001));
#1418=CARTESIAN_POINT('Ctrl Pts',(25.6521857167292,-2.06661556385966,1.116));
#1419=CARTESIAN_POINT('Ctrl Pts',(25.6521750704229,-2.06661556833365,1.3428));
#1420=CARTESIAN_POINT('Ctrl Pts',(25.6521709289583,-2.06661557007405,1.4562));
#1421=CARTESIAN_POINT('Ctrl Pts',(25.6521645597136,-2.06661557275065,1.683));
#1422=CARTESIAN_POINT('Ctrl Pts',(25.6521613418645,-2.06661557410292,1.9098));
#1423=CARTESIAN_POINT('Ctrl Pts',(25.6521603471476,-2.06661557452094,2.0232));
#1424=CARTESIAN_POINT('Ctrl Pts',(25.652159350205,-2.06661557493989,2.25));
#1425=CARTESIAN_POINT('Ctrl Pts',(25.6521603471476,-2.06661557452094,2.4768));
#1426=CARTESIAN_POINT('Ctrl Pts',(25.6521613418646,-2.06661557410292,2.5902));
#1427=CARTESIAN_POINT('Ctrl Pts',(25.6521645597136,-2.06661557275065,2.817));
#1428=CARTESIAN_POINT('Ctrl Pts',(25.6521709289584,-2.06661557007405,3.0438));
#1429=CARTESIAN_POINT('Ctrl Pts',(25.6521750704229,-2.06661556833365,3.1572));
#1430=CARTESIAN_POINT('Ctrl Pts',(25.6521830551527,-2.06661556497816,3.3273));
#1431=CARTESIAN_POINT('Ctrl Pts',(25.6521938529326,-2.06661556044051,3.4974));
#1432=CARTESIAN_POINT('Ctrl Pts',(25.6521977731006,-2.06661555879311,3.5541));
#1433=CARTESIAN_POINT('Ctrl Pts',(25.6522062507583,-2.06661555523047,3.6675));
#1434=CARTESIAN_POINT('Ctrl Pts',(25.6522159217236,-2.06661555116636,3.7809));
#1435=CARTESIAN_POINT('Ctrl Pts',(25.6522210353407,-2.06661554901742,3.8376));
#1436=CARTESIAN_POINT('Ctrl Pts',(25.6522367547814,-2.06661554241151,4.0041));
#1437=CARTESIAN_POINT('Ctrl Pts',(25.6522540187685,-2.06661553515651,4.1706));
#1438=CARTESIAN_POINT('Ctrl Pts',(25.6522657673495,-2.06661553021933,4.28040000000001));
#1439=CARTESIAN_POINT('Ctrl Pts',(25.652277030457,-2.06661552548609,4.39379999999999));
#1440=CARTESIAN_POINT('Ctrl Pts',(25.6522871593727,-2.06661552122953,4.50719999999999));
#1441=CARTESIAN_POINT('Ctrl Pts',(25.6522874797856,-2.06661552109488,4.51079999999999));
#1442=CARTESIAN_POINT('Ctrl Pts',(25.6522877990651,-2.06661552096071,4.51439999999999));
#1443=CARTESIAN_POINT('Ctrl Pts',(25.652288117221,-2.066615520827,4.51799999999999));
#1444=CARTESIAN_POINT('Ctrl Pts',(25.6522882056587,-2.19856409536685,-0.0179999999999988));
#1445=CARTESIAN_POINT('Ctrl Pts',(25.6522878690686,-2.1985640955083,-0.0143999999999986));
#1446=CARTESIAN_POINT('Ctrl Pts',(25.6522875313158,-2.19856409565024,-0.0107999999999984));
#1447=CARTESIAN_POINT('Ctrl Pts',(25.6522871923897,-2.19856409579267,-0.0071999999999983));
#1448=CARTESIAN_POINT('Ctrl Pts',(25.6522818357094,-2.19856409804375,0.0495000000000018));
#1449=CARTESIAN_POINT('Ctrl Pts',(25.6522761853071,-2.19856410041827,0.106200000000001));
#1450=CARTESIAN_POINT('Ctrl Pts',(25.6522706330836,-2.19856410275153,0.1593));
#1451=CARTESIAN_POINT('Ctrl Pts',(25.6522589135714,-2.19856410767652,0.2691));
#1452=CARTESIAN_POINT('Ctrl Pts',(25.6522470549234,-2.19856411265998,0.3789));
#1453=CARTESIAN_POINT('Ctrl Pts',(25.6522410069239,-2.19856411520158,0.4356));
#1454=CARTESIAN_POINT('Ctrl Pts',(25.6522233674133,-2.19856412261438,0.6057));
#1455=CARTESIAN_POINT('Ctrl Pts',(25.6522078188445,-2.19856412914849,0.7758));
#1456=CARTESIAN_POINT('Ctrl Pts',(25.652198904629,-2.19856413289458,0.8892));
#1457=CARTESIAN_POINT('Ctrl Pts',(25.6521840999201,-2.19856413911609,1.116));
#1458=CARTESIAN_POINT('Ctrl Pts',(25.6521747711525,-2.1985641430364,1.3428));
#1459=CARTESIAN_POINT('Ctrl Pts',(25.6521713338965,-2.19856414448087,1.4562));
#1460=CARTESIAN_POINT('Ctrl Pts',(25.6521662989854,-2.19856414659673,1.683));
#1461=CARTESIAN_POINT('Ctrl Pts',(25.6521640562823,-2.1985641475392,1.9098));
#1462=CARTESIAN_POINT('Ctrl Pts',(25.6521634053802,-2.19856414781274,2.0232));
#1463=CARTESIAN_POINT('Ctrl Pts',(25.6521627521045,-2.19856414808727,2.25));
#1464=CARTESIAN_POINT('Ctrl Pts',(25.6521634053802,-2.19856414781273,2.4768));
#1465=CARTESIAN_POINT('Ctrl Pts',(25.6521640562823,-2.1985641475392,2.5902));
#1466=CARTESIAN_POINT('Ctrl Pts',(25.6521662989854,-2.19856414659673,2.817));
#1467=CARTESIAN_POINT('Ctrl Pts',(25.6521713338966,-2.19856414448087,3.0438));
#1468=CARTESIAN_POINT('Ctrl Pts',(25.6521747711525,-2.1985641430364,3.1572));
#1469=CARTESIAN_POINT('Ctrl Pts',(25.6521817677282,-2.19856414009617,3.3273));
#1470=CARTESIAN_POINT('Ctrl Pts',(25.6521918445209,-2.19856413586151,3.4974));
#1471=CARTESIAN_POINT('Ctrl Pts',(25.6521955630712,-2.19856413429883,3.5541));
#1472=CARTESIAN_POINT('Ctrl Pts',(25.6522037311372,-2.1985641308663,3.6675));
#1473=CARTESIAN_POINT('Ctrl Pts',(25.6522132986886,-2.19856412684564,3.7809));
#1474=CARTESIAN_POINT('Ctrl Pts',(25.6522184168839,-2.19856412469478,3.8376));
#1475=CARTESIAN_POINT('Ctrl Pts',(25.6522343186122,-2.19856411801226,4.0041));
#1476=CARTESIAN_POINT('Ctrl Pts',(25.6522522237134,-2.19856411048785,4.1706));
#1477=CARTESIAN_POINT('Ctrl Pts',(25.6522645907808,-2.19856410529073,4.28039999999999));
#1478=CARTESIAN_POINT('Ctrl Pts',(25.6522764790291,-2.19856410029482,4.3938));
#1479=CARTESIAN_POINT('Ctrl Pts',(25.6522871923898,-2.19856409579266,4.5072));
#1480=CARTESIAN_POINT('Ctrl Pts',(25.6522875313159,-2.19856409565023,4.5108));
#1481=CARTESIAN_POINT('Ctrl Pts',(25.6522878690687,-2.19856409550829,4.5144));
#1482=CARTESIAN_POINT('Ctrl Pts',(25.6522882056588,-2.19856409536684,4.518));
#1483=CARTESIAN_POINT('Ctrl Pts',(25.6522883657047,-2.46246124445357,-0.0180000000000055));
#1484=CARTESIAN_POINT('Ctrl Pts',(25.6522879980703,-2.46246124460806,-0.0144000000000053));
#1485=CARTESIAN_POINT('Ctrl Pts',(25.6522876292575,-2.46246124476305,-0.0108000000000052));
#1486=CARTESIAN_POINT('Ctrl Pts',(25.6522872592516,-2.46246124491854,-0.0072000000000051));
#1487=CARTESIAN_POINT('Ctrl Pts',(25.6522814127129,-2.46246124737549,0.0494999999999949));
#1488=CARTESIAN_POINT('Ctrl Pts',(25.6522752666881,-2.46246124995828,0.106199999999996));
#1489=CARTESIAN_POINT('Ctrl Pts',(25.6522692469652,-2.462461252488,0.159299999999998));
#1490=CARTESIAN_POINT('Ctrl Pts',(25.6522566597509,-2.46246125777763,0.269099999999999));
#1491=CARTESIAN_POINT('Ctrl Pts',(25.6522442433516,-2.46246126299548,0.3789));
#1492=CARTESIAN_POINT('Ctrl Pts',(25.6522380237341,-2.4624612656092,0.4356));
#1493=CARTESIAN_POINT('Ctrl Pts',(25.652220281914,-2.462461273065,0.6057));
#1494=CARTESIAN_POINT('Ctrl Pts',(25.6522059214988,-2.4624612790998,0.7758));
#1495=CARTESIAN_POINT('Ctrl Pts',(25.6521984236104,-2.4624612822507,0.8892));
#1496=CARTESIAN_POINT('Ctrl Pts',(25.6521873100524,-2.46246128692104,1.116));
#1497=CARTESIAN_POINT('Ctrl Pts',(25.6521825540377,-2.4624612889197,1.3428));
#1498=CARTESIAN_POINT('Ctrl Pts',(25.6521814114738,-2.46246128939985,1.4562));
#1499=CARTESIAN_POINT('Ctrl Pts',(25.6521805701589,-2.46246128975341,1.683));
#1500=CARTESIAN_POINT('Ctrl Pts',(25.6521812386855,-2.46246128947247,1.9098));
#1501=CARTESIAN_POINT('Ctrl Pts',(25.6521815969812,-2.4624612893219,2.0232));
#1502=CARTESIAN_POINT('Ctrl Pts',(25.6521819530612,-2.46246128917226,2.25));
#1503=CARTESIAN_POINT('Ctrl Pts',(25.6521815969812,-2.46246128932189,2.4768));
#1504=CARTESIAN_POINT('Ctrl Pts',(25.6521812386855,-2.46246128947246,2.5902));
#1505=CARTESIAN_POINT('Ctrl Pts',(25.6521805701589,-2.4624612897534,2.817));
#1506=CARTESIAN_POINT('Ctrl Pts',(25.6521814114738,-2.46246128939985,3.0438));
#1507=CARTESIAN_POINT('Ctrl Pts',(25.6521825540377,-2.4624612889197,3.1572));
#1508=CARTESIAN_POINT('Ctrl Pts',(25.6521861210487,-2.46246128742071,3.3273));
#1509=CARTESIAN_POINT('Ctrl Pts',(25.6521932641779,-2.46246128441889,3.4974));
#1510=CARTESIAN_POINT('Ctrl Pts',(25.6521960859757,-2.46246128323306,3.5541));
#1511=CARTESIAN_POINT('Ctrl Pts',(25.6522026733887,-2.46246128046478,3.6675));
#1512=CARTESIAN_POINT('Ctrl Pts',(25.6522111548097,-2.46246127690056,3.7809));
#1513=CARTESIAN_POINT('Ctrl Pts',(25.6522158708206,-2.46246127491871,3.8376));
#1514=CARTESIAN_POINT('Ctrl Pts',(25.652231030592,-2.46246126854799,4.0041));
#1515=CARTESIAN_POINT('Ctrl Pts',(25.6522494301544,-2.46246126081578,4.1706));
#1516=CARTESIAN_POINT('Ctrl Pts',(25.6522626751524,-2.46246125524973,4.28040000000001));
#1517=CARTESIAN_POINT('Ctrl Pts',(25.6522755661739,-2.46246124983242,4.39379999999998));
#1518=CARTESIAN_POINT('Ctrl Pts',(25.6522872592513,-2.46246124491854,4.50719999999998));
#1519=CARTESIAN_POINT('Ctrl Pts',(25.6522876292572,-2.46246124476305,4.51079999999999));
#1520=CARTESIAN_POINT('Ctrl Pts',(25.65228799807,-2.46246124460806,4.51439999999999));
#1521=CARTESIAN_POINT('Ctrl Pts',(25.6522883657044,-2.46246124445356,4.51799999999999));
#1522=CARTESIAN_POINT('Ctrl Pts',(25.6522884511312,-2.72635839357164,-0.0179999999999974));
#1523=CARTESIAN_POINT('Ctrl Pts',(25.6522880661134,-2.72635839373344,-0.0143999999999972));
#1524=CARTESIAN_POINT('Ctrl Pts',(25.652287680194,-2.72635839389562,-0.010799999999997));
#1525=CARTESIAN_POINT('Ctrl Pts',(25.6522872933532,-2.72635839405819,-0.00719999999999692));
#1526=CARTESIAN_POINT('Ctrl Pts',(25.6522811859003,-2.72635839662476,0.0495000000000032));
#1527=CARTESIAN_POINT('Ctrl Pts',(25.6522748453746,-2.7263583992893,0.106200000000002));
#1528=CARTESIAN_POINT('Ctrl Pts',(25.6522687026208,-2.72635840187072,0.159300000000001));
#1529=CARTESIAN_POINT('Ctrl Pts',(25.6522561664349,-2.72635840713891,0.2691));
#1530=CARTESIAN_POINT('Ctrl Pts',(25.6522445596226,-2.72635841201654,0.3789));
#1531=CARTESIAN_POINT('Ctrl Pts',(25.6522390070325,-2.72635841434995,0.4356));
#1532=CARTESIAN_POINT('Ctrl Pts',(25.6522240588684,-2.72635842063175,0.6057));
#1533=CARTESIAN_POINT('Ctrl Pts',(25.6522147433038,-2.72635842454651,0.7758));
#1534=CARTESIAN_POINT('Ctrl Pts',(25.6522114959248,-2.72635842591118,0.8892));
#1535=CARTESIAN_POINT('Ctrl Pts',(25.652209654727,-2.72635842668492,1.116));
#1536=CARTESIAN_POINT('Ctrl Pts',(25.6522143248069,-2.72635842472237,1.3428));
#1537=CARTESIAN_POINT('Ctrl Pts',(25.6522175713262,-2.72635842335806,1.4562));
#1538=CARTESIAN_POINT('Ctrl Pts',(25.6522243930156,-2.72635842049133,1.683));
#1539=CARTESIAN_POINT('Ctrl Pts',(25.6522300129328,-2.72635841812962,1.9098));
#1540=CARTESIAN_POINT('Ctrl Pts',(25.6522320463972,-2.72635841727508,2.0232));
#1541=CARTESIAN_POINT('Ctrl Pts',(25.6522340792534,-2.7263584164208,2.25));
#1542=CARTESIAN_POINT('Ctrl Pts',(25.6522320463972,-2.72635841727508,2.4768));
#1543=CARTESIAN_POINT('Ctrl Pts',(25.6522300129328,-2.72635841812962,2.5902));
#1544=CARTESIAN_POINT('Ctrl Pts',(25.6522243930156,-2.72635842049133,2.817));
#1545=CARTESIAN_POINT('Ctrl Pts',(25.6522175713262,-2.72635842335806,3.0438));
#1546=CARTESIAN_POINT('Ctrl Pts',(25.6522143248069,-2.72635842472237,3.1572));
#1547=CARTESIAN_POINT('Ctrl Pts',(25.652210822247,-2.72635842619428,3.3273));
#1548=CARTESIAN_POINT('Ctrl Pts',(25.6522109822808,-2.72635842612703,3.4974));
#1549=CARTESIAN_POINT('Ctrl Pts',(25.6522115304085,-2.72635842589669,3.5541));
#1550=CARTESIAN_POINT('Ctrl Pts',(25.6522137812554,-2.72635842495079,3.6675));
#1551=CARTESIAN_POINT('Ctrl Pts',(25.6522185317541,-2.72635842295445,3.7809));
#1552=CARTESIAN_POINT('Ctrl Pts',(25.6522215795246,-2.72635842167366,3.8376));
#1553=CARTESIAN_POINT('Ctrl Pts',(25.6522325357314,-2.72635841706944,4.0041));
#1554=CARTESIAN_POINT('Ctrl Pts',(25.6522488886437,-2.72635841019732,4.1706));
#1555=CARTESIAN_POINT('Ctrl Pts',(25.6522619312503,-2.72635840471631,4.28039999999999));
#1556=CARTESIAN_POINT('Ctrl Pts',(25.6522750784476,-2.72635839919137,4.39380000000002));
#1557=CARTESIAN_POINT('Ctrl Pts',(25.6522872933535,-2.72635839405819,4.50720000000002));
#1558=CARTESIAN_POINT('Ctrl Pts',(25.6522876801942,-2.72635839389563,4.51080000000002));
#1559=CARTESIAN_POINT('Ctrl Pts',(25.6522880661137,-2.72635839373345,4.51440000000002));
#1560=CARTESIAN_POINT('Ctrl Pts',(25.6522884511314,-2.72635839357165,4.51800000000002));
#1561=CARTESIAN_POINT('Ctrl Pts',(25.6522883748232,-2.85830696818069,-0.0179999999999992));
#1562=CARTESIAN_POINT('Ctrl Pts',(25.6522879822959,-2.85830696834565,-0.014399999999999));
#1563=CARTESIAN_POINT('Ctrl Pts',(25.6522875897475,-2.85830696851061,-0.0107999999999988));
#1564=CARTESIAN_POINT('Ctrl Pts',(25.6522871972112,-2.85830696867557,-0.0071999999999987));
#1565=CARTESIAN_POINT('Ctrl Pts',(25.6522810152204,-2.85830697127347,0.0495000000000014));
#1566=CARTESIAN_POINT('Ctrl Pts',(25.6522748388044,-2.85830697386905,0.106200000000001));
#1567=CARTESIAN_POINT('Ctrl Pts',(25.652268764868,-2.85830697642155,0.159300000000001));
#1568=CARTESIAN_POINT('Ctrl Pts',(25.652256525659,-2.85830698156494,0.2691));
#1569=CARTESIAN_POINT('Ctrl Pts',(25.6522458018741,-2.85830698607149,0.3789));
#1570=CARTESIAN_POINT('Ctrl Pts',(25.6522408878187,-2.85830698813656,0.4356));
#1571=CARTESIAN_POINT('Ctrl Pts',(25.6522283611563,-2.85830699340075,0.6057));
#1572=CARTESIAN_POINT('Ctrl Pts',(25.65222286642,-2.85830699570985,0.7758));
#1573=CARTESIAN_POINT('Ctrl Pts',(25.6522226539928,-2.85830699579912,0.8892));
#1574=CARTESIAN_POINT('Ctrl Pts',(25.6522271893902,-2.85830699389317,1.116));
#1575=CARTESIAN_POINT('Ctrl Pts',(25.6522380023599,-2.85830698934914,1.3428));
#1576=CARTESIAN_POINT('Ctrl Pts',(25.6522440406699,-2.85830698681161,1.4562));
#1577=CARTESIAN_POINT('Ctrl Pts',(25.6522556583529,-2.85830698192942,1.683));
#1578=CARTESIAN_POINT('Ctrl Pts',(25.6522642932683,-2.85830697830069,1.9098));
#1579=CARTESIAN_POINT('Ctrl Pts',(25.6522673367392,-2.85830697702171,2.0232));
#1580=CARTESIAN_POINT('Ctrl Pts',(25.6522703809137,-2.85830697574243,2.25));
#1581=CARTESIAN_POINT('Ctrl Pts',(25.6522673367392,-2.85830697702171,2.4768));
#1582=CARTESIAN_POINT('Ctrl Pts',(25.6522642932683,-2.85830697830069,2.5902));
#1583=CARTESIAN_POINT('Ctrl Pts',(25.6522556583529,-2.85830698192941,2.817));
#1584=CARTESIAN_POINT('Ctrl Pts',(25.6522440406699,-2.85830698681161,3.0438));
#1585=CARTESIAN_POINT('Ctrl Pts',(25.6522380023599,-2.85830698934914,3.1572));
#1586=CARTESIAN_POINT('Ctrl Pts',(25.6522298926326,-2.85830699275716,3.3273));
#1587=CARTESIAN_POINT('Ctrl Pts',(25.6522253140398,-2.85830699468126,3.4974));
#1588=CARTESIAN_POINT('Ctrl Pts',(25.6522242951136,-2.85830699510945,3.5541));
#1589=CARTESIAN_POINT('Ctrl Pts',(25.6522235030118,-2.85830699544232,3.6675));
#1590=CARTESIAN_POINT('Ctrl Pts',(25.6522255204403,-2.85830699459452,3.7809));
#1591=CARTESIAN_POINT('Ctrl Pts',(25.6522273109027,-2.8583069938421,3.8376));
#1592=CARTESIAN_POINT('Ctrl Pts',(25.6522349837157,-2.85830699061769,4.0041));
#1593=CARTESIAN_POINT('Ctrl Pts',(25.6522493939568,-2.85830698456195,4.1706));
#1594=CARTESIAN_POINT('Ctrl Pts',(25.6522624915473,-2.85830697905785,4.28040000000001));
#1595=CARTESIAN_POINT('Ctrl Pts',(25.6522748332297,-2.85830697387139,4.39379999999999));
#1596=CARTESIAN_POINT('Ctrl Pts',(25.6522871972113,-2.85830696867557,4.50719999999999));
#1597=CARTESIAN_POINT('Ctrl Pts',(25.6522875897475,-2.85830696851061,4.51079999999999));
#1598=CARTESIAN_POINT('Ctrl Pts',(25.652287982296,-2.85830696834565,4.51439999999999));
#1599=CARTESIAN_POINT('Ctrl Pts',(25.6522883748233,-2.8583069681807,4.51799999999999));
#1600=CARTESIAN_POINT('Ctrl Pts',(25.6522888872587,-3.12220411711932,-0.0180000000000016));
#1601=CARTESIAN_POINT('Ctrl Pts',(25.6522885022992,-3.12220411728109,-0.0144000000000014));
#1602=CARTESIAN_POINT('Ctrl Pts',(25.6522881162251,-3.12220411744333,-0.0108000000000013));
#1603=CARTESIAN_POINT('Ctrl Pts',(25.6522877289168,-3.1222041176061,-0.00720000000000116));
#1604=CARTESIAN_POINT('Ctrl Pts',(25.6522816082968,-3.12220412017822,0.0494999999999989));
#1605=CARTESIAN_POINT('Ctrl Pts',(25.6522751627741,-3.12220412288687,0.106199999999999));
#1606=CARTESIAN_POINT('Ctrl Pts',(25.6522692997424,-3.12220412535075,0.159299999999999));
#1607=CARTESIAN_POINT('Ctrl Pts',(25.6522585236883,-3.12220412987926,0.2691));
#1608=CARTESIAN_POINT('Ctrl Pts',(25.6522508232187,-3.12220413311529,0.3789));
#1609=CARTESIAN_POINT('Ctrl Pts',(25.6522479293876,-3.12220413433139,0.4356));
#1610=CARTESIAN_POINT('Ctrl Pts',(25.652242960568,-3.12220413641948,0.6057));
#1611=CARTESIAN_POINT('Ctrl Pts',(25.6522488718398,-3.12220413393534,0.7758));
#1612=CARTESIAN_POINT('Ctrl Pts',(25.6522574452667,-3.12220413033246,0.8892));
#1613=CARTESIAN_POINT('Ctrl Pts',(25.6522795652823,-3.12220412103678,1.116));
#1614=CARTESIAN_POINT('Ctrl Pts',(25.6523061072606,-3.12220410988282,1.3428));
#1615=CARTESIAN_POINT('Ctrl Pts',(25.6523190199869,-3.12220410445639,1.4562));
#1616=CARTESIAN_POINT('Ctrl Pts',(25.6523421772353,-3.12220409472483,1.683));
#1617=CARTESIAN_POINT('Ctrl Pts',(25.652357772591,-3.12220408817106,1.9098));
#1618=CARTESIAN_POINT('Ctrl Pts',(25.652363117095,-3.12220408592509,2.0232));
#1619=CARTESIAN_POINT('Ctrl Pts',(25.6523684658734,-3.12220408367733,2.25));
#1620=CARTESIAN_POINT('Ctrl Pts',(25.652363117095,-3.12220408592509,2.4768));
#1621=CARTESIAN_POINT('Ctrl Pts',(25.652357772591,-3.12220408817105,2.5902));
#1622=CARTESIAN_POINT('Ctrl Pts',(25.6523421772353,-3.12220409472483,2.817));
#1623=CARTESIAN_POINT('Ctrl Pts',(25.6523190199869,-3.12220410445639,3.0438));
#1624=CARTESIAN_POINT('Ctrl Pts',(25.6523061072606,-3.12220410988281,3.1572));
#1625=CARTESIAN_POINT('Ctrl Pts',(25.6522862007769,-3.12220411824828,3.3273));
#1626=CARTESIAN_POINT('Ctrl Pts',(25.6522687816472,-3.12220412556847,3.4974));
#1627=CARTESIAN_POINT('Ctrl Pts',(25.6522634313621,-3.12220412781687,3.5541));
#1628=CARTESIAN_POINT('Ctrl Pts',(25.6522540608406,-3.12220413175472,3.6675));
#1629=CARTESIAN_POINT('Ctrl Pts',(25.6522480910184,-3.12220413426347,3.7809));
#1630=CARTESIAN_POINT('Ctrl Pts',(25.652246139891,-3.12220413508341,3.8376));
#1631=CARTESIAN_POINT('Ctrl Pts',(25.6522439036672,-3.12220413602315,4.0041));
#1632=CARTESIAN_POINT('Ctrl Pts',(25.6522520918751,-3.12220413258215,4.1706));
#1633=CARTESIAN_POINT('Ctrl Pts',(25.6522619468257,-3.12220412844072,4.28039999999999));
#1634=CARTESIAN_POINT('Ctrl Pts',(25.6522754876769,-3.12220412275034,4.39380000000001));
#1635=CARTESIAN_POINT('Ctrl Pts',(25.6522877289167,-3.1222041176061,4.50720000000001));
#1636=CARTESIAN_POINT('Ctrl Pts',(25.6522881162251,-3.12220411744334,4.51080000000001));
#1637=CARTESIAN_POINT('Ctrl Pts',(25.6522885022992,-3.12220411728109,4.51440000000001));
#1638=CARTESIAN_POINT('Ctrl Pts',(25.6522888872586,-3.12220411711932,4.51800000000001));
#1639=CARTESIAN_POINT('Ctrl Pts',(25.6522876302003,-3.38610126680156,-0.0180000000000019));
#1640=CARTESIAN_POINT('Ctrl Pts',(25.652287248545,-3.38610126696194,-0.0144000000000017));
#1641=CARTESIAN_POINT('Ctrl Pts',(25.6522868710296,-3.38610126712059,-0.0108000000000016));
#1642=CARTESIAN_POINT('Ctrl Pts',(25.6522864977039,-3.38610126727748,-0.00720000000000147));
#1643=CARTESIAN_POINT('Ctrl Pts',(25.6522806841928,-3.38610126972054,0.0494999999999986));
#1644=CARTESIAN_POINT('Ctrl Pts',(25.6522759135832,-3.38610127172533,0.106199999999999));
#1645=CARTESIAN_POINT('Ctrl Pts',(25.652271871974,-3.38610127342377,0.159299999999999));
#1646=CARTESIAN_POINT('Ctrl Pts',(25.6522658518697,-3.38610127595365,0.2691));
#1647=CARTESIAN_POINT('Ctrl Pts',(25.6522664217018,-3.38610127571418,0.3789));
#1648=CARTESIAN_POINT('Ctrl Pts',(25.6522688555968,-3.38610127469137,0.4356));
#1649=CARTESIAN_POINT('Ctrl Pts',(25.6522821398714,-3.3861012691088,0.6057));
#1650=CARTESIAN_POINT('Ctrl Pts',(25.6523108917247,-3.38610125702617,0.7758));
#1651=CARTESIAN_POINT('Ctrl Pts',(25.6523344819195,-3.38610124711266,0.8892));
#1652=CARTESIAN_POINT('Ctrl Pts',(25.6523836091845,-3.3861012264675,1.116));
#1653=CARTESIAN_POINT('Ctrl Pts',(25.6524305054185,-3.3861012067599,1.3428));
#1654=CARTESIAN_POINT('Ctrl Pts',(25.652451699787,-3.38610119785321,1.4562));
#1655=CARTESIAN_POINT('Ctrl Pts',(25.652488182679,-3.38610118252169,1.683));
#1656=CARTESIAN_POINT('Ctrl Pts',(25.6525112013412,-3.38610117284837,1.9098));
#1657=CARTESIAN_POINT('Ctrl Pts',(25.6525189468946,-3.38610116959339,2.0232));
#1658=CARTESIAN_POINT('Ctrl Pts',(25.6525266992608,-3.38610116633554,2.25));
#1659=CARTESIAN_POINT('Ctrl Pts',(25.6525189468946,-3.38610116959339,2.4768));
#1660=CARTESIAN_POINT('Ctrl Pts',(25.6525112013412,-3.38610117284836,2.5902));
#1661=CARTESIAN_POINT('Ctrl Pts',(25.652488182679,-3.38610118252169,2.817));
#1662=CARTESIAN_POINT('Ctrl Pts',(25.652451699787,-3.38610119785321,3.0438));
#1663=CARTESIAN_POINT('Ctrl Pts',(25.6524305054185,-3.3861012067599,3.1572));
#1664=CARTESIAN_POINT('Ctrl Pts',(25.652395333243,-3.38610122154059,3.3273));
#1665=CARTESIAN_POINT('Ctrl Pts',(25.6523589061126,-3.38610123684868,3.4974));
#1666=CARTESIAN_POINT('Ctrl Pts',(25.6523468355098,-3.38610124192121,3.5541));
#1667=CARTESIAN_POINT('Ctrl Pts',(25.6523234013525,-3.38610125176914,3.6675));
#1668=CARTESIAN_POINT('Ctrl Pts',(25.6523027431067,-3.38610126045053,3.7809));
#1669=CARTESIAN_POINT('Ctrl Pts',(25.6522934424424,-3.38610126435903,3.8376));
#1670=CARTESIAN_POINT('Ctrl Pts',(25.6522703458347,-3.38610127406511,4.0041));
#1671=CARTESIAN_POINT('Ctrl Pts',(25.6522620690216,-3.38610127754334,4.1706));
#1672=CARTESIAN_POINT('Ctrl Pts',(25.652267415265,-3.38610127529665,4.2804));
#1673=CARTESIAN_POINT('Ctrl Pts',(25.6522748706819,-3.38610127216359,4.39379999999999));
#1674=CARTESIAN_POINT('Ctrl Pts',(25.6522864977039,-3.38610126727747,4.50719999999999));
#1675=CARTESIAN_POINT('Ctrl Pts',(25.6522868710296,-3.38610126712058,4.51079999999999));
#1676=CARTESIAN_POINT('Ctrl Pts',(25.652287248545,-3.38610126696193,4.51439999999999));
#1677=CARTESIAN_POINT('Ctrl Pts',(25.6522876302003,-3.38610126680155,4.51799999999999));
#1678=CARTESIAN_POINT('Ctrl Pts',(25.6523227883797,-3.51804982660372,-0.017999999999999));
#1679=CARTESIAN_POINT('Ctrl Pts',(25.6523228258007,-3.518049826588,-0.0143999999999988));
#1680=CARTESIAN_POINT('Ctrl Pts',(25.6523227738105,-3.51804982660985,-0.0107999999999986));
#1681=CARTESIAN_POINT('Ctrl Pts',(25.6523226260526,-3.51804982667194,-0.0071999999999985));
#1682=CARTESIAN_POINT('Ctrl Pts',(25.6523187357369,-3.51804982830681,0.0495000000000016));
#1683=CARTESIAN_POINT('Ctrl Pts',(25.6522902284112,-3.51804984028667,0.106200000000001));
#1684=CARTESIAN_POINT('Ctrl Pts',(25.6522749524519,-3.51804984670622,0.1593));
#1685=CARTESIAN_POINT('Ctrl Pts',(25.6522728090065,-3.51804984760698,0.2691));
#1686=CARTESIAN_POINT('Ctrl Pts',(25.6522815461369,-3.5180498439353,0.3789));
#1687=CARTESIAN_POINT('Ctrl Pts',(25.6522864998728,-3.51804984185355,0.4356));
#1688=CARTESIAN_POINT('Ctrl Pts',(25.6523108084295,-3.51804983163816,0.6057));
#1689=CARTESIAN_POINT('Ctrl Pts',(25.6523541850347,-3.51804981340964,0.7758));
#1690=CARTESIAN_POINT('Ctrl Pts',(25.6523874125851,-3.51804979944615,0.8892));
#1691=CARTESIAN_POINT('Ctrl Pts',(25.6524525408745,-3.51804977207673,1.116));
#1692=CARTESIAN_POINT('Ctrl Pts',(25.6525103372677,-3.51804974778847,1.3428));
#1693=CARTESIAN_POINT('Ctrl Pts',(25.652535764846,-3.51804973710282,1.4562));
#1694=CARTESIAN_POINT('Ctrl Pts',(25.6525788829395,-3.51804971898294,1.683));
#1695=CARTESIAN_POINT('Ctrl Pts',(25.6526054007901,-3.51804970783912,1.9098));
#1696=CARTESIAN_POINT('Ctrl Pts',(25.6526142629287,-3.51804970411491,2.0232));
#1697=CARTESIAN_POINT('Ctrl Pts',(25.6526231320696,-3.51804970038775,2.25));
#1698=CARTESIAN_POINT('Ctrl Pts',(25.6526142629287,-3.51804970411491,2.4768));
#1699=CARTESIAN_POINT('Ctrl Pts',(25.6526054007901,-3.51804970783912,2.5902));
#1700=CARTESIAN_POINT('Ctrl Pts',(25.6525788829396,-3.51804971898294,2.817));
#1701=CARTESIAN_POINT('Ctrl Pts',(25.652535764846,-3.51804973710282,3.0438));
#1702=CARTESIAN_POINT('Ctrl Pts',(25.6525103372677,-3.51804974778847,3.1572));
#1703=CARTESIAN_POINT('Ctrl Pts',(25.6524669899728,-3.51804976600467,3.3273));
#1704=CARTESIAN_POINT('Ctrl Pts',(25.6524195184863,-3.51804978595401,3.4974));
#1705=CARTESIAN_POINT('Ctrl Pts',(25.6524034447835,-3.5180497927088,3.5541));
#1706=CARTESIAN_POINT('Ctrl Pts',(25.6523713989185,-3.5180498061757,3.6675));
#1707=CARTESIAN_POINT('Ctrl Pts',(25.6523414207351,-3.51804981877369,3.7809));
#1708=CARTESIAN_POINT('Ctrl Pts',(25.65232738597,-3.51804982467164,3.8376));
#1709=CARTESIAN_POINT('Ctrl Pts',(25.6522911488854,-3.51804983989985,4.0041));
#1710=CARTESIAN_POINT('Ctrl Pts',(25.6522731812773,-3.51804984745053,4.1706));
#1711=CARTESIAN_POINT('Ctrl Pts',(25.6522085967501,-3.51804987459143,4.28040000000001));
#1712=CARTESIAN_POINT('Ctrl Pts',(25.6523148454209,-3.51804982994167,4.39379999999999));
#1713=CARTESIAN_POINT('Ctrl Pts',(25.6523226260525,-3.51804982667195,4.50719999999999));
#1714=CARTESIAN_POINT('Ctrl Pts',(25.6523227738104,-3.51804982660985,4.51079999999999));
#1715=CARTESIAN_POINT('Ctrl Pts',(25.6523228258006,-3.51804982658801,4.51439999999999));
#1716=CARTESIAN_POINT('Ctrl Pts',(25.6523227883796,-3.51804982660373,4.51799999999999));
#1717=CARTESIAN_POINT('Ctrl Pts',(25.6522549002913,-3.71019785225253,-0.0180000000000023));
#1718=CARTESIAN_POINT('Ctrl Pts',(25.652254273699,-3.71019785251585,-0.0144000000000022));
#1719=CARTESIAN_POINT('Ctrl Pts',(25.6522537227337,-3.71019785274738,-0.010800000000002));
#1720=CARTESIAN_POINT('Ctrl Pts',(25.6522532510052,-3.71019785294562,-0.00720000000000191));
#1721=CARTESIAN_POINT('Ctrl Pts',(25.6522470998775,-3.71019785553056,0.0494999999999981));
#1722=CARTESIAN_POINT('Ctrl Pts',(25.6522610811768,-3.71019784965508,0.106199999999999));
#1723=CARTESIAN_POINT('Ctrl Pts',(25.6522727609381,-3.7101978447468,0.159299999999999));
#1724=CARTESIAN_POINT('Ctrl Pts',(25.6522808201087,-3.71019784136003,0.2691));
#1725=CARTESIAN_POINT('Ctrl Pts',(25.6523005648822,-3.71019783306251,0.3789));
#1726=CARTESIAN_POINT('Ctrl Pts',(25.6523174522559,-3.71019782596579,0.4356));
#1727=CARTESIAN_POINT('Ctrl Pts',(25.6523762464514,-3.71019780125821,0.6057));
#1728=CARTESIAN_POINT('Ctrl Pts',(25.6524518152082,-3.71019776950131,0.7758));
#1729=CARTESIAN_POINT('Ctrl Pts',(25.6524994298551,-3.71019774949181,0.8892));
#1730=CARTESIAN_POINT('Ctrl Pts',(25.6525883095336,-3.71019771214115,1.116));
#1731=CARTESIAN_POINT('Ctrl Pts',(25.6526597590095,-3.71019768211533,1.3428));
#1732=CARTESIAN_POINT('Ctrl Pts',(25.6526903130182,-3.71019766927536,1.4562));
#1733=CARTESIAN_POINT('Ctrl Pts',(25.652741171312,-3.71019764790275,1.683));
#1734=CARTESIAN_POINT('Ctrl Pts',(25.6527715056301,-3.7101976351551,1.9098));
#1735=CARTESIAN_POINT('Ctrl Pts',(25.6527815671608,-3.71019763092686,2.0232));
#1736=CARTESIAN_POINT('Ctrl Pts',(25.6527916336159,-3.71019762669655,2.25));
#1737=CARTESIAN_POINT('Ctrl Pts',(25.6527815671608,-3.71019763092686,2.4768));
#1738=CARTESIAN_POINT('Ctrl Pts',(25.6527715056301,-3.7101976351551,2.5902));
#1739=CARTESIAN_POINT('Ctrl Pts',(25.6527411713121,-3.71019764790275,2.817));
#1740=CARTESIAN_POINT('Ctrl Pts',(25.6526903130182,-3.71019766927536,3.0438));
#1741=CARTESIAN_POINT('Ctrl Pts',(25.6526597590095,-3.71019768211533,3.1572));
#1742=CARTESIAN_POINT('Ctrl Pts',(25.6526061719026,-3.71019770463469,3.3273));
#1743=CARTESIAN_POINT('Ctrl Pts',(25.6525427803067,-3.71019773127428,3.4974));
#1744=CARTESIAN_POINT('Ctrl Pts',(25.6525206702231,-3.71019774056578,3.5541));
#1745=CARTESIAN_POINT('Ctrl Pts',(25.6524748100102,-3.71019775983801,3.6675));
#1746=CARTESIAN_POINT('Ctrl Pts',(25.6524271772068,-3.71019777985514,3.7809));
#1747=CARTESIAN_POINT('Ctrl Pts',(25.6524032998771,-3.71019778988932,3.8376));
#1748=CARTESIAN_POINT('Ctrl Pts',(25.6523348036404,-3.71019781867407,4.0041));
#1749=CARTESIAN_POINT('Ctrl Pts',(25.6522823794444,-3.71019784070473,4.1706));
#1750=CARTESIAN_POINT('Ctrl Pts',(25.6523091762024,-3.71019782944371,4.2804));
#1751=CARTESIAN_POINT('Ctrl Pts',(25.6522409487498,-3.7101978581155,4.39380000000001));
#1752=CARTESIAN_POINT('Ctrl Pts',(25.6522532510052,-3.71019785294562,4.50720000000001));
#1753=CARTESIAN_POINT('Ctrl Pts',(25.6522537227337,-3.71019785274738,4.51080000000001));
#1754=CARTESIAN_POINT('Ctrl Pts',(25.6522542736991,-3.71019785251584,4.51440000000001));
#1755=CARTESIAN_POINT('Ctrl Pts',(25.6522549002913,-3.71019785225252,4.51800000000001));
#1756=CARTESIAN_POINT('Ctrl Pts',(25.6523052902208,-3.90234582819637,-0.0180000000000003));
#1757=CARTESIAN_POINT('Ctrl Pts',(25.6523050306962,-3.90234582830543,-0.0144000000000001));
#1758=CARTESIAN_POINT('Ctrl Pts',(25.6523047726198,-3.90234582841388,-0.0108));
#1759=CARTESIAN_POINT('Ctrl Pts',(25.652304514849,-3.90234582852221,-0.00719999999999984));
#1760=CARTESIAN_POINT('Ctrl Pts',(25.6523004503137,-3.90234583023026,0.0495000000000002));
#1761=CARTESIAN_POINT('Ctrl Pts',(25.6522963093848,-3.90234583197046,0.1062));
#1762=CARTESIAN_POINT('Ctrl Pts',(25.6522976128946,-3.90234583142268,0.1593));
#1763=CARTESIAN_POINT('Ctrl Pts',(25.6523314919767,-3.90234581718538,0.2691));
#1764=CARTESIAN_POINT('Ctrl Pts',(25.6523931135439,-3.90234579128963,0.3789));
#1765=CARTESIAN_POINT('Ctrl Pts',(25.6524267823642,-3.9023457771407,0.4356));
#1766=CARTESIAN_POINT('Ctrl Pts',(25.6525282776217,-3.90234573448849,0.6057));
#1767=CARTESIAN_POINT('Ctrl Pts',(25.6526249801933,-3.90234569385035,0.7758));
#1768=CARTESIAN_POINT('Ctrl Pts',(25.6526821773579,-3.9023456698139,0.8892));
#1769=CARTESIAN_POINT('Ctrl Pts',(25.6527849038684,-3.90234562664427,1.116));
#1770=CARTESIAN_POINT('Ctrl Pts',(25.6528627052525,-3.90234559394913,1.3428));
#1771=CARTESIAN_POINT('Ctrl Pts',(25.6528954368459,-3.90234558019406,1.4562));
#1772=CARTESIAN_POINT('Ctrl Pts',(25.652949257881,-3.90234555757639,1.683));
#1773=CARTESIAN_POINT('Ctrl Pts',(25.6529807175823,-3.90234554435582,1.9098));
#1774=CARTESIAN_POINT('Ctrl Pts',(25.6529911001183,-3.90234553999267,2.0232));
#1775=CARTESIAN_POINT('Ctrl Pts',(25.6530014853782,-3.90234553562839,2.25));
#1776=CARTESIAN_POINT('Ctrl Pts',(25.6529911001183,-3.90234553999267,2.4768));
#1777=CARTESIAN_POINT('Ctrl Pts',(25.6529807175823,-3.90234554435582,2.5902));
#1778=CARTESIAN_POINT('Ctrl Pts',(25.652949257881,-3.90234555757639,2.817));
#1779=CARTESIAN_POINT('Ctrl Pts',(25.6528954368459,-3.90234558019406,3.0438));
#1780=CARTESIAN_POINT('Ctrl Pts',(25.6528627052526,-3.90234559394913,3.1572));
#1781=CARTESIAN_POINT('Ctrl Pts',(25.6528043542145,-3.90234561847048,3.3273));
#1782=CARTESIAN_POINT('Ctrl Pts',(25.6527319827927,-3.90234564888374,3.4974));
#1783=CARTESIAN_POINT('Ctrl Pts',(25.6527062966281,-3.90234565967805,3.5541));
#1784=CARTESIAN_POINT('Ctrl Pts',(25.6526518183276,-3.90234568257193,3.6675));
#1785=CARTESIAN_POINT('Ctrl Pts',(25.6525914901188,-3.90234570792416,3.7809));
#1786=CARTESIAN_POINT('Ctrl Pts',(25.6525599792916,-3.90234572116622,3.8376));
#1787=CARTESIAN_POINT('Ctrl Pts',(25.6524637595841,-3.90234576160144,4.0041));
#1788=CARTESIAN_POINT('Ctrl Pts',(25.652362947909,-3.90234580396639,4.1706));
#1789=CARTESIAN_POINT('Ctrl Pts',(25.6522879511338,-3.90234583548292,4.2804));
#1790=CARTESIAN_POINT('Ctrl Pts',(25.6522963857782,-3.90234583193836,4.3938));
#1791=CARTESIAN_POINT('Ctrl Pts',(25.652304514849,-3.90234582852221,4.5072));
#1792=CARTESIAN_POINT('Ctrl Pts',(25.6523047726198,-3.90234582841389,4.5108));
#1793=CARTESIAN_POINT('Ctrl Pts',(25.6523050306962,-3.90234582830543,4.5144));
#1794=CARTESIAN_POINT('Ctrl Pts',(25.6523052902208,-3.90234582819637,4.518));
#1795=CARTESIAN_POINT('Ctrl Pts',(25.6522646881964,-3.96254526780154,-0.0179999999999998));
#1796=CARTESIAN_POINT('Ctrl Pts',(25.6522643113131,-3.96254526795992,-0.0143999999999996));
#1797=CARTESIAN_POINT('Ctrl Pts',(25.6522639703832,-3.96254526810319,-0.0107999999999995));
#1798=CARTESIAN_POINT('Ctrl Pts',(25.6522636634861,-3.96254526823216,-0.00719999999999934));
#1799=CARTESIAN_POINT('Ctrl Pts',(25.6522593488635,-3.96254527004535,0.0495000000000007));
#1800=CARTESIAN_POINT('Ctrl Pts',(25.6522632066368,-3.96254526842415,0.106200000000001));
#1801=CARTESIAN_POINT('Ctrl Pts',(25.6522853280474,-3.96254525912788,0.1593));
#1802=CARTESIAN_POINT('Ctrl Pts',(25.6523521686245,-3.9625452310389,0.2691));
#1803=CARTESIAN_POINT('Ctrl Pts',(25.652432190447,-3.96254519741065,0.3789));
#1804=CARTESIAN_POINT('Ctrl Pts',(25.6524716712473,-3.9625451808193,0.4356));
#1805=CARTESIAN_POINT('Ctrl Pts',(25.6525867544918,-3.96254513245689,0.6057));
#1806=CARTESIAN_POINT('Ctrl Pts',(25.6526875285374,-3.96254509010776,0.7758));
#1807=CARTESIAN_POINT('Ctrl Pts',(25.6527472016846,-3.96254506503081,0.8892));
#1808=CARTESIAN_POINT('Ctrl Pts',(25.6528528627172,-3.96254502062799,1.116));
#1809=CARTESIAN_POINT('Ctrl Pts',(25.652931768211,-3.96254498746886,1.3428));
#1810=CARTESIAN_POINT('Ctrl Pts',(25.6529648314098,-3.96254497357443,1.4562));
#1811=CARTESIAN_POINT('Ctrl Pts',(25.6530190271191,-3.96254495079931,1.683));
#1812=CARTESIAN_POINT('Ctrl Pts',(25.6530505390674,-3.96254493755678,1.9098));
#1813=CARTESIAN_POINT('Ctrl Pts',(25.6530609247204,-3.96254493319233,2.0232));
#1814=CARTESIAN_POINT('Ctrl Pts',(25.6530713125194,-3.96254492882697,2.25));
#1815=CARTESIAN_POINT('Ctrl Pts',(25.6530609247204,-3.96254493319233,2.4768));
#1816=CARTESIAN_POINT('Ctrl Pts',(25.6530505390675,-3.96254493755678,2.5902));
#1817=CARTESIAN_POINT('Ctrl Pts',(25.6530190271191,-3.96254495079931,2.817));
#1818=CARTESIAN_POINT('Ctrl Pts',(25.6529648314098,-3.96254497357443,3.0438));
#1819=CARTESIAN_POINT('Ctrl Pts',(25.652931768211,-3.96254498746886,3.1572));
#1820=CARTESIAN_POINT('Ctrl Pts',(25.6528725890907,-3.9625450123382,3.3273));
#1821=CARTESIAN_POINT('Ctrl Pts',(25.6527983599797,-3.96254504353213,3.4974));
#1822=CARTESIAN_POINT('Ctrl Pts',(25.6527719079267,-3.9625450546483,3.5541));
#1823=CARTESIAN_POINT('Ctrl Pts',(25.6527155285247,-3.96254507834109,3.6675));
#1824=CARTESIAN_POINT('Ctrl Pts',(25.6526521731603,-3.96254510496545,3.7809));
#1825=CARTESIAN_POINT('Ctrl Pts',(25.6526187559293,-3.96254511900866,3.8376));
#1826=CARTESIAN_POINT('Ctrl Pts',(25.6525154458815,-3.96254516242351,4.0041));
#1827=CARTESIAN_POINT('Ctrl Pts',(25.6523984259059,-3.96254521159981,4.1706));
#1828=CARTESIAN_POINT('Ctrl Pts',(25.6522790945791,-3.96254526174742,4.2804));
#1829=CARTESIAN_POINT('Ctrl Pts',(25.6522550342409,-3.96254527185851,4.3938));
#1830=CARTESIAN_POINT('Ctrl Pts',(25.6522636634861,-3.96254526823217,4.5072));
#1831=CARTESIAN_POINT('Ctrl Pts',(25.6522639703832,-3.9625452681032,4.5108));
#1832=CARTESIAN_POINT('Ctrl Pts',(25.6522643113131,-3.96254526795992,4.5144));
#1833=CARTESIAN_POINT('Ctrl Pts',(25.6522646881964,-3.96254526780154,4.518));
#1834=CARTESIAN_POINT('Ctrl Pts',(25.652216412503,-4.02851957537733,-0.0180000000000007));
#1835=CARTESIAN_POINT('Ctrl Pts',(25.652215459802,-4.02851957577769,-0.0144000000000005));
#1836=CARTESIAN_POINT('Ctrl Pts',(25.6522146857273,-4.02851957610299,-0.0108000000000004));
#1837=CARTESIAN_POINT('Ctrl Pts',(25.6522140946516,-4.02851957635138,-0.00720000000000025));
#1838=CARTESIAN_POINT('Ctrl Pts',(25.6522077040704,-4.02851957903695,0.0494999999999998));
#1839=CARTESIAN_POINT('Ctrl Pts',(25.6522472790834,-4.02851956240601,0.1062));
#1840=CARTESIAN_POINT('Ctrl Pts',(25.6523067407018,-4.02851953741795,0.1593));
#1841=CARTESIAN_POINT('Ctrl Pts',(25.6524076261293,-4.02851949502201,0.2691));
#1842=CARTESIAN_POINT('Ctrl Pts',(25.6524977877729,-4.02851945713262,0.3789));
#1843=CARTESIAN_POINT('Ctrl Pts',(25.6525409840811,-4.02851943897987,0.4356));
#1844=CARTESIAN_POINT('Ctrl Pts',(25.6526638455873,-4.02851938734874,0.6057));
#1845=CARTESIAN_POINT('Ctrl Pts',(25.6527665936377,-4.02851934417006,0.7758));
#1846=CARTESIAN_POINT('Ctrl Pts',(25.6528276016658,-4.02851931853214,0.8892));
#1847=CARTESIAN_POINT('Ctrl Pts',(25.6529345235537,-4.02851927359945,1.116));
#1848=CARTESIAN_POINT('Ctrl Pts',(25.6530135486681,-4.02851924039006,1.3428));
#1849=CARTESIAN_POINT('Ctrl Pts',(25.6530465434309,-4.02851922652439,1.4562));
#1850=CARTESIAN_POINT('Ctrl Pts',(25.6531004837957,-4.02851920385658,1.683));
#1851=CARTESIAN_POINT('Ctrl Pts',(25.6531317012256,-4.02851919073781,1.9098));
#1852=CARTESIAN_POINT('Ctrl Pts',(25.6531419766145,-4.0285191864197,2.0232));
#1853=CARTESIAN_POINT('Ctrl Pts',(25.6531522537677,-4.02851918210084,2.25));
#1854=CARTESIAN_POINT('Ctrl Pts',(25.6531419766145,-4.0285191864197,2.4768));
#1855=CARTESIAN_POINT('Ctrl Pts',(25.6531317012256,-4.02851919073781,2.5902));
#1856=CARTESIAN_POINT('Ctrl Pts',(25.6531004837957,-4.02851920385658,2.817));
#1857=CARTESIAN_POINT('Ctrl Pts',(25.6530465434309,-4.02851922652439,3.0438));
#1858=CARTESIAN_POINT('Ctrl Pts',(25.6530135486681,-4.02851924039006,3.1572));
#1859=CARTESIAN_POINT('Ctrl Pts',(25.6529542798323,-4.0285192652971,3.3273));
#1860=CARTESIAN_POINT('Ctrl Pts',(25.6528793190614,-4.0285192967985,3.4974));
#1861=CARTESIAN_POINT('Ctrl Pts',(25.6528525308059,-4.02851930805596,3.5541));
#1862=CARTESIAN_POINT('Ctrl Pts',(25.6527952472631,-4.02851933212871,3.6675));
#1863=CARTESIAN_POINT('Ctrl Pts',(25.6527303085104,-4.02851935941847,3.7809));
#1864=CARTESIAN_POINT('Ctrl Pts',(25.652695860109,-4.02851937389501,3.8376));
#1865=CARTESIAN_POINT('Ctrl Pts',(25.6525887240291,-4.02851941891771,4.0041));
#1866=CARTESIAN_POINT('Ctrl Pts',(25.6524623168476,-4.02851947203887,4.1706));
#1867=CARTESIAN_POINT('Ctrl Pts',(25.6523723947035,-4.02851950982761,4.2804));
#1868=CARTESIAN_POINT('Ctrl Pts',(25.6522013134892,-4.02851958172252,4.3938));
#1869=CARTESIAN_POINT('Ctrl Pts',(25.6522140946516,-4.02851957635138,4.5072));
#1870=CARTESIAN_POINT('Ctrl Pts',(25.6522146857273,-4.02851957610299,4.5108));
#1871=CARTESIAN_POINT('Ctrl Pts',(25.652215459802,-4.02851957577769,4.5144));
#1872=CARTESIAN_POINT('Ctrl Pts',(25.652216412503,-4.02851957537733,4.518));
#1873=CARTESIAN_POINT('Ctrl Pts',(25.6523036232507,-4.09449382601651,-0.0180000000000006));
#1874=CARTESIAN_POINT('Ctrl Pts',(25.6523026744912,-4.09449382641522,-0.0144000000000004));
#1875=CARTESIAN_POINT('Ctrl Pts',(25.6523019087919,-4.094493826737,-0.0108000000000003));
#1876=CARTESIAN_POINT('Ctrl Pts',(25.6523013306326,-4.09449382697996,-0.00720000000000016));
#1877=CARTESIAN_POINT('Ctrl Pts',(25.6522952157892,-4.09449382954966,0.0494999999999998));
#1878=CARTESIAN_POINT('Ctrl Pts',(25.652336205165,-4.09449381232434,0.1062));
#1879=CARTESIAN_POINT('Ctrl Pts',(25.652397444695,-4.09449378658914,0.1593));
#1880=CARTESIAN_POINT('Ctrl Pts',(25.652499242836,-4.09449374380964,0.2691));
#1881=CARTESIAN_POINT('Ctrl Pts',(25.6525890443707,-4.09449370607159,0.3789));
#1882=CARTESIAN_POINT('Ctrl Pts',(25.6526321395385,-4.09449368796134,0.4356));
#1883=CARTESIAN_POINT('Ctrl Pts',(25.6527546946321,-4.09449363645898,0.6057));
#1884=CARTESIAN_POINT('Ctrl Pts',(25.6528571473824,-4.09449359340439,0.7758));
#1885=CARTESIAN_POINT('Ctrl Pts',(25.6529178273362,-4.09449356790434,0.8892));
#1886=CARTESIAN_POINT('Ctrl Pts',(25.6530238815377,-4.09449352333628,1.116));
#1887=CARTESIAN_POINT('Ctrl Pts',(25.6531018312879,-4.0944934905788,1.3428));
#1888=CARTESIAN_POINT('Ctrl Pts',(25.6531342867738,-4.09449347693976,1.4562));
#1889=CARTESIAN_POINT('Ctrl Pts',(25.6531872472806,-4.09449345468372,1.683));
#1890=CARTESIAN_POINT('Ctrl Pts',(25.6532177901369,-4.09449344184843,1.9098));
#1891=CARTESIAN_POINT('Ctrl Pts',(25.6532278328236,-4.09449343762811,2.0232));
#1892=CARTESIAN_POINT('Ctrl Pts',(25.6532378771482,-4.0944934334071,2.25));
#1893=CARTESIAN_POINT('Ctrl Pts',(25.6532278328236,-4.09449343762811,2.4768));
#1894=CARTESIAN_POINT('Ctrl Pts',(25.6532177901369,-4.09449344184843,2.5902));
#1895=CARTESIAN_POINT('Ctrl Pts',(25.6531872472806,-4.09449345468372,2.817));
#1896=CARTESIAN_POINT('Ctrl Pts',(25.6531342867738,-4.09449347693976,3.0438));
#1897=CARTESIAN_POINT('Ctrl Pts',(25.6531018312879,-4.0944934905788,3.1572));
#1898=CARTESIAN_POINT('Ctrl Pts',(25.6530433689752,-4.09449351514691,3.3273));
#1899=CARTESIAN_POINT('Ctrl Pts',(25.6529690979088,-4.09449354635847,3.4974));
#1900=CARTESIAN_POINT('Ctrl Pts',(25.652942520613,-4.09449355752727,3.5541));
#1901=CARTESIAN_POINT('Ctrl Pts',(25.6528856097844,-4.09449358144339,3.6675));
#1902=CARTESIAN_POINT('Ctrl Pts',(25.6528209470193,-4.09449360861717,3.7809));
#1903=CARTESIAN_POINT('Ctrl Pts',(25.6527866119552,-4.09449362304609,3.8376));
#1904=CARTESIAN_POINT('Ctrl Pts',(25.6526797685514,-4.09449366794579,4.0041));
#1905=CARTESIAN_POINT('Ctrl Pts',(25.652553664693,-4.09449372093948,4.1706));
#1906=CARTESIAN_POINT('Ctrl Pts',(25.6524652881361,-4.09449375807871,4.2804));
#1907=CARTESIAN_POINT('Ctrl Pts',(25.6522891009457,-4.09449383211934,4.3938));
#1908=CARTESIAN_POINT('Ctrl Pts',(25.6523013306326,-4.09449382697996,4.5072));
#1909=CARTESIAN_POINT('Ctrl Pts',(25.6523019087918,-4.09449382673699,4.5108));
#1910=CARTESIAN_POINT('Ctrl Pts',(25.6523026744911,-4.09449382641522,4.5144));
#1911=CARTESIAN_POINT('Ctrl Pts',(25.6523036232507,-4.09449382601651,4.518));
#1912=CARTESIAN_POINT('Ctrl Pts',(25.6523123088358,-4.10026868711235,-0.0180000000000007));
#1913=CARTESIAN_POINT('Ctrl Pts',(25.6523113649225,-4.10026868750902,-0.0144000000000006));
#1914=CARTESIAN_POINT('Ctrl Pts',(25.6523106033837,-4.10026868782905,-0.0108000000000004));
#1915=CARTESIAN_POINT('Ctrl Pts',(25.652310028661,-4.10026868807057,-0.00720000000000032));
#1916=CARTESIAN_POINT('Ctrl Pts',(25.6523039562051,-4.10026869062246,0.0494999999999997));
#1917=CARTESIAN_POINT('Ctrl Pts',(25.6523448031013,-4.10026867345701,0.1062));
#1918=CARTESIAN_POINT('Ctrl Pts',(25.6524059196109,-4.10026864777351,0.1593));
#1919=CARTESIAN_POINT('Ctrl Pts',(25.6525075392204,-4.10026860506904,0.2691));
#1920=CARTESIAN_POINT('Ctrl Pts',(25.652597228658,-4.10026856737809,0.3789));
#1921=CARTESIAN_POINT('Ctrl Pts',(25.652640285686,-4.10026854928387,0.4356));
#1922=CARTESIAN_POINT('Ctrl Pts',(25.6527627520458,-4.10026849781879,0.6057));
#1923=CARTESIAN_POINT('Ctrl Pts',(25.652865161663,-4.10026845478234,0.7758));
#1924=CARTESIAN_POINT('Ctrl Pts',(25.6529258001303,-4.10026842929972,0.8892));
#1925=CARTESIAN_POINT('Ctrl Pts',(25.6530317620749,-4.10026838477043,1.116));
#1926=CARTESIAN_POINT('Ctrl Pts',(25.653109608539,-4.10026835205636,1.3428));
#1927=CARTESIAN_POINT('Ctrl Pts',(25.6531420132146,-4.10026833843867,1.4562));
#1928=CARTESIAN_POINT('Ctrl Pts',(25.6531948824046,-4.100268316221,1.683));
#1929=CARTESIAN_POINT('Ctrl Pts',(25.6532253633059,-4.10026830341175,1.9098));
#1930=CARTESIAN_POINT('Ctrl Pts',(25.6532353846871,-4.10026829920038,2.0232));
#1931=CARTESIAN_POINT('Ctrl Pts',(25.6532454076972,-4.10026829498833,2.25));
#1932=CARTESIAN_POINT('Ctrl Pts',(25.6532353846871,-4.10026829920038,2.4768));
#1933=CARTESIAN_POINT('Ctrl Pts',(25.653225363306,-4.10026830341175,2.5902));
#1934=CARTESIAN_POINT('Ctrl Pts',(25.6531948824046,-4.100268316221,2.817));
#1935=CARTESIAN_POINT('Ctrl Pts',(25.6531420132146,-4.10026833843867,3.0438));
#1936=CARTESIAN_POINT('Ctrl Pts',(25.653109608539,-4.10026835205636,3.1572));
#1937=CARTESIAN_POINT('Ctrl Pts',(25.6530512236909,-4.10026837659191,3.3273));
#1938=CARTESIAN_POINT('Ctrl Pts',(25.6529770238851,-4.10026840777353,3.4974));
#1939=CARTESIAN_POINT('Ctrl Pts',(25.6529504692464,-4.10026841893281,3.5541));
#1940=CARTESIAN_POINT('Ctrl Pts',(25.6528936008208,-4.10026844283111,3.6675));
#1941=CARTESIAN_POINT('Ctrl Pts',(25.6528289764428,-4.10026846998875,3.7809));
#1942=CARTESIAN_POINT('Ctrl Pts',(25.6527946600579,-4.10026848440982,3.8376));
#1943=CARTESIAN_POINT('Ctrl Pts',(25.6526878737529,-4.10026852928553,4.0041));
#1944=CARTESIAN_POINT('Ctrl Pts',(25.6525618706841,-4.10026858223686,4.1706));
#1945=CARTESIAN_POINT('Ctrl Pts',(25.6524734162459,-4.10026861940882,4.2804));
#1946=CARTESIAN_POINT('Ctrl Pts',(25.652297883749,-4.10026869317433,4.3938));
#1947=CARTESIAN_POINT('Ctrl Pts',(25.652310028661,-4.10026868807057,4.5072));
#1948=CARTESIAN_POINT('Ctrl Pts',(25.6523106033837,-4.10026868782905,4.5108));
#1949=CARTESIAN_POINT('Ctrl Pts',(25.6523113649225,-4.10026868750902,4.5144));
#1950=CARTESIAN_POINT('Ctrl Pts',(25.6523123088358,-4.10026868711235,4.518));
#1951=CARTESIAN_POINT('Ctrl Pts',(25.6524330163081,-4.17201778842078,-0.0180000000000005));
#1952=CARTESIAN_POINT('Ctrl Pts',(25.6524321859061,-4.17201778876975,-0.0144000000000003));
#1953=CARTESIAN_POINT('Ctrl Pts',(25.6524315166216,-4.17201778905101,-0.0108000000000001));
#1954=CARTESIAN_POINT('Ctrl Pts',(25.6524310118808,-4.17201778926312,-0.00720000000000006));
#1955=CARTESIAN_POINT('Ctrl Pts',(25.6524256820621,-4.1720177915029,0.0495000000000002));
#1956=CARTESIAN_POINT('Ctrl Pts',(25.6524616088679,-4.17201777640509,0.1062));
#1957=CARTESIAN_POINT('Ctrl Pts',(25.6525177983519,-4.1720177527921,0.159300000000001));
#1958=CARTESIAN_POINT('Ctrl Pts',(25.652614033214,-4.17201771235052,0.2691));
#1959=CARTESIAN_POINT('Ctrl Pts',(25.6527013379113,-4.17201767566172,0.378900000000001));
#1960=CARTESIAN_POINT('Ctrl Pts',(25.6527435621569,-4.17201765791747,0.4356));
#1961=CARTESIAN_POINT('Ctrl Pts',(25.6528641645357,-4.17201760723573,0.605699999999999));
#1962=CARTESIAN_POINT('Ctrl Pts',(25.6529658236739,-4.17201756451464,0.775799999999999));
#1963=CARTESIAN_POINT('Ctrl Pts',(25.6530257887216,-4.17201753931502,0.889199999999999));
#1964=CARTESIAN_POINT('Ctrl Pts',(25.6531304022059,-4.17201749535241,1.116));
#1965=CARTESIAN_POINT('Ctrl Pts',(25.6532068517189,-4.17201746322537,1.3428));
#1966=CARTESIAN_POINT('Ctrl Pts',(25.6532385803586,-4.17201744989179,1.4562));
#1967=CARTESIAN_POINT('Ctrl Pts',(25.6532902461618,-4.17201742817982,1.683));
#1968=CARTESIAN_POINT('Ctrl Pts',(25.6533199212523,-4.17201741570921,1.9098));
#1969=CARTESIAN_POINT('Ctrl Pts',(25.6533296663161,-4.17201741161397,2.0232));
#1970=CARTESIAN_POINT('Ctrl Pts',(25.6533394129192,-4.17201740751807,2.25));
#1971=CARTESIAN_POINT('Ctrl Pts',(25.6533296663161,-4.17201741161397,2.4768));
#1972=CARTESIAN_POINT('Ctrl Pts',(25.6533199212523,-4.17201741570921,2.5902));
#1973=CARTESIAN_POINT('Ctrl Pts',(25.6532902461619,-4.17201742817982,2.817));
#1974=CARTESIAN_POINT('Ctrl Pts',(25.6532385803586,-4.17201744989179,3.0438));
#1975=CARTESIAN_POINT('Ctrl Pts',(25.6532068517189,-4.17201746322537,3.1572));
#1976=CARTESIAN_POINT('Ctrl Pts',(25.6531495145843,-4.17201748732065,3.3273));
#1977=CARTESIAN_POINT('Ctrl Pts',(25.6530763352156,-4.17201751807344,3.4974));
#1978=CARTESIAN_POINT('Ctrl Pts',(25.6530501140464,-4.17201752909258,3.5541));
#1979=CARTESIAN_POINT('Ctrl Pts',(25.6529938936371,-4.17201755271856,3.6675));
#1980=CARTESIAN_POINT('Ctrl Pts',(25.6529299221987,-4.17201757960181,3.78089999999999));
#1981=CARTESIAN_POINT('Ctrl Pts',(25.6528959461106,-4.17201759387988,3.83759999999999));
#1982=CARTESIAN_POINT('Ctrl Pts',(25.6527902577134,-4.17201763829418,4.0041));
#1983=CARTESIAN_POINT('Ctrl Pts',(25.6526664194209,-4.17201769033582,4.1706));
#1984=CARTESIAN_POINT('Ctrl Pts',(25.6525747190986,-4.17201772887181,4.2804));
#1985=CARTESIAN_POINT('Ctrl Pts',(25.6524203522461,-4.1720177937427,4.3938));
#1986=CARTESIAN_POINT('Ctrl Pts',(25.6524310118807,-4.17201778926311,4.5072));
#1987=CARTESIAN_POINT('Ctrl Pts',(25.6524315166215,-4.172017789051,4.5108));
#1988=CARTESIAN_POINT('Ctrl Pts',(25.6524321859061,-4.17201778876974,4.5144));
#1989=CARTESIAN_POINT('Ctrl Pts',(25.652433016308,-4.17201778842077,4.518));
#1990=CARTESIAN_POINT('Ctrl Pts',(25.6527047703335,-4.24376682625364,-0.0179999999999992));
#1991=CARTESIAN_POINT('Ctrl Pts',(25.6527046550932,-4.24376682630206,-0.014399999999999));
#1992=CARTESIAN_POINT('Ctrl Pts',(25.6527045356332,-4.24376682635227,-0.0107999999999989));
#1993=CARTESIAN_POINT('Ctrl Pts',(25.6527044085835,-4.24376682640566,-0.00719999999999875));
#1994=CARTESIAN_POINT('Ctrl Pts',(25.6527022586523,-4.24376682730914,0.0495000000000013));
#1995=CARTESIAN_POINT('Ctrl Pts',(25.6526977616329,-4.24376682919896,0.106200000000001));
#1996=CARTESIAN_POINT('Ctrl Pts',(25.6527091577292,-4.24376682440989,0.159300000000001));
#1997=CARTESIAN_POINT('Ctrl Pts',(25.6527623689659,-4.24376680204848,0.2691));
#1998=CARTESIAN_POINT('Ctrl Pts',(25.6528352193854,-4.24376677143393,0.3789));
#1999=CARTESIAN_POINT('Ctrl Pts',(25.6528722735826,-4.24376675586233,0.4356));
#2000=CARTESIAN_POINT('Ctrl Pts',(25.6529817330374,-4.24376670986326,0.6057));
#2001=CARTESIAN_POINT('Ctrl Pts',(25.6530799650509,-4.24376666858239,0.7758));
#2002=CARTESIAN_POINT('Ctrl Pts',(25.6531373145947,-4.2437666444819,0.8892));
#2003=CARTESIAN_POINT('Ctrl Pts',(25.6532380759447,-4.24376660213811,1.116));
#2004=CARTESIAN_POINT('Ctrl Pts',(25.6533117184283,-4.24376657119071,1.3428));
#2005=CARTESIAN_POINT('Ctrl Pts',(25.6533422163074,-4.24376655837432,1.4562));
#2006=CARTESIAN_POINT('Ctrl Pts',(25.6533918254598,-4.24376653752665,1.683));
#2007=CARTESIAN_POINT('Ctrl Pts',(25.6534202479454,-4.24376652558243,1.9098));
#2008=CARTESIAN_POINT('Ctrl Pts',(25.6534295728807,-4.24376652166373,2.0232));
#2009=CARTESIAN_POINT('Ctrl Pts',(25.6534388995593,-4.2437665177443,2.25));
#2010=CARTESIAN_POINT('Ctrl Pts',(25.6534295728807,-4.24376652166373,2.4768));
#2011=CARTESIAN_POINT('Ctrl Pts',(25.6534202479454,-4.24376652558243,2.5902));
#2012=CARTESIAN_POINT('Ctrl Pts',(25.6533918254598,-4.24376653752665,2.817));
#2013=CARTESIAN_POINT('Ctrl Pts',(25.6533422163074,-4.24376655837432,3.0438));
#2014=CARTESIAN_POINT('Ctrl Pts',(25.6533117184283,-4.2437665711907,3.1572));
#2015=CARTESIAN_POINT('Ctrl Pts',(25.6532564865656,-4.24376659440126,3.3273));
#2016=CARTESIAN_POINT('Ctrl Pts',(25.6531860003406,-4.24376662402228,3.4974));
#2017=CARTESIAN_POINT('Ctrl Pts',(25.6531607558362,-4.24376663463099,3.5541));
#2018=CARTESIAN_POINT('Ctrl Pts',(25.6531066822531,-4.24376665735479,3.6675));
#2019=CARTESIAN_POINT('Ctrl Pts',(25.6530455338658,-4.24376668305169,3.7809));
#2020=CARTESIAN_POINT('Ctrl Pts',(25.6530132295484,-4.24376669662721,3.8376));
#2021=CARTESIAN_POINT('Ctrl Pts',(25.6529134132449,-4.24376673857386,4.0041));
#2022=CARTESIAN_POINT('Ctrl Pts',(25.6528028397066,-4.24376678504111,4.1706));
#2023=CARTESIAN_POINT('Ctrl Pts',(25.6526864205062,-4.24376683396493,4.2804));
#2024=CARTESIAN_POINT('Ctrl Pts',(25.6527001087209,-4.24376682821262,4.3938));
#2025=CARTESIAN_POINT('Ctrl Pts',(25.6527044085835,-4.24376682640565,4.5072));
#2026=CARTESIAN_POINT('Ctrl Pts',(25.6527045356331,-4.24376682635226,4.5108));
#2027=CARTESIAN_POINT('Ctrl Pts',(25.6527046550931,-4.24376682630206,4.5144));
#2028=CARTESIAN_POINT('Ctrl Pts',(25.6527047703334,-4.24376682625363,4.518));
#2029=CARTESIAN_POINT('Ctrl Pts',(25.6528960709666,-4.30974103315025,-0.0180000000000007));
#2030=CARTESIAN_POINT('Ctrl Pts',(25.6528959254815,-4.30974103321139,-0.0144000000000006));
#2031=CARTESIAN_POINT('Ctrl Pts',(25.6528957868196,-4.30974103326966,-0.0108000000000004));
#2032=CARTESIAN_POINT('Ctrl Pts',(25.6528956544007,-4.30974103332531,-0.00720000000000028));
#2033=CARTESIAN_POINT('Ctrl Pts',(25.6528936622649,-4.30974103416246,0.0494999999999997));
#2034=CARTESIAN_POINT('Ctrl Pts',(25.6528931374016,-4.30974103438305,0.1062));
#2035=CARTESIAN_POINT('Ctrl Pts',(25.6528959191661,-4.30974103321404,0.1593));
#2036=CARTESIAN_POINT('Ctrl Pts',(25.6529244452184,-4.3097410212263,0.2691));
#2037=CARTESIAN_POINT('Ctrl Pts',(25.6529783387489,-4.30974099857816,0.3789));
#2038=CARTESIAN_POINT('Ctrl Pts',(25.6530091793927,-4.30974098561774,0.4356));
#2039=CARTESIAN_POINT('Ctrl Pts',(25.6531033827884,-4.30974094602985,0.6057));
#2040=CARTESIAN_POINT('Ctrl Pts',(25.6531955643682,-4.3097409072916,0.7758));
#2041=CARTESIAN_POINT('Ctrl Pts',(25.6532492798214,-4.3097408847183,0.889199999999999));
#2042=CARTESIAN_POINT('Ctrl Pts',(25.6533444625674,-4.30974084471885,1.116));
#2043=CARTESIAN_POINT('Ctrl Pts',(25.6534143522521,-4.30974081534852,1.3428));
#2044=CARTESIAN_POINT('Ctrl Pts',(25.6534432608544,-4.30974080320001,1.4562));
#2045=CARTESIAN_POINT('Ctrl Pts',(25.653490274981,-4.30974078344287,1.683));
#2046=CARTESIAN_POINT('Ctrl Pts',(25.6535171792426,-4.30974077213666,1.9098));
#2047=CARTESIAN_POINT('Ctrl Pts',(25.6535260003243,-4.30974076842971,2.0232));
#2048=CARTESIAN_POINT('Ctrl Pts',(25.653534823544,-4.30974076472185,2.25));
#2049=CARTESIAN_POINT('Ctrl Pts',(25.6535260003243,-4.30974076842971,2.4768));
#2050=CARTESIAN_POINT('Ctrl Pts',(25.6535171792426,-4.30974077213666,2.5902));
#2051=CARTESIAN_POINT('Ctrl Pts',(25.653490274981,-4.30974078344287,2.817));
#2052=CARTESIAN_POINT('Ctrl Pts',(25.6534432608544,-4.30974080320001,3.0438));
#2053=CARTESIAN_POINT('Ctrl Pts',(25.6534143522521,-4.30974081534852,3.1572));
#2054=CARTESIAN_POINT('Ctrl Pts',(25.6533619349886,-4.30974083737627,3.3273));
#2055=CARTESIAN_POINT('Ctrl Pts',(25.6532952903781,-4.3097408653829,3.4974));
#2056=CARTESIAN_POINT('Ctrl Pts',(25.653271464693,-4.30974087539536,3.5541));
#2057=CARTESIAN_POINT('Ctrl Pts',(25.6532205699396,-4.3097408967833,3.6675));
#2058=CARTESIAN_POINT('Ctrl Pts',(25.6531636819587,-4.30974092068981,3.7809));
#2059=CARTESIAN_POINT('Ctrl Pts',(25.6531338853355,-4.3097409332115,3.8376));
#2060=CARTESIAN_POINT('Ctrl Pts',(25.6530429950132,-4.30974097140711,4.00409999999999));
#2061=CARTESIAN_POINT('Ctrl Pts',(25.6529501675488,-4.30974101041678,4.1706));
#2062=CARTESIAN_POINT('Ctrl Pts',(25.6528935549477,-4.30974103420757,4.2804));
#2063=CARTESIAN_POINT('Ctrl Pts',(25.652891670129,-4.30974103499964,4.3938));
#2064=CARTESIAN_POINT('Ctrl Pts',(25.6528956544006,-4.3097410333253,4.5072));
#2065=CARTESIAN_POINT('Ctrl Pts',(25.6528957868196,-4.30974103326965,4.5108));
#2066=CARTESIAN_POINT('Ctrl Pts',(25.6528959254815,-4.30974103321138,4.5144));
#2067=CARTESIAN_POINT('Ctrl Pts',(25.6528960709666,-4.30974103315024,4.518));
#2068=CARTESIAN_POINT('Ctrl Pts',(25.6533331283111,-4.50347486771006,-0.0180000000000028));
#2069=CARTESIAN_POINT('Ctrl Pts',(25.6533328081881,-4.50347486784459,-0.0144000000000027));
#2070=CARTESIAN_POINT('Ctrl Pts',(25.6533325554115,-4.50347486795081,-0.0108000000000025));
#2071=CARTESIAN_POINT('Ctrl Pts',(25.6533323720152,-4.50347486802788,-0.00720000000000244));
#2072=CARTESIAN_POINT('Ctrl Pts',(25.6533305930187,-4.50347486877549,0.0494999999999975));
#2073=CARTESIAN_POINT('Ctrl Pts',(25.6533462822219,-4.50347486218228,0.106199999999998));
#2074=CARTESIAN_POINT('Ctrl Pts',(25.6533666659675,-4.50347485361625,0.159299999999999));
#2075=CARTESIAN_POINT('Ctrl Pts',(25.6533917402317,-4.50347484307907,0.2691));
#2076=CARTESIAN_POINT('Ctrl Pts',(25.6534179706344,-4.50347483205605,0.3789));
#2077=CARTESIAN_POINT('Ctrl Pts',(25.6534351902009,-4.50347482481973,0.4356));
#2078=CARTESIAN_POINT('Ctrl Pts',(25.6534926520051,-4.50347480067207,0.6057));
#2079=CARTESIAN_POINT('Ctrl Pts',(25.6535601477038,-4.50347477230778,0.7758));
#2080=CARTESIAN_POINT('Ctrl Pts',(25.6536018085456,-4.50347475480029,0.8892));
#2081=CARTESIAN_POINT('Ctrl Pts',(25.6536763643604,-4.50347472346907,1.116));
#2082=CARTESIAN_POINT('Ctrl Pts',(25.6537323213875,-4.50347469995378,1.3428));
#2083=CARTESIAN_POINT('Ctrl Pts',(25.6537554394009,-4.5034746902387,1.4562));
#2084=CARTESIAN_POINT('Ctrl Pts',(25.6537930660314,-4.50347467442654,1.683));
#2085=CARTESIAN_POINT('Ctrl Pts',(25.6538145782839,-4.50347466538626,1.9098));
#2086=CARTESIAN_POINT('Ctrl Pts',(25.6538216213215,-4.50347466242651,2.0232));
#2087=CARTESIAN_POINT('Ctrl Pts',(25.6538286676512,-4.50347465946537,2.25));
#2088=CARTESIAN_POINT('Ctrl Pts',(25.6538216213215,-4.50347466242651,2.4768));
#2089=CARTESIAN_POINT('Ctrl Pts',(25.6538145782839,-4.50347466538626,2.5902));
#2090=CARTESIAN_POINT('Ctrl Pts',(25.6537930660314,-4.50347467442654,2.817));
#2091=CARTESIAN_POINT('Ctrl Pts',(25.6537554394009,-4.5034746902387,3.0438));
#2092=CARTESIAN_POINT('Ctrl Pts',(25.6537323213876,-4.50347469995377,3.1572));
#2093=CARTESIAN_POINT('Ctrl Pts',(25.6536903536172,-4.50347471759024,3.3273));
#2094=CARTESIAN_POINT('Ctrl Pts',(25.6536379240288,-4.50347473962317,3.4974));
#2095=CARTESIAN_POINT('Ctrl Pts',(25.6536193200719,-4.50347474744127,3.5541));
#2096=CARTESIAN_POINT('Ctrl Pts',(25.6535800323562,-4.50347476395148,3.6675));
#2097=CARTESIAN_POINT('Ctrl Pts',(25.6535378127893,-4.50347478169377,3.7809));
#2098=CARTESIAN_POINT('Ctrl Pts',(25.6535162654485,-4.50347479074879,3.8376));
#2099=CARTESIAN_POINT('Ctrl Pts',(25.6534534720759,-4.50347481713697,4.0041));
#2100=CARTESIAN_POINT('Ctrl Pts',(25.6534002923769,-4.50347483948513,4.17059999999999));
#2101=CARTESIAN_POINT('Ctrl Pts',(25.6533951288281,-4.50347484165505,4.28039999999999));
#2102=CARTESIAN_POINT('Ctrl Pts',(25.6533288140222,-4.50347486952308,4.3938));
#2103=CARTESIAN_POINT('Ctrl Pts',(25.6533323720152,-4.50347486802788,4.5072));
#2104=CARTESIAN_POINT('Ctrl Pts',(25.6533325554115,-4.50347486795081,4.5108));
#2105=CARTESIAN_POINT('Ctrl Pts',(25.6533328081881,-4.50347486784459,4.5144));
#2106=CARTESIAN_POINT('Ctrl Pts',(25.6533331283111,-4.50347486771006,4.518));
#2107=CARTESIAN_POINT('Ctrl Pts',(25.6538900255374,-4.69720865190854,-0.0179999999999956));
#2108=CARTESIAN_POINT('Ctrl Pts',(25.6538902470185,-4.69720865181546,-0.0143999999999954));
#2109=CARTESIAN_POINT('Ctrl Pts',(25.6538904256388,-4.6972086517404,-0.0107999999999952));
#2110=CARTESIAN_POINT('Ctrl Pts',(25.6538905588709,-4.69720865168441,-0.00719999999999507));
#2111=CARTESIAN_POINT('Ctrl Pts',(25.6538919210475,-4.69720865111196,0.049500000000005));
#2112=CARTESIAN_POINT('Ctrl Pts',(25.653881685243,-4.69720865541345,0.106200000000004));
#2113=CARTESIAN_POINT('Ctrl Pts',(25.6538747302159,-4.69720865833622,0.159300000000002));
#2114=CARTESIAN_POINT('Ctrl Pts',(25.65388444875,-4.69720865425212,0.269100000000001));
#2115=CARTESIAN_POINT('Ctrl Pts',(25.6539049486354,-4.69720864563728,0.3789));
#2116=CARTESIAN_POINT('Ctrl Pts',(25.6539149827725,-4.69720864142055,0.4356));
#2117=CARTESIAN_POINT('Ctrl Pts',(25.6539480421565,-4.69720862752773,0.6057));
#2118=CARTESIAN_POINT('Ctrl Pts',(25.6539856361317,-4.69720861172929,0.7758));
#2119=CARTESIAN_POINT('Ctrl Pts',(25.6540109823681,-4.69720860107783,0.889199999999999));
#2120=CARTESIAN_POINT('Ctrl Pts',(25.6540568923756,-4.69720858178468,1.116));
#2121=CARTESIAN_POINT('Ctrl Pts',(25.6540926243415,-4.69720856676873,1.3428));
#2122=CARTESIAN_POINT('Ctrl Pts',(25.6541074975127,-4.69720856051845,1.4562));
#2123=CARTESIAN_POINT('Ctrl Pts',(25.6541318238512,-4.69720855029559,1.683));
#2124=CARTESIAN_POINT('Ctrl Pts',(25.6541458410616,-4.69720854440502,1.9098));
#2125=CARTESIAN_POINT('Ctrl Pts',(25.654150434664,-4.69720854247461,2.0232));
#2126=CARTESIAN_POINT('Ctrl Pts',(25.6541550317391,-4.69720854054274,2.25));
#2127=CARTESIAN_POINT('Ctrl Pts',(25.654150434664,-4.69720854247461,2.4768));
#2128=CARTESIAN_POINT('Ctrl Pts',(25.6541458410616,-4.69720854440502,2.5902));
#2129=CARTESIAN_POINT('Ctrl Pts',(25.6541318238512,-4.69720855029559,2.817));
#2130=CARTESIAN_POINT('Ctrl Pts',(25.6541074975127,-4.69720856051845,3.0438));
#2131=CARTESIAN_POINT('Ctrl Pts',(25.6540926243416,-4.69720856676873,3.1572));
#2132=CARTESIAN_POINT('Ctrl Pts',(25.6540658253671,-4.69720857803069,3.3273));
#2133=CARTESIAN_POINT('Ctrl Pts',(25.6540333012443,-4.69720859169858,3.4974));
#2134=CARTESIAN_POINT('Ctrl Pts',(25.6540218823405,-4.69720859649724,3.5541));
#2135=CARTESIAN_POINT('Ctrl Pts',(25.6539981306137,-4.69720860647863,3.6675));
#2136=CARTESIAN_POINT('Ctrl Pts',(25.6539734437473,-4.697208616853,3.7809));
#2137=CARTESIAN_POINT('Ctrl Pts',(25.653961077325,-4.69720862204985,3.8376));
#2138=CARTESIAN_POINT('Ctrl Pts',(25.6539257585299,-4.69720863689216,4.0041));
#2139=CARTESIAN_POINT('Ctrl Pts',(25.6538947844167,-4.69720864990867,4.17059999999999));
#2140=CARTESIAN_POINT('Ctrl Pts',(25.653849615653,-4.69720866889033,4.28039999999999));
#2141=CARTESIAN_POINT('Ctrl Pts',(25.6538932832239,-4.69720865053953,4.39379999999999));
#2142=CARTESIAN_POINT('Ctrl Pts',(25.6538905588709,-4.69720865168441,4.5072));
#2143=CARTESIAN_POINT('Ctrl Pts',(25.6538904256388,-4.6972086517404,4.5108));
#2144=CARTESIAN_POINT('Ctrl Pts',(25.6538902470184,-4.69720865181546,4.5144));
#2145=CARTESIAN_POINT('Ctrl Pts',(25.6538900255373,-4.69720865190854,4.518));
#2146=CARTESIAN_POINT('Ctrl Pts',(25.6541863859332,-4.82496825830612,-0.0179999999999998));
#2147=CARTESIAN_POINT('Ctrl Pts',(25.6541863996138,-4.82496825830037,-0.0143999999999997));
#2148=CARTESIAN_POINT('Ctrl Pts',(25.6541864353365,-4.82496825828536,-0.0107999999999995));
#2149=CARTESIAN_POINT('Ctrl Pts',(25.6541864938136,-4.82496825826078,-0.00719999999999943));
#2150=CARTESIAN_POINT('Ctrl Pts',(25.6541877793542,-4.82496825772056,0.0495000000000004));
#2151=CARTESIAN_POINT('Ctrl Pts',(25.6541948058294,-4.82496825476776,0.1062));
#2152=CARTESIAN_POINT('Ctrl Pts',(25.6542027822741,-4.82496825141575,0.1593));
#2153=CARTESIAN_POINT('Ctrl Pts',(25.6542146953757,-4.82496824640941,0.269100000000001));
#2154=CARTESIAN_POINT('Ctrl Pts',(25.6542288943612,-4.82496824044245,0.378899999999999));
#2155=CARTESIAN_POINT('Ctrl Pts',(25.6542361972797,-4.82496823737348,0.435599999999999));
#2156=CARTESIAN_POINT('Ctrl Pts',(25.6542571915402,-4.82496822855089,0.605700000000003));
#2157=CARTESIAN_POINT('Ctrl Pts',(25.6542801036775,-4.82496821892232,0.775799999999993));
#2158=CARTESIAN_POINT('Ctrl Pts',(25.6542946906898,-4.8249682127923,0.889199999999995));
#2159=CARTESIAN_POINT('Ctrl Pts',(25.6543218242359,-4.82496820138975,1.11600000000001));
#2160=CARTESIAN_POINT('Ctrl Pts',(25.6543433349294,-4.82496819235011,1.34279999999999));
#2161=CARTESIAN_POINT('Ctrl Pts',(25.6543523634903,-4.82496818855597,1.4562));
#2162=CARTESIAN_POINT('Ctrl Pts',(25.6543672310593,-4.82496818230805,1.683));
#2163=CARTESIAN_POINT('Ctrl Pts',(25.6543759065524,-4.82496817866227,1.90979999999999));
#2164=CARTESIAN_POINT('Ctrl Pts',(25.6543787604171,-4.82496817746297,2.0232));
#2165=CARTESIAN_POINT('Ctrl Pts',(25.6543816055136,-4.82496817626736,2.25));
#2166=CARTESIAN_POINT('Ctrl Pts',(25.6543787604171,-4.82496817746296,2.47679999999999));
#2167=CARTESIAN_POINT('Ctrl Pts',(25.6543759065525,-4.82496817866226,2.5902));
#2168=CARTESIAN_POINT('Ctrl Pts',(25.6543672310592,-4.82496818230806,2.817));
#2169=CARTESIAN_POINT('Ctrl Pts',(25.6543523634903,-4.82496818855597,3.0438));
#2170=CARTESIAN_POINT('Ctrl Pts',(25.6543433349294,-4.82496819235012,3.1572));
#2171=CARTESIAN_POINT('Ctrl Pts',(25.6543272019093,-4.82496819912983,3.3273));
#2172=CARTESIAN_POINT('Ctrl Pts',(25.6543079060346,-4.82496820723871,3.4974));
#2173=CARTESIAN_POINT('Ctrl Pts',(25.6543011560671,-4.8249682100753,3.5541));
#2174=CARTESIAN_POINT('Ctrl Pts',(25.6542870941785,-4.82496821598464,3.6675));
#2175=CARTESIAN_POINT('Ctrl Pts',(25.654272468002,-4.82496822213113,3.7809));
#2176=CARTESIAN_POINT('Ctrl Pts',(25.6542650420167,-4.82496822525182,3.8376));
#2177=CARTESIAN_POINT('Ctrl Pts',(25.6542432405546,-4.82496823441362,4.00409999999999));
#2178=CARTESIAN_POINT('Ctrl Pts',(25.6542232766484,-4.82496824280323,4.17060000000001));
#2179=CARTESIAN_POINT('Ctrl Pts',(25.6542145997145,-4.82496824644962,4.2804));
#2180=CARTESIAN_POINT('Ctrl Pts',(25.6541890648948,-4.82496825718033,4.3938));
#2181=CARTESIAN_POINT('Ctrl Pts',(25.6541864938137,-4.8249682582608,4.5072));
#2182=CARTESIAN_POINT('Ctrl Pts',(25.6541864353366,-4.82496825828537,4.5108));
#2183=CARTESIAN_POINT('Ctrl Pts',(25.6541863996139,-4.82496825830039,4.5144));
#2184=CARTESIAN_POINT('Ctrl Pts',(25.6541863859332,-4.82496825830613,4.518));
#2185=CARTESIAN_POINT('Ctrl Pts',(25.6545505016375,-4.95691667986769,-0.018));
#2186=CARTESIAN_POINT('Ctrl Pts',(25.6545506179316,-4.95691667981881,-0.0143999999999998));
#2187=CARTESIAN_POINT('Ctrl Pts',(25.6545507269463,-4.956916679773,-0.0107999999999996));
#2188=CARTESIAN_POINT('Ctrl Pts',(25.6545508286086,-4.95691667973028,-0.00719999999999952));
#2189=CARTESIAN_POINT('Ctrl Pts',(25.654552314852,-4.95691667910572,0.0495000000000007));
#2190=CARTESIAN_POINT('Ctrl Pts',(25.6545520396605,-4.95691667922135,0.106200000000001));
#2191=CARTESIAN_POINT('Ctrl Pts',(25.6545524650691,-4.95691667904258,0.1593));
#2192=CARTESIAN_POINT('Ctrl Pts',(25.654557663391,-4.95691667685805,0.269099999999998));
#2193=CARTESIAN_POINT('Ctrl Pts',(25.6545628433489,-4.95691667468123,0.378899999999999));
#2194=CARTESIAN_POINT('Ctrl Pts',(25.6545650957192,-4.95691667373469,0.435599999999999));
#2195=CARTESIAN_POINT('Ctrl Pts',(25.6545735601048,-4.95691667017763,0.6057));
#2196=CARTESIAN_POINT('Ctrl Pts',(25.6545821508353,-4.95691666656749,0.775800000000005));
#2197=CARTESIAN_POINT('Ctrl Pts',(25.6545880064135,-4.95691666410674,0.889200000000003));
#2198=CARTESIAN_POINT('Ctrl Pts',(25.6545989002558,-4.95691665952872,1.11599999999999));
#2199=CARTESIAN_POINT('Ctrl Pts',(25.6546077417605,-4.95691665581319,1.3428));
#2200=CARTESIAN_POINT('Ctrl Pts',(25.6546115287576,-4.95691665422175,1.4562));
#2201=CARTESIAN_POINT('Ctrl Pts',(25.654617809908,-4.95691665158217,1.683));
#2202=CARTESIAN_POINT('Ctrl Pts',(25.6546215328578,-4.95691665001763,1.9098));
#2203=CARTESIAN_POINT('Ctrl Pts',(25.6546227631029,-4.95691664950064,2.0232));
#2204=CARTESIAN_POINT('Ctrl Pts',(25.6546239969552,-4.95691664898213,2.25));
#2205=CARTESIAN_POINT('Ctrl Pts',(25.6546227631029,-4.95691664950065,2.4768));
#2206=CARTESIAN_POINT('Ctrl Pts',(25.6546215328577,-4.95691665001765,2.59019999999999));
#2207=CARTESIAN_POINT('Ctrl Pts',(25.6546178099081,-4.95691665158216,2.817));
#2208=CARTESIAN_POINT('Ctrl Pts',(25.6546115287576,-4.95691665422174,3.0438));
#2209=CARTESIAN_POINT('Ctrl Pts',(25.6546077417605,-4.95691665581319,3.1572));
#2210=CARTESIAN_POINT('Ctrl Pts',(25.654601110632,-4.95691665859985,3.3273));
#2211=CARTESIAN_POINT('Ctrl Pts',(25.6545933250636,-4.95691666187163,3.4974));
#2212=CARTESIAN_POINT('Ctrl Pts',(25.6545906256597,-4.95691666300603,3.5541));
#2213=CARTESIAN_POINT('Ctrl Pts',(25.6545850651731,-4.95691666534277,3.6675));
#2214=CARTESIAN_POINT('Ctrl Pts',(25.6545792834045,-4.95691666777249,3.7809));
#2215=CARTESIAN_POINT('Ctrl Pts',(25.65457643772,-4.95691666896835,3.8376));
#2216=CARTESIAN_POINT('Ctrl Pts',(25.6545680700275,-4.95691667248477,4.00410000000001));
#2217=CARTESIAN_POINT('Ctrl Pts',(25.6545598233886,-4.95691667595033,4.17059999999999));
#2218=CARTESIAN_POINT('Ctrl Pts',(25.6545497278426,-4.95691668019286,4.28039999999999));
#2219=CARTESIAN_POINT('Ctrl Pts',(25.6545538010953,-4.95691667848113,4.3938));
#2220=CARTESIAN_POINT('Ctrl Pts',(25.6545508286086,-4.95691667973029,4.5072));
#2221=CARTESIAN_POINT('Ctrl Pts',(25.6545507269463,-4.95691667977301,4.5108));
#2222=CARTESIAN_POINT('Ctrl Pts',(25.6545506179316,-4.95691667981882,4.5144));
#2223=CARTESIAN_POINT('Ctrl Pts',(25.6545505016375,-4.95691667986769,4.518));
#2224=CARTESIAN_POINT('Ctrl Pts',(25.6548762642852,-5.08886511754668,-0.0180000000000003));
#2225=CARTESIAN_POINT('Ctrl Pts',(25.6548764380686,-5.08886511747365,-0.0144000000000001));
#2226=CARTESIAN_POINT('Ctrl Pts',(25.6548765989584,-5.08886511740604,-0.0107999999999999));
#2227=CARTESIAN_POINT('Ctrl Pts',(25.6548767468444,-5.08886511734389,-0.0071999999999998));
#2228=CARTESIAN_POINT('Ctrl Pts',(25.6548788717682,-5.08886511645092,0.0495000000000004));
#2229=CARTESIAN_POINT('Ctrl Pts',(25.654877826585,-5.08886511689015,0.106200000000001));
#2230=CARTESIAN_POINT('Ctrl Pts',(25.6548762432392,-5.08886511755553,0.1593));
#2231=CARTESIAN_POINT('Ctrl Pts',(25.654876685854,-5.08886511736953,0.269099999999997));
#2232=CARTESIAN_POINT('Ctrl Pts',(25.6548764746041,-5.0888651174583,0.378899999999998));
#2233=CARTESIAN_POINT('Ctrl Pts',(25.6548759218839,-5.08886511769057,0.435599999999999));
#2234=CARTESIAN_POINT('Ctrl Pts',(25.654875565201,-5.08886511784046,0.6057));
#2235=CARTESIAN_POINT('Ctrl Pts',(25.6548748384046,-5.0888651181459,0.775800000000005));
#2236=CARTESIAN_POINT('Ctrl Pts',(25.6548744539696,-5.08886511830745,0.889200000000003));
#2237=CARTESIAN_POINT('Ctrl Pts',(25.6548737250221,-5.08886511861377,1.11599999999999));
#2238=CARTESIAN_POINT('Ctrl Pts',(25.6548731110418,-5.0888651188718,1.3428));
#2239=CARTESIAN_POINT('Ctrl Pts',(25.6548728566412,-5.08886511897871,1.4562));
#2240=CARTESIAN_POINT('Ctrl Pts',(25.6548724301717,-5.08886511915793,1.683));
#2241=CARTESIAN_POINT('Ctrl Pts',(25.6548721756154,-5.08886511926489,1.9098));
#2242=CARTESIAN_POINT('Ctrl Pts',(25.6548720914288,-5.08886511930028,2.0232));
#2243=CARTESIAN_POINT('Ctrl Pts',(25.6548720093324,-5.08886511933478,2.25));
#2244=CARTESIAN_POINT('Ctrl Pts',(25.6548720914288,-5.08886511930028,2.4768));
#2245=CARTESIAN_POINT('Ctrl Pts',(25.6548721756154,-5.08886511926491,2.59019999999999));
#2246=CARTESIAN_POINT('Ctrl Pts',(25.6548724301718,-5.08886511915792,2.81700000000001));
#2247=CARTESIAN_POINT('Ctrl Pts',(25.6548728566412,-5.0888651189787,3.0438));
#2248=CARTESIAN_POINT('Ctrl Pts',(25.6548731110418,-5.0888651188718,3.1572));
#2249=CARTESIAN_POINT('Ctrl Pts',(25.654873571527,-5.08886511867829,3.3273));
#2250=CARTESIAN_POINT('Ctrl Pts',(25.6548740966813,-5.08886511845759,3.4974));
#2251=CARTESIAN_POINT('Ctrl Pts',(25.6548742844862,-5.08886511837867,3.5541));
#2252=CARTESIAN_POINT('Ctrl Pts',(25.6548746723782,-5.08886511821567,3.6675));
#2253=CARTESIAN_POINT('Ctrl Pts',(25.6548750422879,-5.08886511806022,3.7809));
#2254=CARTESIAN_POINT('Ctrl Pts',(25.6548752818118,-5.08886511795955,3.8376));
#2255=CARTESIAN_POINT('Ctrl Pts',(25.6548758724662,-5.08886511771133,4.00410000000001));
#2256=CARTESIAN_POINT('Ctrl Pts',(25.6548761085074,-5.08886511761214,4.17059999999999));
#2257=CARTESIAN_POINT('Ctrl Pts',(25.6548725661118,-5.08886511910079,4.28039999999999));
#2258=CARTESIAN_POINT('Ctrl Pts',(25.654880996692,-5.08886511555794,4.3938));
#2259=CARTESIAN_POINT('Ctrl Pts',(25.6548767468444,-5.08886511734389,4.5072));
#2260=CARTESIAN_POINT('Ctrl Pts',(25.6548765989584,-5.08886511740604,4.5108));
#2261=CARTESIAN_POINT('Ctrl Pts',(25.6548764380686,-5.08886511747365,4.5144));
#2262=CARTESIAN_POINT('Ctrl Pts',(25.6548762642852,-5.08886511754668,4.518));
#2263=CARTESIAN_POINT('Ctrl Pts',(25.6548865665011,-5.09305395685466,-0.0180000000000001));
#2264=CARTESIAN_POINT('Ctrl Pts',(25.6548867420632,-5.09305395678088,-0.0144));
#2265=CARTESIAN_POINT('Ctrl Pts',(25.6548869045776,-5.09305395671259,-0.0107999999999998));
#2266=CARTESIAN_POINT('Ctrl Pts',(25.6548870539336,-5.09305395664982,-0.00719999999999966));
#2267=CARTESIAN_POINT('Ctrl Pts',(25.6548891995709,-5.09305395574814,0.0495000000000006));
#2268=CARTESIAN_POINT('Ctrl Pts',(25.6548881365739,-5.09305395619486,0.106200000000001));
#2269=CARTESIAN_POINT('Ctrl Pts',(25.6548864951462,-5.09305395688465,0.1593));
#2270=CARTESIAN_POINT('Ctrl Pts',(25.654886788957,-5.09305395676117,0.269099999999998));
#2271=CARTESIAN_POINT('Ctrl Pts',(25.6548864103438,-5.09305395692028,0.378899999999999));
#2272=CARTESIAN_POINT('Ctrl Pts',(25.6548857708746,-5.09305395718901,0.435599999999999));
#2273=CARTESIAN_POINT('Ctrl Pts',(25.6548851379757,-5.09305395745498,0.6057));
#2274=CARTESIAN_POINT('Ctrl Pts',(25.6548841204341,-5.0930539578826,0.775800000000005));
#2275=CARTESIAN_POINT('Ctrl Pts',(25.6548835404251,-5.09305395812634,0.889200000000003));
#2276=CARTESIAN_POINT('Ctrl Pts',(25.654882447173,-5.09305395858575,1.11599999999999));
#2277=CARTESIAN_POINT('Ctrl Pts',(25.6548815362784,-5.09305395896856,1.3428));
#2278=CARTESIAN_POINT('Ctrl Pts',(25.6548811547989,-5.09305395912887,1.4562));
#2279=CARTESIAN_POINT('Ctrl Pts',(25.6548805172994,-5.09305395939677,1.683));
#2280=CARTESIAN_POINT('Ctrl Pts',(25.6548801374662,-5.09305395955638,1.9098));
#2281=CARTESIAN_POINT('Ctrl Pts',(25.6548800118667,-5.09305395960917,2.0232));
#2282=CARTESIAN_POINT('Ctrl Pts',(25.6548798882952,-5.0930539596611,2.25));
#2283=CARTESIAN_POINT('Ctrl Pts',(25.6548800118667,-5.09305395960918,2.4768));
#2284=CARTESIAN_POINT('Ctrl Pts',(25.6548801374662,-5.0930539595564,2.5902));
#2285=CARTESIAN_POINT('Ctrl Pts',(25.6548805172995,-5.09305395939676,2.81700000000001));
#2286=CARTESIAN_POINT('Ctrl Pts',(25.6548811547989,-5.09305395912886,3.0438));
#2287=CARTESIAN_POINT('Ctrl Pts',(25.6548815362784,-5.09305395896856,3.1572));
#2288=CARTESIAN_POINT('Ctrl Pts',(25.6548822194493,-5.09305395868146,3.3273));
#2289=CARTESIAN_POINT('Ctrl Pts',(25.6548830051964,-5.09305395835125,3.4974));
#2290=CARTESIAN_POINT('Ctrl Pts',(25.6548832834814,-5.09305395823431,3.5541));
#2291=CARTESIAN_POINT('Ctrl Pts',(25.6548838576284,-5.09305395799304,3.6675));
#2292=CARTESIAN_POINT('Ctrl Pts',(25.654884420104,-5.09305395775666,3.7809));
#2293=CARTESIAN_POINT('Ctrl Pts',(25.6548847560571,-5.09305395761548,3.8376));
#2294=CARTESIAN_POINT('Ctrl Pts',(25.6548856265627,-5.09305395724965,4.00410000000001));
#2295=CARTESIAN_POINT('Ctrl Pts',(25.6548861285345,-5.09305395703871,4.17059999999999));
#2296=CARTESIAN_POINT('Ctrl Pts',(25.6548828019457,-5.09305395843667,4.28039999999999));
#2297=CARTESIAN_POINT('Ctrl Pts',(25.6548913452081,-5.09305395484646,4.3938));
#2298=CARTESIAN_POINT('Ctrl Pts',(25.6548870539336,-5.09305395664982,4.5072));
#2299=CARTESIAN_POINT('Ctrl Pts',(25.6548869045776,-5.09305395671259,4.5108));
#2300=CARTESIAN_POINT('Ctrl Pts',(25.6548867420632,-5.09305395678088,4.5144));
#2301=CARTESIAN_POINT('Ctrl Pts',(25.6548865665011,-5.09305395685466,4.518));
#2302=CARTESIAN_POINT('Ctrl Pts',(25.6548968287878,-5.09724279617942,-0.0180000000000001));
#2303=CARTESIAN_POINT('Ctrl Pts',(25.654897006083,-5.09724279610491,-0.0144));
#2304=CARTESIAN_POINT('Ctrl Pts',(25.6548971701999,-5.09724279603594,-0.0107999999999998));
#2305=CARTESIAN_POINT('Ctrl Pts',(25.6548973210284,-5.09724279597256,-0.00719999999999967));
#2306=CARTESIAN_POINT('Ctrl Pts',(25.6548994878047,-5.09724279506199,0.0495000000000006));
#2307=CARTESIAN_POINT('Ctrl Pts',(25.6548984134893,-5.09724279551347,0.106200000000001));
#2308=CARTESIAN_POINT('Ctrl Pts',(25.6548967196814,-5.09724279622527,0.1593));
#2309=CARTESIAN_POINT('Ctrl Pts',(25.6548968671204,-5.09724279616331,0.269099999999998));
#2310=CARTESIAN_POINT('Ctrl Pts',(25.6548963249968,-5.09724279639113,0.378899999999999));
#2311=CARTESIAN_POINT('Ctrl Pts',(25.6548956010966,-5.09724279669534,0.435599999999999));
#2312=CARTESIAN_POINT('Ctrl Pts',(25.6548946958985,-5.09724279707574,0.6057));
#2313=CARTESIAN_POINT('Ctrl Pts',(25.65489339262,-5.09724279762343,0.775800000000005));
#2314=CARTESIAN_POINT('Ctrl Pts',(25.6548926195838,-5.09724279794829,0.889200000000003));
#2315=CARTESIAN_POINT('Ctrl Pts',(25.6548911667137,-5.09724279855883,1.11599999999999));
#2316=CARTESIAN_POINT('Ctrl Pts',(25.6548899621777,-5.09724279906504,1.3428));
#2317=CARTESIAN_POINT('Ctrl Pts',(25.654889454848,-5.09724279927824,1.4562));
#2318=CARTESIAN_POINT('Ctrl Pts',(25.6548886082437,-5.09724279963401,1.683));
#2319=CARTESIAN_POINT('Ctrl Pts',(25.6548881041358,-5.09724279984584,1.9098));
#2320=CARTESIAN_POINT('Ctrl Pts',(25.6548879374412,-5.0972427999159,2.0232));
#2321=CARTESIAN_POINT('Ctrl Pts',(25.6548877726997,-5.09724279998513,2.25));
#2322=CARTESIAN_POINT('Ctrl Pts',(25.6548879374412,-5.09724279991591,2.4768));
#2323=CARTESIAN_POINT('Ctrl Pts',(25.6548881041357,-5.09724279984586,2.5902));
#2324=CARTESIAN_POINT('Ctrl Pts',(25.6548886082438,-5.097242799634,2.81700000000001));
#2325=CARTESIAN_POINT('Ctrl Pts',(25.654889454848,-5.09724279927823,3.0438));
#2326=CARTESIAN_POINT('Ctrl Pts',(25.6548899621778,-5.09724279906504,3.1572));
#2327=CARTESIAN_POINT('Ctrl Pts',(25.6548908655797,-5.09724279868539,3.3273));
#2328=CARTESIAN_POINT('Ctrl Pts',(25.6548919086697,-5.09724279824704,3.4974));
#2329=CARTESIAN_POINT('Ctrl Pts',(25.6548922762538,-5.09724279809256,3.5541));
#2330=CARTESIAN_POINT('Ctrl Pts',(25.6548930340714,-5.09724279777411,3.6675));
#2331=CARTESIAN_POINT('Ctrl Pts',(25.6548937863776,-5.09724279745796,3.7809));
#2332=CARTESIAN_POINT('Ctrl Pts',(25.6548942172412,-5.09724279727689,3.8376));
#2333=CARTESIAN_POINT('Ctrl Pts',(25.6548953630519,-5.09724279679537,4.00410000000001));
#2334=CARTESIAN_POINT('Ctrl Pts',(25.6548961274538,-5.09724279647414,4.17059999999999));
#2335=CARTESIAN_POINT('Ctrl Pts',(25.6548930237669,-5.09724279777843,4.28039999999999));
#2336=CARTESIAN_POINT('Ctrl Pts',(25.6549016545808,-5.09724279415143,4.3938));
#2337=CARTESIAN_POINT('Ctrl Pts',(25.6548973210284,-5.09724279597256,4.5072));
#2338=CARTESIAN_POINT('Ctrl Pts',(25.6548971701999,-5.09724279603594,4.5108));
#2339=CARTESIAN_POINT('Ctrl Pts',(25.654897006083,-5.09724279610491,4.5144));
#2340=CARTESIAN_POINT('Ctrl Pts',(25.6548968287878,-5.09724279617942,4.518));
#2341=CARTESIAN_POINT('Ctrl Pts',(25.6549070509673,-5.10143163552103,-0.0180000000000002));
#2342=CARTESIAN_POINT('Ctrl Pts',(25.6549072299514,-5.10143163544581,-0.0144));
#2343=CARTESIAN_POINT('Ctrl Pts',(25.6549073956496,-5.10143163537618,-0.0107999999999998));
#2344=CARTESIAN_POINT('Ctrl Pts',(25.6549075479525,-5.10143163531218,-0.00719999999999968));
#2345=CARTESIAN_POINT('Ctrl Pts',(25.6549097362724,-5.10143163439255,0.0495000000000006));
#2346=CARTESIAN_POINT('Ctrl Pts',(25.6549086568547,-5.10143163484618,0.106200000000001));
#2347=CARTESIAN_POINT('Ctrl Pts',(25.6549069163008,-5.10143163557762,0.1593));
#2348=CARTESIAN_POINT('Ctrl Pts',(25.6549069201022,-5.10143163557602,0.269099999999998));
#2349=CARTESIAN_POINT('Ctrl Pts',(25.654906218338,-5.10143163587093,0.378899999999999));
#2350=CARTESIAN_POINT('Ctrl Pts',(25.6549054123203,-5.10143163620965,0.435599999999999));
#2351=CARTESIAN_POINT('Ctrl Pts',(25.6549042388492,-5.10143163670279,0.6057));
#2352=CARTESIAN_POINT('Ctrl Pts',(25.6549026547656,-5.10143163736849,0.775800000000005));
#2353=CARTESIAN_POINT('Ctrl Pts',(25.6549016912825,-5.10143163777338,0.889200000000003));
#2354=CARTESIAN_POINT('Ctrl Pts',(25.6548998834886,-5.10143163853307,1.11599999999999));
#2355=CARTESIAN_POINT('Ctrl Pts',(25.6548983885909,-5.1014316391613,1.3428));
#2356=CARTESIAN_POINT('Ctrl Pts',(25.6548977566478,-5.10143163942686,1.4562));
#2357=CARTESIAN_POINT('Ctrl Pts',(25.6548967028765,-5.10143163986969,1.683));
#2358=CARTESIAN_POINT('Ctrl Pts',(25.6548960755036,-5.10143164013333,1.9098));
#2359=CARTESIAN_POINT('Ctrl Pts',(25.6548958680343,-5.10143164022053,2.0232));
#2360=CARTESIAN_POINT('Ctrl Pts',(25.654895662432,-5.10143164030693,2.25));
#2361=CARTESIAN_POINT('Ctrl Pts',(25.6548958680343,-5.10143164022053,2.4768));
#2362=CARTESIAN_POINT('Ctrl Pts',(25.6548960755035,-5.10143164013335,2.5902));
#2363=CARTESIAN_POINT('Ctrl Pts',(25.6548967028765,-5.10143163986969,2.81700000000001));
#2364=CARTESIAN_POINT('Ctrl Pts',(25.6548977566478,-5.10143163942685,3.0438));
#2365=CARTESIAN_POINT('Ctrl Pts',(25.6548983885909,-5.1014316391613,3.1572));
#2366=CARTESIAN_POINT('Ctrl Pts',(25.6548995097641,-5.10143163869014,3.3273));
#2367=CARTESIAN_POINT('Ctrl Pts',(25.6549008069415,-5.10143163814501,3.4974));
#2368=CARTESIAN_POINT('Ctrl Pts',(25.6549012626418,-5.1014316379535,3.5541));
#2369=CARTESIAN_POINT('Ctrl Pts',(25.6549022015502,-5.10143163755895,3.6675));
#2370=CARTESIAN_POINT('Ctrl Pts',(25.654903140944,-5.10143163716417,3.7809));
#2371=CARTESIAN_POINT('Ctrl Pts',(25.6549036651978,-5.10143163694386,3.8376));
#2372=CARTESIAN_POINT('Ctrl Pts',(25.6549050817817,-5.10143163634855,4.00410000000001));
#2373=CARTESIAN_POINT('Ctrl Pts',(25.6549061049495,-5.10143163591858,4.17059999999999));
#2374=CARTESIAN_POINT('Ctrl Pts',(25.6549032302821,-5.10143163712662,4.28039999999999));
#2375=CARTESIAN_POINT('Ctrl Pts',(25.6549119245921,-5.10143163347294,4.3938));
#2376=CARTESIAN_POINT('Ctrl Pts',(25.6549075479525,-5.10143163531218,4.5072));
#2377=CARTESIAN_POINT('Ctrl Pts',(25.6549073956496,-5.10143163537618,4.5108));
#2378=CARTESIAN_POINT('Ctrl Pts',(25.6549072299514,-5.10143163544581,4.5144));
#2379=CARTESIAN_POINT('Ctrl Pts',(25.6549070509673,-5.10143163552103,4.518));
#2380=CARTESIAN_POINT('Ctrl Pts',(25.6548562672506,-5.08048743867547,-1.49077798716319E-17));
#2381=CARTESIAN_POINT('Ctrl Pts',(25.6548623843042,-5.08042220151216,0.188404008362471));
#2382=CARTESIAN_POINT('Ctrl Pts',(25.6548562673228,-5.08048745131927,1.04999466666699));
#2383=CARTESIAN_POINT('Ctrl Pts',(25.6548562685053,-5.08048739706137,1.37159206043456));
#2384=CARTESIAN_POINT('Ctrl Pts',(25.6548562673029,-5.08048743867546,1.76072290036632));
#2385=CARTESIAN_POINT('Ctrl Pts',(25.6548562673028,-5.08048743867545,2.739276470944));
#2386=CARTESIAN_POINT('Ctrl Pts',(25.6548562685053,-5.08048739706135,3.12840786695175));
#2387=CARTESIAN_POINT('Ctrl Pts',(25.6548562673228,-5.08048745131905,3.45000400647538));
#2388=CARTESIAN_POINT('Ctrl Pts',(25.6548623849692,-5.08042219441907,4.3115755069145));
#2389=CARTESIAN_POINT('Ctrl Pts',(25.6548562672506,-5.08048743867548,4.5));
#2390=CARTESIAN_POINT('Ctrl Pts',(25.690866289347,-5.08049962183765,-0.0180000000000054));
#2391=CARTESIAN_POINT('Ctrl Pts',(25.6908662898226,-5.08049828991697,-0.0144000000000052));
#2392=CARTESIAN_POINT('Ctrl Pts',(25.6908662902885,-5.08049698481675,-0.0108000000000049));
#2393=CARTESIAN_POINT('Ctrl Pts',(25.6908662907484,-5.08049569668084,-0.0072000000000048));
#2394=CARTESIAN_POINT('Ctrl Pts',(25.6908662979368,-5.08047556172125,0.0494999999999969));
#2395=CARTESIAN_POINT('Ctrl Pts',(25.6908663043903,-5.08045748540677,0.106199999999999));
#2396=CARTESIAN_POINT('Ctrl Pts',(25.6908663021886,-5.08046365241764,0.159299999999998));
#2397=CARTESIAN_POINT('Ctrl Pts',(25.6908663093502,-5.0804435926625,0.269099999999998));
#2398=CARTESIAN_POINT('Ctrl Pts',(25.6908663119347,-5.08043635331194,0.378899999999998));
#2399=CARTESIAN_POINT('Ctrl Pts',(25.6908663107454,-5.0804396846592,0.435599999999998));
#2400=CARTESIAN_POINT('Ctrl Pts',(25.6908663121656,-5.08043570663962,0.605699999999999));
#2401=CARTESIAN_POINT('Ctrl Pts',(25.6908663119424,-5.08043633184438,0.775799999999998));
#2402=CARTESIAN_POINT('Ctrl Pts',(25.6908663113511,-5.08043798802462,0.889199999999997));
#2403=CARTESIAN_POINT('Ctrl Pts',(25.690866310687,-5.08043984816204,1.116));
#2404=CARTESIAN_POINT('Ctrl Pts',(25.6908663099622,-5.08044187841982,1.3428));
#2405=CARTESIAN_POINT('Ctrl Pts',(25.6908663096337,-5.08044279869158,1.4562));
#2406=CARTESIAN_POINT('Ctrl Pts',(25.6908663090806,-5.08044434779898,1.683));
#2407=CARTESIAN_POINT('Ctrl Pts',(25.6908663087372,-5.08044530949595,1.9098));
#2408=CARTESIAN_POINT('Ctrl Pts',(25.6908663086227,-5.0804456302697,2.0232));
#2409=CARTESIAN_POINT('Ctrl Pts',(25.6908663085073,-5.08044595354514,2.25));
#2410=CARTESIAN_POINT('Ctrl Pts',(25.6908663086227,-5.08044563026969,2.4768));
#2411=CARTESIAN_POINT('Ctrl Pts',(25.6908663087373,-5.08044530949595,2.5902));
#2412=CARTESIAN_POINT('Ctrl Pts',(25.6908663090806,-5.08044434779898,2.817));
#2413=CARTESIAN_POINT('Ctrl Pts',(25.6908663096337,-5.08044279869158,3.0438));
#2414=CARTESIAN_POINT('Ctrl Pts',(25.6908663099622,-5.08044187841982,3.1572));
#2415=CARTESIAN_POINT('Ctrl Pts',(25.690866310687,-5.08043984816204,3.384));
#2416=CARTESIAN_POINT('Ctrl Pts',(25.6908663113511,-5.08043798802462,3.6108));
#2417=CARTESIAN_POINT('Ctrl Pts',(25.6908663119424,-5.08043633184439,3.7242));
#2418=CARTESIAN_POINT('Ctrl Pts',(25.6908663121656,-5.08043570663963,3.8943));
#2419=CARTESIAN_POINT('Ctrl Pts',(25.6908663107454,-5.08043968465921,4.0644));
#2420=CARTESIAN_POINT('Ctrl Pts',(25.6908663119347,-5.08043635331195,4.1211));
#2421=CARTESIAN_POINT('Ctrl Pts',(25.6908663093502,-5.0804435926625,4.2309));
#2422=CARTESIAN_POINT('Ctrl Pts',(25.6908663021886,-5.08046365241765,4.3407));
#2423=CARTESIAN_POINT('Ctrl Pts',(25.6908663043903,-5.08045748540677,4.3938));
#2424=CARTESIAN_POINT('Ctrl Pts',(25.6908662979368,-5.08047556172126,4.4505));
#2425=CARTESIAN_POINT('Ctrl Pts',(25.6908662907484,-5.08049569668086,4.5072));
#2426=CARTESIAN_POINT('Ctrl Pts',(25.6908662902885,-5.08049698481676,4.5108));
#2427=CARTESIAN_POINT('Ctrl Pts',(25.6908662898226,-5.08049828991699,4.5144));
#2428=CARTESIAN_POINT('Ctrl Pts',(25.6908662893471,-5.08049962183767,4.518));
#2429=CARTESIAN_POINT('Ctrl Pts',(25.6836642840114,-5.0804997519489,-0.0180000000000048));
#2430=CARTESIAN_POINT('Ctrl Pts',(25.6836642844955,-5.0804983958264,-0.0144000000000045));
#2431=CARTESIAN_POINT('Ctrl Pts',(25.683664284967,-5.08049707535017,-0.0108000000000042));
#2432=CARTESIAN_POINT('Ctrl Pts',(25.6836642854295,-5.08049577986181,-0.00720000000000414));
#2433=CARTESIAN_POINT('Ctrl Pts',(25.6836642926184,-5.08047564348639,0.0494999999999976));
#2434=CARTESIAN_POINT('Ctrl Pts',(25.6836642984291,-5.08045936774463,0.106199999999999));
#2435=CARTESIAN_POINT('Ctrl Pts',(25.6836642948673,-5.08046934434869,0.159299999999999));
#2436=CARTESIAN_POINT('Ctrl Pts',(25.6836643011818,-5.08045165744137,0.269099999999999));
#2437=CARTESIAN_POINT('Ctrl Pts',(25.6836643034381,-5.08044533723965,0.378899999999998));
#2438=CARTESIAN_POINT('Ctrl Pts',(25.6836643020935,-5.08044910376003,0.435599999999998));
#2439=CARTESIAN_POINT('Ctrl Pts',(25.6836643033328,-5.08044563221396,0.605699999999999));
#2440=CARTESIAN_POINT('Ctrl Pts',(25.6836643031351,-5.08044618619706,0.775799999999998));
#2441=CARTESIAN_POINT('Ctrl Pts',(25.6836643025818,-5.08044773601029,0.889199999999997));
#2442=CARTESIAN_POINT('Ctrl Pts',(25.6836643020371,-5.08044926147393,1.116));
#2443=CARTESIAN_POINT('Ctrl Pts',(25.6836643014436,-5.08045092392043,1.3428));
#2444=CARTESIAN_POINT('Ctrl Pts',(25.6836643011749,-5.08045167673052,1.4562));
#2445=CARTESIAN_POINT('Ctrl Pts',(25.683664300725,-5.08045293683883,1.683));
#2446=CARTESIAN_POINT('Ctrl Pts',(25.6836643004466,-5.08045371666737,1.9098));
#2447=CARTESIAN_POINT('Ctrl Pts',(25.6836643003538,-5.08045397667436,2.0232));
#2448=CARTESIAN_POINT('Ctrl Pts',(25.68366430026,-5.08045423922199,2.25));
#2449=CARTESIAN_POINT('Ctrl Pts',(25.6836643003538,-5.08045397667435,2.4768));
#2450=CARTESIAN_POINT('Ctrl Pts',(25.6836643004466,-5.08045371666738,2.5902));
#2451=CARTESIAN_POINT('Ctrl Pts',(25.683664300725,-5.08045293683884,2.817));
#2452=CARTESIAN_POINT('Ctrl Pts',(25.6836643011749,-5.08045167673051,3.0438));
#2453=CARTESIAN_POINT('Ctrl Pts',(25.6836643014436,-5.08045092392043,3.1572));
#2454=CARTESIAN_POINT('Ctrl Pts',(25.6836643020371,-5.08044926147394,3.384));
#2455=CARTESIAN_POINT('Ctrl Pts',(25.6836643025818,-5.08044773601029,3.6108));
#2456=CARTESIAN_POINT('Ctrl Pts',(25.6836643031351,-5.08044618619707,3.7242));
#2457=CARTESIAN_POINT('Ctrl Pts',(25.6836643033328,-5.08044563221396,3.8943));
#2458=CARTESIAN_POINT('Ctrl Pts',(25.6836643020935,-5.08044910376003,4.0644));
#2459=CARTESIAN_POINT('Ctrl Pts',(25.6836643034381,-5.08044533723965,4.1211));
#2460=CARTESIAN_POINT('Ctrl Pts',(25.6836643011817,-5.08045165744138,4.2309));
#2461=CARTESIAN_POINT('Ctrl Pts',(25.6836642948673,-5.0804693443487,4.3407));
#2462=CARTESIAN_POINT('Ctrl Pts',(25.6836642984291,-5.08045936774463,4.3938));
#2463=CARTESIAN_POINT('Ctrl Pts',(25.6836642926184,-5.0804756434864,4.4505));
#2464=CARTESIAN_POINT('Ctrl Pts',(25.6836642854295,-5.08049577986183,4.5072));
#2465=CARTESIAN_POINT('Ctrl Pts',(25.683664284967,-5.08049707535019,4.5108));
#2466=CARTESIAN_POINT('Ctrl Pts',(25.6836642844956,-5.08049839582641,4.5144));
#2467=CARTESIAN_POINT('Ctrl Pts',(25.6836642840114,-5.08049975194891,4.518));
#2468=CARTESIAN_POINT('Ctrl Pts',(25.676462278887,-5.08049929030304,-0.0180000000000041));
#2469=CARTESIAN_POINT('Ctrl Pts',(25.676462279385,-5.08049789544235,-0.0144000000000038));
#2470=CARTESIAN_POINT('Ctrl Pts',(25.676462279866,-5.08049654816595,-0.0108000000000035));
#2471=CARTESIAN_POINT('Ctrl Pts',(25.676462280334,-5.08049523727335,-0.00720000000000344));
#2472=CARTESIAN_POINT('Ctrl Pts',(25.6764622875492,-5.08047502716902,0.0494999999999983));
#2473=CARTESIAN_POINT('Ctrl Pts',(25.6764622924359,-5.08046133957893,0.1062));
#2474=CARTESIAN_POINT('Ctrl Pts',(25.6764622874812,-5.08047521786629,0.159299999999999));
#2475=CARTESIAN_POINT('Ctrl Pts',(25.6764622929113,-5.08046000788315,0.269099999999999));
#2476=CARTESIAN_POINT('Ctrl Pts',(25.6764622948627,-5.08045454200797,0.378899999999998));
#2477=CARTESIAN_POINT('Ctrl Pts',(25.676462293378,-5.08045870064144,0.435599999999998));
#2478=CARTESIAN_POINT('Ctrl Pts',(25.6764622944517,-5.08045569342133,0.6057));
#2479=CARTESIAN_POINT('Ctrl Pts',(25.6764622942928,-5.0804561383697,0.775799999999999));
#2480=CARTESIAN_POINT('Ctrl Pts',(25.6764622937845,-5.08045756215918,0.889199999999997));
#2481=CARTESIAN_POINT('Ctrl Pts',(25.6764622933693,-5.08045872517804,1.116));
#2482=CARTESIAN_POINT('Ctrl Pts',(25.6764622929135,-5.08046000190915,1.3428));
#2483=CARTESIAN_POINT('Ctrl Pts',(25.6764622927069,-5.08046058044686,1.4562));
#2484=CARTESIAN_POINT('Ctrl Pts',(25.6764622923639,-5.08046154107713,1.683));
#2485=CARTESIAN_POINT('Ctrl Pts',(25.6764622921524,-5.08046213365651,1.9098));
#2486=CARTESIAN_POINT('Ctrl Pts',(25.6764622920819,-5.08046233118839,2.0232));
#2487=CARTESIAN_POINT('Ctrl Pts',(25.6764622920105,-5.08046253127766,2.25));
#2488=CARTESIAN_POINT('Ctrl Pts',(25.6764622920819,-5.08046233118839,2.4768));
#2489=CARTESIAN_POINT('Ctrl Pts',(25.6764622921524,-5.08046213365651,2.5902));
#2490=CARTESIAN_POINT('Ctrl Pts',(25.6764622923639,-5.08046154107714,2.817));
#2491=CARTESIAN_POINT('Ctrl Pts',(25.6764622927069,-5.08046058044686,3.0438));
#2492=CARTESIAN_POINT('Ctrl Pts',(25.6764622929135,-5.08046000190915,3.1572));
#2493=CARTESIAN_POINT('Ctrl Pts',(25.6764622933693,-5.08045872517804,3.384));
#2494=CARTESIAN_POINT('Ctrl Pts',(25.6764622937845,-5.08045756215919,3.6108));
#2495=CARTESIAN_POINT('Ctrl Pts',(25.6764622942928,-5.0804561383697,3.7242));
#2496=CARTESIAN_POINT('Ctrl Pts',(25.6764622944516,-5.08045569342133,3.8943));
#2497=CARTESIAN_POINT('Ctrl Pts',(25.676462293378,-5.08045870064145,4.0644));
#2498=CARTESIAN_POINT('Ctrl Pts',(25.6764622948627,-5.08045454200797,4.1211));
#2499=CARTESIAN_POINT('Ctrl Pts',(25.6764622929113,-5.08046000788315,4.2309));
#2500=CARTESIAN_POINT('Ctrl Pts',(25.6764622874812,-5.08047521786629,4.3407));
#2501=CARTESIAN_POINT('Ctrl Pts',(25.6764622924359,-5.08046133957893,4.3938));
#2502=CARTESIAN_POINT('Ctrl Pts',(25.6764622875493,-5.08047502716903,4.4505));
#2503=CARTESIAN_POINT('Ctrl Pts',(25.676462280334,-5.08049523727336,4.5072));
#2504=CARTESIAN_POINT('Ctrl Pts',(25.676462279866,-5.08049654816596,4.5108));
#2505=CARTESIAN_POINT('Ctrl Pts',(25.676462279385,-5.08049789544236,4.5144));
#2506=CARTESIAN_POINT('Ctrl Pts',(25.676462278887,-5.08049929030306,4.518));
#2507=CARTESIAN_POINT('Ctrl Pts',(25.6692602739864,-5.08049820190016,-0.0180000000000034));
#2508=CARTESIAN_POINT('Ctrl Pts',(25.6692602745056,-5.080496747647,-0.0144000000000031));
#2509=CARTESIAN_POINT('Ctrl Pts',(25.669260275002,-5.08049535718417,-0.0108000000000028));
#2510=CARTESIAN_POINT('Ctrl Pts',(25.6692602754796,-5.08049401935481,-0.00720000000000272));
#2511=CARTESIAN_POINT('Ctrl Pts',(25.6692602827572,-5.08047363471561,0.049499999999999));
#2512=CARTESIAN_POINT('Ctrl Pts',(25.669260286301,-5.08046370842242,0.1062));
#2513=CARTESIAN_POINT('Ctrl Pts',(25.6692602800125,-5.08048132266959,0.159299999999999));
#2514=CARTESIAN_POINT('Ctrl Pts',(25.6692602845305,-5.08046866770196,0.269099999999999));
#2515=CARTESIAN_POINT('Ctrl Pts',(25.6692602862044,-5.08046397907206,0.378899999999998));
#2516=CARTESIAN_POINT('Ctrl Pts',(25.6692602845977,-5.08046847949848,0.435599999999998));
#2517=CARTESIAN_POINT('Ctrl Pts',(25.669260285521,-5.08046589326472,0.6057));
#2518=CARTESIAN_POINT('Ctrl Pts',(25.6692602854157,-5.08046618825531,0.775799999999999));
#2519=CARTESIAN_POINT('Ctrl Pts',(25.6692602849594,-5.0804674663753,0.889199999999997));
#2520=CARTESIAN_POINT('Ctrl Pts',(25.6692602846835,-5.08046823892793,1.116));
#2521=CARTESIAN_POINT('Ctrl Pts',(25.6692602843719,-5.08046911179366,1.3428));
#2522=CARTESIAN_POINT('Ctrl Pts',(25.66926028423,-5.08046950925323,1.4562));
#2523=CARTESIAN_POINT('Ctrl Pts',(25.6692602839977,-5.08047015990168,1.683));
#2524=CARTESIAN_POINT('Ctrl Pts',(25.6692602838549,-5.08047055986703,1.9098));
#2525=CARTESIAN_POINT('Ctrl Pts',(25.6692602838073,-5.08047069322278,2.0232));
#2526=CARTESIAN_POINT('Ctrl Pts',(25.6692602837588,-5.0804708291165,2.25));
#2527=CARTESIAN_POINT('Ctrl Pts',(25.6692602838073,-5.08047069322278,2.4768));
#2528=CARTESIAN_POINT('Ctrl Pts',(25.6692602838549,-5.08047055986703,2.5902));
#2529=CARTESIAN_POINT('Ctrl Pts',(25.6692602839977,-5.08047015990169,2.817));
#2530=CARTESIAN_POINT('Ctrl Pts',(25.66926028423,-5.08046950925322,3.0438));
#2531=CARTESIAN_POINT('Ctrl Pts',(25.6692602843719,-5.08046911179366,3.1572));
#2532=CARTESIAN_POINT('Ctrl Pts',(25.6692602846835,-5.08046823892793,3.384));
#2533=CARTESIAN_POINT('Ctrl Pts',(25.6692602849594,-5.0804674663753,3.6108));
#2534=CARTESIAN_POINT('Ctrl Pts',(25.6692602854157,-5.08046618825531,3.7242));
#2535=CARTESIAN_POINT('Ctrl Pts',(25.669260285521,-5.08046589326473,3.8943));
#2536=CARTESIAN_POINT('Ctrl Pts',(25.6692602845977,-5.08046847949849,4.0644));
#2537=CARTESIAN_POINT('Ctrl Pts',(25.6692602862044,-5.08046397907206,4.1211));
#2538=CARTESIAN_POINT('Ctrl Pts',(25.6692602845304,-5.08046866770196,4.2309));
#2539=CARTESIAN_POINT('Ctrl Pts',(25.6692602800125,-5.08048132266959,4.3407));
#2540=CARTESIAN_POINT('Ctrl Pts',(25.669260286301,-5.08046370842242,4.3938));
#2541=CARTESIAN_POINT('Ctrl Pts',(25.6692602827572,-5.08047363471562,4.4505));
#2542=CARTESIAN_POINT('Ctrl Pts',(25.6692602754796,-5.08049401935482,4.5072));
#2543=CARTESIAN_POINT('Ctrl Pts',(25.669260275002,-5.08049535718418,4.5108));
#2544=CARTESIAN_POINT('Ctrl Pts',(25.6692602745056,-5.08049674764701,4.5144));
#2545=CARTESIAN_POINT('Ctrl Pts',(25.6692602739864,-5.08049820190017,4.518));
#2546=CARTESIAN_POINT('Ctrl Pts',(25.6511068247515,-5.08049398060917,-0.0180000000000014));
#2547=CARTESIAN_POINT('Ctrl Pts',(25.6511068253526,-5.08049229683537,-0.0144000000000011));
#2548=CARTESIAN_POINT('Ctrl Pts',(25.6511068259112,-5.08049073221498,-0.0108000000000008));
#2549=CARTESIAN_POINT('Ctrl Pts',(25.6511068264297,-5.08048927979526,-0.00720000000000073));
#2550=CARTESIAN_POINT('Ctrl Pts',(25.6511068340049,-5.08046806110177,0.049500000000001));
#2551=CARTESIAN_POINT('Ctrl Pts',(25.6511068323898,-5.08047258566163,0.106200000000002));
#2552=CARTESIAN_POINT('Ctrl Pts',(25.651106823515,-5.08049744392198,0.1593));
#2553=CARTESIAN_POINT('Ctrl Pts',(25.6511068257012,-5.08049132034402,0.269099999999999));
#2554=CARTESIAN_POINT('Ctrl Pts',(25.6511068267524,-5.08048837595172,0.378899999999999));
#2555=CARTESIAN_POINT('Ctrl Pts',(25.6511068248889,-5.08049359584959,0.435599999999999));
#2556=CARTESIAN_POINT('Ctrl Pts',(25.6511068254738,-5.08049195721952,0.6057));
#2557=CARTESIAN_POINT('Ctrl Pts',(25.6511068255423,-5.08049176562174,0.775799999999999));
#2558=CARTESIAN_POINT('Ctrl Pts',(25.6511068252347,-5.08049262706012,0.889199999999998));
#2559=CARTESIAN_POINT('Ctrl Pts',(25.6511068253356,-5.08049234428506,1.116));
#2560=CARTESIAN_POINT('Ctrl Pts',(25.651106825404,-5.08049215302507,1.3428));
#2561=CARTESIAN_POINT('Ctrl Pts',(25.6511068254311,-5.08049207695464,1.4562));
#2562=CARTESIAN_POINT('Ctrl Pts',(25.6511068254872,-5.08049191979768,1.683));
#2563=CARTESIAN_POINT('Ctrl Pts',(25.6511068255226,-5.08049182080714,1.9098));
#2564=CARTESIAN_POINT('Ctrl Pts',(25.6511068255342,-5.08049178813959,2.0232));
#2565=CARTESIAN_POINT('Ctrl Pts',(25.651106825545,-5.08049175784042,2.25));
#2566=CARTESIAN_POINT('Ctrl Pts',(25.6511068255342,-5.08049178813959,2.4768));
#2567=CARTESIAN_POINT('Ctrl Pts',(25.6511068255226,-5.08049182080714,2.5902));
#2568=CARTESIAN_POINT('Ctrl Pts',(25.6511068254872,-5.08049191979768,2.817));
#2569=CARTESIAN_POINT('Ctrl Pts',(25.6511068254311,-5.08049207695464,3.0438));
#2570=CARTESIAN_POINT('Ctrl Pts',(25.651106825404,-5.08049215302506,3.1572));
#2571=CARTESIAN_POINT('Ctrl Pts',(25.6511068253356,-5.08049234428506,3.384));
#2572=CARTESIAN_POINT('Ctrl Pts',(25.6511068252347,-5.08049262706012,3.6108));
#2573=CARTESIAN_POINT('Ctrl Pts',(25.6511068255423,-5.08049176562174,3.7242));
#2574=CARTESIAN_POINT('Ctrl Pts',(25.6511068254738,-5.08049195721953,3.8943));
#2575=CARTESIAN_POINT('Ctrl Pts',(25.6511068248888,-5.08049359584959,4.0644));
#2576=CARTESIAN_POINT('Ctrl Pts',(25.6511068267524,-5.08048837595172,4.1211));
#2577=CARTESIAN_POINT('Ctrl Pts',(25.6511068257012,-5.08049132034402,4.2309));
#2578=CARTESIAN_POINT('Ctrl Pts',(25.651106823515,-5.08049744392199,4.3407));
#2579=CARTESIAN_POINT('Ctrl Pts',(25.6511068323897,-5.08047258566163,4.3938));
#2580=CARTESIAN_POINT('Ctrl Pts',(25.6511068340051,-5.08046806110176,4.4505));
#2581=CARTESIAN_POINT('Ctrl Pts',(25.6511068264297,-5.08048927979526,4.5072));
#2582=CARTESIAN_POINT('Ctrl Pts',(25.6511068259112,-5.08049073221498,4.5108));
#2583=CARTESIAN_POINT('Ctrl Pts',(25.6511068253526,-5.08049229683537,4.5144));
#2584=CARTESIAN_POINT('Ctrl Pts',(25.6511068247515,-5.08049398060917,4.518));
#2585=CARTESIAN_POINT('Ctrl Pts',(25.6329533758888,-5.08048871686126,-0.0179999999999994));
#2586=CARTESIAN_POINT('Ctrl Pts',(25.6329533766319,-5.08048663526106,-0.014399999999999));
#2587=CARTESIAN_POINT('Ctrl Pts',(25.6329533773026,-5.08048475661635,-0.0107999999999987));
#2588=CARTESIAN_POINT('Ctrl Pts',(25.6329533778983,-5.08048308824073,-0.00719999999999863));
#2589=CARTESIAN_POINT('Ctrl Pts',(25.63295338608,-5.08046017083381,0.0495000000000033));
#2590=CARTESIAN_POINT('Ctrl Pts',(25.6329533755107,-5.08048977583882,0.106200000000002));
#2591=CARTESIAN_POINT('Ctrl Pts',(25.6329533662176,-5.08051580589668,0.159300000000001));
#2592=CARTESIAN_POINT('Ctrl Pts',(25.6329533661117,-5.0805161026672,0.2691));
#2593=CARTESIAN_POINT('Ctrl Pts',(25.6329533667375,-5.08051434970191,0.378899999999999));
#2594=CARTESIAN_POINT('Ctrl Pts',(25.6329533647522,-5.08051991070824,0.435599999999999));
#2595=CARTESIAN_POINT('Ctrl Pts',(25.6329533651086,-5.08051891222578,0.605700000000001));
#2596=CARTESIAN_POINT('Ctrl Pts',(25.6329533654478,-5.08051796211128,0.775799999999999));
#2597=CARTESIAN_POINT('Ctrl Pts',(25.6329533653348,-5.08051827870158,0.889199999999998));
#2598=CARTESIAN_POINT('Ctrl Pts',(25.632953365877,-5.08051676003072,1.116));
#2599=CARTESIAN_POINT('Ctrl Pts',(25.6329533663667,-5.08051538841546,1.3428));
#2600=CARTESIAN_POINT('Ctrl Pts',(25.6329533665783,-5.08051479580652,1.4562));
#2601=CARTESIAN_POINT('Ctrl Pts',(25.6329533669464,-5.08051376441713,1.683));
#2602=CARTESIAN_POINT('Ctrl Pts',(25.6329533671719,-5.08051313280946,1.9098));
#2603=CARTESIAN_POINT('Ctrl Pts',(25.6329533672467,-5.08051292346294,2.0232));
#2604=CARTESIAN_POINT('Ctrl Pts',(25.6329533673208,-5.08051271601382,2.25));
#2605=CARTESIAN_POINT('Ctrl Pts',(25.6329533672467,-5.08051292346293,2.4768));
#2606=CARTESIAN_POINT('Ctrl Pts',(25.632953367172,-5.08051313280946,2.5902));
#2607=CARTESIAN_POINT('Ctrl Pts',(25.6329533669465,-5.08051376441713,2.817));
#2608=CARTESIAN_POINT('Ctrl Pts',(25.6329533665783,-5.08051479580651,3.0438));
#2609=CARTESIAN_POINT('Ctrl Pts',(25.6329533663667,-5.08051538841545,3.1572));
#2610=CARTESIAN_POINT('Ctrl Pts',(25.632953365877,-5.08051676003072,3.384));
#2611=CARTESIAN_POINT('Ctrl Pts',(25.6329533653348,-5.08051827870158,3.6108));
#2612=CARTESIAN_POINT('Ctrl Pts',(25.6329533654478,-5.08051796211128,3.7242));
#2613=CARTESIAN_POINT('Ctrl Pts',(25.6329533651086,-5.08051891222579,3.8943));
#2614=CARTESIAN_POINT('Ctrl Pts',(25.6329533647522,-5.08051991070824,4.0644));
#2615=CARTESIAN_POINT('Ctrl Pts',(25.6329533667375,-5.08051434970191,4.1211));
#2616=CARTESIAN_POINT('Ctrl Pts',(25.6329533661117,-5.08051610266719,4.2309));
#2617=CARTESIAN_POINT('Ctrl Pts',(25.6329533662176,-5.08051580589668,4.3407));
#2618=CARTESIAN_POINT('Ctrl Pts',(25.6329533755107,-5.08048977583881,4.3938));
#2619=CARTESIAN_POINT('Ctrl Pts',(25.63295338608,-5.08046017083382,4.4505));
#2620=CARTESIAN_POINT('Ctrl Pts',(25.6329533778982,-5.08048308824072,4.5072));
#2621=CARTESIAN_POINT('Ctrl Pts',(25.6329533773026,-5.08048475661635,4.5108));
#2622=CARTESIAN_POINT('Ctrl Pts',(25.6329533766319,-5.08048663526105,4.5144));
#2623=CARTESIAN_POINT('Ctrl Pts',(25.6329533758888,-5.08048871686126,4.518));
#2624=CARTESIAN_POINT('Ctrl Pts',(25.6220019312105,-5.08048654753737,-0.0179999999999982));
#2625=CARTESIAN_POINT('Ctrl Pts',(25.6220019320566,-5.08048417764348,-0.0143999999999979));
#2626=CARTESIAN_POINT('Ctrl Pts',(25.6220019328098,-5.08048206801887,-0.0107999999999976));
#2627=CARTESIAN_POINT('Ctrl Pts',(25.6220019334629,-5.08048023847707,-0.00719999999999742));
#2628=CARTESIAN_POINT('Ctrl Pts',(25.6220019421062,-5.08045602892546,0.0495000000000045));
#2629=CARTESIAN_POINT('Ctrl Pts',(25.6220019250039,-5.08050393248252,0.106200000000003));
#2630=CARTESIAN_POINT('Ctrl Pts',(25.6220019164418,-5.08052791511942,0.159300000000001));
#2631=CARTESIAN_POINT('Ctrl Pts',(25.6220019150342,-5.08053185780637,0.2691));
#2632=CARTESIAN_POINT('Ctrl Pts',(25.6220019154778,-5.08053061526135,0.3789));
#2633=CARTESIAN_POINT('Ctrl Pts',(25.6220019134723,-5.08053623266616,0.4356));
#2634=CARTESIAN_POINT('Ctrl Pts',(25.6220019137349,-5.08053549715705,0.605700000000001));
#2635=CARTESIAN_POINT('Ctrl Pts',(25.6220019142726,-5.0805339909833,0.7758));
#2636=CARTESIAN_POINT('Ctrl Pts',(25.6220019142942,-5.08053393053238,0.889199999999998));
#2637=CARTESIAN_POINT('Ctrl Pts',(25.6220019151262,-5.08053159986234,1.116));
#2638=CARTESIAN_POINT('Ctrl Pts',(25.6220019158853,-5.08052947388689,1.3428));
#2639=CARTESIAN_POINT('Ctrl Pts',(25.6220019162136,-5.08052855407422,1.4562));
#2640=CARTESIAN_POINT('Ctrl Pts',(25.6220019167787,-5.08052697125994,1.683));
#2641=CARTESIAN_POINT('Ctrl Pts',(25.6220019171232,-5.08052600622453,1.9098));
#2642=CARTESIAN_POINT('Ctrl Pts',(25.6220019172374,-5.08052568646088,2.0232));
#2643=CARTESIAN_POINT('Ctrl Pts',(25.622001917351,-5.08052536819982,2.25));
#2644=CARTESIAN_POINT('Ctrl Pts',(25.6220019172374,-5.08052568646088,2.4768));
#2645=CARTESIAN_POINT('Ctrl Pts',(25.6220019171233,-5.08052600622453,2.5902));
#2646=CARTESIAN_POINT('Ctrl Pts',(25.6220019167787,-5.08052697125995,2.817));
#2647=CARTESIAN_POINT('Ctrl Pts',(25.6220019162136,-5.08052855407421,3.0438));
#2648=CARTESIAN_POINT('Ctrl Pts',(25.6220019158853,-5.08052947388688,3.1572));
#2649=CARTESIAN_POINT('Ctrl Pts',(25.6220019151262,-5.08053159986234,3.384));
#2650=CARTESIAN_POINT('Ctrl Pts',(25.6220019142942,-5.08053393053239,3.6108));
#2651=CARTESIAN_POINT('Ctrl Pts',(25.6220019142726,-5.0805339909833,3.7242));
#2652=CARTESIAN_POINT('Ctrl Pts',(25.6220019137348,-5.08053549715705,3.8943));
#2653=CARTESIAN_POINT('Ctrl Pts',(25.6220019134723,-5.08053623266616,4.0644));
#2654=CARTESIAN_POINT('Ctrl Pts',(25.6220019154778,-5.08053061526134,4.1211));
#2655=CARTESIAN_POINT('Ctrl Pts',(25.6220019150341,-5.08053185780637,4.2309));
#2656=CARTESIAN_POINT('Ctrl Pts',(25.6220019164417,-5.08052791511941,4.3407));
#2657=CARTESIAN_POINT('Ctrl Pts',(25.6220019250038,-5.08050393248251,4.3938));
#2658=CARTESIAN_POINT('Ctrl Pts',(25.622001942106,-5.08045602892545,4.4505));
#2659=CARTESIAN_POINT('Ctrl Pts',(25.6220019334629,-5.08048023847706,4.5072));
#2660=CARTESIAN_POINT('Ctrl Pts',(25.6220019328097,-5.08048206801886,4.5108));
#2661=CARTESIAN_POINT('Ctrl Pts',(25.6220019320566,-5.08048417764348,4.5144));
#2662=CARTESIAN_POINT('Ctrl Pts',(25.6220019312105,-5.08048654753736,4.518));
#2663=CARTESIAN_POINT('Ctrl Pts',(25.51577234408,-5.08051207827211,-0.0179999999999891));
#2664=CARTESIAN_POINT('Ctrl Pts',(25.515772345635,-5.08050772275305,-0.0143999999999887));
#2665=CARTESIAN_POINT('Ctrl Pts',(25.5157723469553,-5.08050402457317,-0.0107999999999883));
#2666=CARTESIAN_POINT('Ctrl Pts',(25.5157723480064,-5.08050108026477,-0.00719999999998813));
#2667=CARTESIAN_POINT('Ctrl Pts',(25.5157723599364,-5.08046766020529,0.0495000000000142));
#2668=CARTESIAN_POINT('Ctrl Pts',(25.5157722992489,-5.08063765103239,0.106200000000005));
#2669=CARTESIAN_POINT('Ctrl Pts',(25.5157722921454,-5.08065754783084,0.159300000000005));
#2670=CARTESIAN_POINT('Ctrl Pts',(25.5157722797554,-5.08069225251021,0.269100000000001));
#2671=CARTESIAN_POINT('Ctrl Pts',(25.5157722790562,-5.08069421093213,0.378900000000002));
#2672=CARTESIAN_POINT('Ctrl Pts',(25.5157722773554,-5.08069897485871,0.435600000000002));
#2673=CARTESIAN_POINT('Ctrl Pts',(25.5157722772066,-5.08069939223144,0.605700000000003));
#2674=CARTESIAN_POINT('Ctrl Pts',(25.5157722799606,-5.08069167769725,0.775800000000001));
#2675=CARTESIAN_POINT('Ctrl Pts',(25.515772281472,-5.08068744404877,0.8892));
#2676=CARTESIAN_POINT('Ctrl Pts',(25.515772285349,-5.08067658462581,1.116));
#2677=CARTESIAN_POINT('Ctrl Pts',(25.5157722888636,-5.08066674025986,1.3428));
#2678=CARTESIAN_POINT('Ctrl Pts',(25.5157722903789,-5.08066249557584,1.45620000000001));
#2679=CARTESIAN_POINT('Ctrl Pts',(25.5157722929357,-5.0806553342893,1.683));
#2680=CARTESIAN_POINT('Ctrl Pts',(25.5157722944762,-5.08065101928693,1.9098));
#2681=CARTESIAN_POINT('Ctrl Pts',(25.5157722949858,-5.08064959185763,2.0232));
#2682=CARTESIAN_POINT('Ctrl Pts',(25.5157722954964,-5.08064816168352,2.25000000000001));
#2683=CARTESIAN_POINT('Ctrl Pts',(25.5157722949858,-5.08064959185763,2.4768));
#2684=CARTESIAN_POINT('Ctrl Pts',(25.5157722944762,-5.08065101928693,2.5902));
#2685=CARTESIAN_POINT('Ctrl Pts',(25.5157722929356,-5.08065533428928,2.817));
#2686=CARTESIAN_POINT('Ctrl Pts',(25.5157722903789,-5.08066249557583,3.04380000000001));
#2687=CARTESIAN_POINT('Ctrl Pts',(25.5157722888636,-5.08066674025985,3.1572));
#2688=CARTESIAN_POINT('Ctrl Pts',(25.515772285349,-5.0806765846258,3.38400000000001));
#2689=CARTESIAN_POINT('Ctrl Pts',(25.5157722814721,-5.08068744404877,3.6108));
#2690=CARTESIAN_POINT('Ctrl Pts',(25.5157722799606,-5.08069167769725,3.7242));
#2691=CARTESIAN_POINT('Ctrl Pts',(25.5157722772064,-5.08069939223142,3.8943));
#2692=CARTESIAN_POINT('Ctrl Pts',(25.5157722773554,-5.08069897485871,4.0644));
#2693=CARTESIAN_POINT('Ctrl Pts',(25.5157722790561,-5.08069421093212,4.1211));
#2694=CARTESIAN_POINT('Ctrl Pts',(25.5157722797554,-5.08069225251018,4.2309));
#2695=CARTESIAN_POINT('Ctrl Pts',(25.5157722921454,-5.08065754783083,4.3407));
#2696=CARTESIAN_POINT('Ctrl Pts',(25.5157722992488,-5.08063765103237,4.3938));
#2697=CARTESIAN_POINT('Ctrl Pts',(25.5157723599377,-5.08046766020531,4.4505));
#2698=CARTESIAN_POINT('Ctrl Pts',(25.5157723480062,-5.08050108026471,4.50719999999999));
#2699=CARTESIAN_POINT('Ctrl Pts',(25.5157723469551,-5.08050402457315,4.5108));
#2700=CARTESIAN_POINT('Ctrl Pts',(25.5157723456348,-5.080507722753,4.5144));
#2701=CARTESIAN_POINT('Ctrl Pts',(25.5157723440798,-5.08051207827207,4.518));
#2702=CARTESIAN_POINT('Ctrl Pts',(25.409542569807,-5.08106179825314,-0.018000000000009));
#2703=CARTESIAN_POINT('Ctrl Pts',(25.4095425688791,-5.08106439727542,-0.014400000000009));
#2704=CARTESIAN_POINT('Ctrl Pts',(25.4095425682024,-5.08106629256074,-0.0108000000000089));
#2705=CARTESIAN_POINT('Ctrl Pts',(25.4095425678796,-5.08106719678375,-0.00720000000000898));
#2706=CARTESIAN_POINT('Ctrl Pts',(25.409542569702,-5.08106209216271,0.0494999999999914));
#2707=CARTESIAN_POINT('Ctrl Pts',(25.4095426798718,-5.08075350472579,0.10620000000001));
#2708=CARTESIAN_POINT('Ctrl Pts',(25.4095426219679,-5.08091569442791,0.159300000000001));
#2709=CARTESIAN_POINT('Ctrl Pts',(25.4095426195568,-5.08092244802942,0.269100000000002));
#2710=CARTESIAN_POINT('Ctrl Pts',(25.409542622997,-5.08091281208135,0.378900000000003));
#2711=CARTESIAN_POINT('Ctrl Pts',(25.4095426259135,-5.08090464281049,0.435600000000003));
#2712=CARTESIAN_POINT('Ctrl Pts',(25.4095426306787,-5.08089129548537,0.605700000000003));
#2713=CARTESIAN_POINT('Ctrl Pts',(25.4095426380782,-5.08087056943907,0.775800000000004));
#2714=CARTESIAN_POINT('Ctrl Pts',(25.4095426429319,-5.08085697385541,0.889200000000003));
#2715=CARTESIAN_POINT('Ctrl Pts',(25.4095426521177,-5.08083124448239,1.116));
#2716=CARTESIAN_POINT('Ctrl Pts',(25.409542659738,-5.08080989957037,1.3428));
#2717=CARTESIAN_POINT('Ctrl Pts',(25.4095426629568,-5.08080088372883,1.4562));
#2718=CARTESIAN_POINT('Ctrl Pts',(25.4095426682837,-5.08078596307209,1.683));
#2719=CARTESIAN_POINT('Ctrl Pts',(25.409542671412,-5.08077720066924,1.9098));
#2720=CARTESIAN_POINT('Ctrl Pts',(25.4095426724411,-5.08077431808361,2.0232));
#2721=CARTESIAN_POINT('Ctrl Pts',(25.4095426734727,-5.08077142854125,2.25));
#2722=CARTESIAN_POINT('Ctrl Pts',(25.4095426724411,-5.08077431808361,2.4768));
#2723=CARTESIAN_POINT('Ctrl Pts',(25.409542671412,-5.08077720066924,2.5902));
#2724=CARTESIAN_POINT('Ctrl Pts',(25.4095426682837,-5.08078596307208,2.817));
#2725=CARTESIAN_POINT('Ctrl Pts',(25.4095426629568,-5.08080088372883,3.0438));
#2726=CARTESIAN_POINT('Ctrl Pts',(25.409542659738,-5.08080989957036,3.1572));
#2727=CARTESIAN_POINT('Ctrl Pts',(25.4095426521176,-5.08083124448239,3.384));
#2728=CARTESIAN_POINT('Ctrl Pts',(25.4095426429319,-5.0808569738554,3.6108));
#2729=CARTESIAN_POINT('Ctrl Pts',(25.4095426380781,-5.08087056943906,3.7242));
#2730=CARTESIAN_POINT('Ctrl Pts',(25.4095426306787,-5.08089129548536,3.8943));
#2731=CARTESIAN_POINT('Ctrl Pts',(25.4095426259135,-5.08090464281048,4.0644));
#2732=CARTESIAN_POINT('Ctrl Pts',(25.409542622997,-5.08091281208134,4.1211));
#2733=CARTESIAN_POINT('Ctrl Pts',(25.4095426195568,-5.08092244802941,4.2309));
#2734=CARTESIAN_POINT('Ctrl Pts',(25.4095426219679,-5.0809156944279,4.3407));
#2735=CARTESIAN_POINT('Ctrl Pts',(25.4095426798717,-5.08075350472575,4.3938));
#2736=CARTESIAN_POINT('Ctrl Pts',(25.4095425697021,-5.08106209216276,4.4505));
#2737=CARTESIAN_POINT('Ctrl Pts',(25.4095425678797,-5.08106719678377,4.5072));
#2738=CARTESIAN_POINT('Ctrl Pts',(25.4095425682025,-5.08106629256076,4.5108));
#2739=CARTESIAN_POINT('Ctrl Pts',(25.4095425688792,-5.08106439727544,4.5144));
#2740=CARTESIAN_POINT('Ctrl Pts',(25.409542569807,-5.08106179825316,4.518));
#2741=CARTESIAN_POINT('Ctrl Pts',(25.3142643854303,-5.08120692928799,-0.0179999999999994));
#2742=CARTESIAN_POINT('Ctrl Pts',(25.3142643860196,-5.08120527860885,-0.0143999999999991));
#2743=CARTESIAN_POINT('Ctrl Pts',(25.3142643865901,-5.08120368073942,-0.0107999999999989));
#2744=CARTESIAN_POINT('Ctrl Pts',(25.3142643871413,-5.08120213664909,-0.00719999999999878));
#2745=CARTESIAN_POINT('Ctrl Pts',(25.3142643955186,-5.08117867159555,0.0495000000000028));
#2746=CARTESIAN_POINT('Ctrl Pts',(25.314264399098,-5.08116864585674,0.106200000000003));
#2747=CARTESIAN_POINT('Ctrl Pts',(25.3142643996155,-5.08116719612903,0.159300000000003));
#2748=CARTESIAN_POINT('Ctrl Pts',(25.3142644052223,-5.08115149165764,0.269100000000003));
#2749=CARTESIAN_POINT('Ctrl Pts',(25.3142644133713,-5.08112866601229,0.378900000000003));
#2750=CARTESIAN_POINT('Ctrl Pts',(25.3142644177182,-5.08111649027165,0.435600000000003));
#2751=CARTESIAN_POINT('Ctrl Pts',(25.3142644307894,-5.08107987767382,0.605700000000004));
#2752=CARTESIAN_POINT('Ctrl Pts',(25.314264443973,-5.08104294986462,0.775800000000004));
#2753=CARTESIAN_POINT('Ctrl Pts',(25.3142644525635,-5.08101888789931,0.889200000000004));
#2754=CARTESIAN_POINT('Ctrl Pts',(25.314264468206,-5.08097507271667,1.116));
#2755=CARTESIAN_POINT('Ctrl Pts',(25.3142644803713,-5.08094099764515,1.3428));
#2756=CARTESIAN_POINT('Ctrl Pts',(25.3142644854519,-5.08092676673789,1.4562));
#2757=CARTESIAN_POINT('Ctrl Pts',(25.3142644937655,-5.08090348023068,1.683));
#2758=CARTESIAN_POINT('Ctrl Pts',(25.3142644985646,-5.08089003767911,1.9098));
#2759=CARTESIAN_POINT('Ctrl Pts',(25.3142645001378,-5.0808856310656,2.0232));
#2760=CARTESIAN_POINT('Ctrl Pts',(25.3142645017123,-5.08088122098585,2.25));
#2761=CARTESIAN_POINT('Ctrl Pts',(25.3142645001378,-5.0808856310656,2.4768));
#2762=CARTESIAN_POINT('Ctrl Pts',(25.3142644985646,-5.08089003767911,2.5902));
#2763=CARTESIAN_POINT('Ctrl Pts',(25.3142644937655,-5.08090348023067,2.817));
#2764=CARTESIAN_POINT('Ctrl Pts',(25.3142644854519,-5.08092676673788,3.0438));
#2765=CARTESIAN_POINT('Ctrl Pts',(25.3142644803713,-5.08094099764515,3.1572));
#2766=CARTESIAN_POINT('Ctrl Pts',(25.314264468206,-5.08097507271666,3.384));
#2767=CARTESIAN_POINT('Ctrl Pts',(25.3142644525634,-5.0810188878993,3.6108));
#2768=CARTESIAN_POINT('Ctrl Pts',(25.314264443973,-5.08104294986461,3.7242));
#2769=CARTESIAN_POINT('Ctrl Pts',(25.3142644307893,-5.08107987767381,3.8943));
#2770=CARTESIAN_POINT('Ctrl Pts',(25.3142644177182,-5.08111649027164,4.0644));
#2771=CARTESIAN_POINT('Ctrl Pts',(25.3142644133713,-5.08112866601227,4.1211));
#2772=CARTESIAN_POINT('Ctrl Pts',(25.3142644052222,-5.08115149165763,4.2309));
#2773=CARTESIAN_POINT('Ctrl Pts',(25.3142643996155,-5.08116719612902,4.3407));
#2774=CARTESIAN_POINT('Ctrl Pts',(25.3142643990979,-5.08116864585674,4.3938));
#2775=CARTESIAN_POINT('Ctrl Pts',(25.3142643955186,-5.08117867159554,4.4505));
#2776=CARTESIAN_POINT('Ctrl Pts',(25.3142643871413,-5.08120213664908,4.5072));
#2777=CARTESIAN_POINT('Ctrl Pts',(25.31426438659,-5.08120368073941,4.5108));
#2778=CARTESIAN_POINT('Ctrl Pts',(25.3142643860196,-5.08120527860885,4.5144));
#2779=CARTESIAN_POINT('Ctrl Pts',(25.3142643854303,-5.08120692928799,4.518));
#2780=CARTESIAN_POINT('Ctrl Pts',(25.1247201830072,-5.0817172877815,-0.0180000000000025));
#2781=CARTESIAN_POINT('Ctrl Pts',(25.1247201834825,-5.08171595643823,-0.0144000000000022));
#2782=CARTESIAN_POINT('Ctrl Pts',(25.1247201839561,-5.0817146298985,-0.010800000000002));
#2783=CARTESIAN_POINT('Ctrl Pts',(25.1247201844278,-5.08171330858708,-0.00720000000000195));
#2784=CARTESIAN_POINT('Ctrl Pts',(25.1247201918266,-5.0816925843045,0.0494999999999993));
#2785=CARTESIAN_POINT('Ctrl Pts',(25.1247201987347,-5.08167323470317,0.106200000000001));
#2786=CARTESIAN_POINT('Ctrl Pts',(25.1247202053481,-5.08165471042659,0.159300000000003));
#2787=CARTESIAN_POINT('Ctrl Pts',(25.1247202200053,-5.08161365519567,0.269100000000004));
#2788=CARTESIAN_POINT('Ctrl Pts',(25.1247202360004,-5.08156885260358,0.378900000000004));
#2789=CARTESIAN_POINT('Ctrl Pts',(25.1247202447171,-5.08154443719163,0.435600000000005));
#2790=CARTESIAN_POINT('Ctrl Pts',(25.1247202717738,-5.08146865069053,0.605700000000005));
#2791=CARTESIAN_POINT('Ctrl Pts',(25.1247202994329,-5.08139117709861,0.775800000000005));
#2792=CARTESIAN_POINT('Ctrl Pts',(25.1247203162961,-5.08134394285585,0.889200000000005));
#2793=CARTESIAN_POINT('Ctrl Pts',(25.1247203460304,-5.08126065631423,1.11600000000001));
#2794=CARTESIAN_POINT('Ctrl Pts',(25.1247203679235,-5.08119933329278,1.34280000000001));
#2795=CARTESIAN_POINT('Ctrl Pts',(25.1247203769218,-5.08117412889166,1.45620000000001));
#2796=CARTESIAN_POINT('Ctrl Pts',(25.124720391505,-5.08113328099456,1.68300000000001));
#2797=CARTESIAN_POINT('Ctrl Pts',(25.1247203997821,-5.08111009674404,1.9098));
#2798=CARTESIAN_POINT('Ctrl Pts',(25.1247204024869,-5.08110252061824,2.0232));
#2799=CARTESIAN_POINT('Ctrl Pts',(25.1247204051927,-5.08109494161387,2.25));
#2800=CARTESIAN_POINT('Ctrl Pts',(25.1247204024868,-5.08110252061824,2.4768));
#2801=CARTESIAN_POINT('Ctrl Pts',(25.1247203997821,-5.08111009674404,2.5902));
#2802=CARTESIAN_POINT('Ctrl Pts',(25.124720391505,-5.08113328099455,2.817));
#2803=CARTESIAN_POINT('Ctrl Pts',(25.1247203769218,-5.08117412889165,3.0438));
#2804=CARTESIAN_POINT('Ctrl Pts',(25.1247203679235,-5.08119933329277,3.1572));
#2805=CARTESIAN_POINT('Ctrl Pts',(25.1247203460304,-5.08126065631421,3.384));
#2806=CARTESIAN_POINT('Ctrl Pts',(25.124720316296,-5.08134394285583,3.6108));
#2807=CARTESIAN_POINT('Ctrl Pts',(25.1247202994328,-5.0813911770986,3.7242));
#2808=CARTESIAN_POINT('Ctrl Pts',(25.1247202717738,-5.08146865069051,3.8943));
#2809=CARTESIAN_POINT('Ctrl Pts',(25.124720244717,-5.08154443719161,4.0644));
#2810=CARTESIAN_POINT('Ctrl Pts',(25.1247202360004,-5.08156885260357,4.1211));
#2811=CARTESIAN_POINT('Ctrl Pts',(25.1247202200053,-5.08161365519566,4.2309));
#2812=CARTESIAN_POINT('Ctrl Pts',(25.1247202053481,-5.08165471042658,4.3407));
#2813=CARTESIAN_POINT('Ctrl Pts',(25.1247201987347,-5.08167323470316,4.3938));
#2814=CARTESIAN_POINT('Ctrl Pts',(25.1247201918266,-5.08169258430449,4.4505));
#2815=CARTESIAN_POINT('Ctrl Pts',(25.1247201844278,-5.08171330858708,4.5072));
#2816=CARTESIAN_POINT('Ctrl Pts',(25.1247201839561,-5.0817146298985,4.5108));
#2817=CARTESIAN_POINT('Ctrl Pts',(25.1247201834825,-5.08171595643823,4.5144));
#2818=CARTESIAN_POINT('Ctrl Pts',(25.1247201830072,-5.0817172877815,4.518));
#2819=CARTESIAN_POINT('Ctrl Pts',(24.9351759784656,-5.08223358016795,-0.0179999999999997));
#2820=CARTESIAN_POINT('Ctrl Pts',(24.9351759787876,-5.08223267806895,-0.0143999999999995));
#2821=CARTESIAN_POINT('Ctrl Pts',(24.9351759791304,-5.08223171796591,-0.0107999999999992));
#2822=CARTESIAN_POINT('Ctrl Pts',(24.9351759794943,-5.08223069854405,-0.00719999999999916));
#2823=CARTESIAN_POINT('Ctrl Pts',(24.9351759855638,-5.08221369780771,0.049500000000002));
#2824=CARTESIAN_POINT('Ctrl Pts',(24.9351759969419,-5.08218182753546,0.106200000000003));
#2825=CARTESIAN_POINT('Ctrl Pts',(24.9351760099779,-5.08214531357534,0.159300000000003));
#2826=CARTESIAN_POINT('Ctrl Pts',(24.9351760343868,-5.08207694377453,0.269100000000004));
#2827=CARTESIAN_POINT('Ctrl Pts',(24.9351760610837,-5.08200216501181,0.378900000000005));
#2828=CARTESIAN_POINT('Ctrl Pts',(24.9351760758941,-5.08196068103565,0.435600000000005));
#2829=CARTESIAN_POINT('Ctrl Pts',(24.9351761207109,-5.08183514822477,0.605700000000006));
#2830=CARTESIAN_POINT('Ctrl Pts',(24.9351761636728,-5.08171481082571,0.775800000000006));
#2831=CARTESIAN_POINT('Ctrl Pts',(24.9351761884549,-5.08164539587161,0.889200000000007));
#2832=CARTESIAN_POINT('Ctrl Pts',(24.9351762315984,-5.08152455004028,1.11600000000001));
#2833=CARTESIAN_POINT('Ctrl Pts',(24.9351762624295,-5.08143819122439,1.34280000000001));
#2834=CARTESIAN_POINT('Ctrl Pts',(24.9351762750404,-5.08140286784715,1.45620000000001));
#2835=CARTESIAN_POINT('Ctrl Pts',(24.9351762954016,-5.08134583578923,1.68300000000001));
#2836=CARTESIAN_POINT('Ctrl Pts',(24.9351763068956,-5.08131364071662,1.90980000000001));
#2837=CARTESIAN_POINT('Ctrl Pts',(24.9351763106507,-5.08130312273788,2.0232));
#2838=CARTESIAN_POINT('Ctrl Pts',(24.9351763144061,-5.08129260371146,2.25));
#2839=CARTESIAN_POINT('Ctrl Pts',(24.9351763106507,-5.08130312273788,2.4768));
#2840=CARTESIAN_POINT('Ctrl Pts',(24.9351763068956,-5.08131364071662,2.5902));
#2841=CARTESIAN_POINT('Ctrl Pts',(24.9351762954016,-5.08134583578923,2.817));
#2842=CARTESIAN_POINT('Ctrl Pts',(24.9351762750404,-5.08140286784714,3.0438));
#2843=CARTESIAN_POINT('Ctrl Pts',(24.9351762624295,-5.08143819122437,3.1572));
#2844=CARTESIAN_POINT('Ctrl Pts',(24.9351762315983,-5.08152455004026,3.384));
#2845=CARTESIAN_POINT('Ctrl Pts',(24.9351761884548,-5.08164539587159,3.6108));
#2846=CARTESIAN_POINT('Ctrl Pts',(24.9351761636728,-5.08171481082569,3.7242));
#2847=CARTESIAN_POINT('Ctrl Pts',(24.9351761207108,-5.08183514822476,3.8943));
#2848=CARTESIAN_POINT('Ctrl Pts',(24.935176075894,-5.08196068103563,4.0644));
#2849=CARTESIAN_POINT('Ctrl Pts',(24.9351760610837,-5.08200216501179,4.1211));
#2850=CARTESIAN_POINT('Ctrl Pts',(24.9351760343867,-5.08207694377452,4.2309));
#2851=CARTESIAN_POINT('Ctrl Pts',(24.9351760099779,-5.08214531357534,4.3407));
#2852=CARTESIAN_POINT('Ctrl Pts',(24.9351759969419,-5.08218182753546,4.3938));
#2853=CARTESIAN_POINT('Ctrl Pts',(24.9351759855638,-5.08221369780772,4.4505));
#2854=CARTESIAN_POINT('Ctrl Pts',(24.9351759794943,-5.08223069854405,4.5072));
#2855=CARTESIAN_POINT('Ctrl Pts',(24.9351759791304,-5.08223171796591,4.5108));
#2856=CARTESIAN_POINT('Ctrl Pts',(24.9351759787876,-5.08223267806896,4.5144));
#2857=CARTESIAN_POINT('Ctrl Pts',(24.9351759784656,-5.08223358016796,4.518));
#2858=CARTESIAN_POINT('Ctrl Pts',(24.8409100235718,-5.08242191578067,-0.0180000000000013));
#2859=CARTESIAN_POINT('Ctrl Pts',(24.8409100241082,-5.08242041322029,-0.0144000000000011));
#2860=CARTESIAN_POINT('Ctrl Pts',(24.8409100246083,-5.08241901248139,-0.0108000000000009));
#2861=CARTESIAN_POINT('Ctrl Pts',(24.8409100250689,-5.08241772246955,-0.00720000000000079));
#2862=CARTESIAN_POINT('Ctrl Pts',(24.8409100316723,-5.08239922616765,0.0495000000000003));
#2863=CARTESIAN_POINT('Ctrl Pts',(24.8409100280326,-5.08240942092117,0.106200000000002));
#2864=CARTESIAN_POINT('Ctrl Pts',(24.8409100313086,-5.08240024480785,0.159300000000003));
#2865=CARTESIAN_POINT('Ctrl Pts',(24.840910058765,-5.08232333902381,0.269100000000004));
#2866=CARTESIAN_POINT('Ctrl Pts',(24.8409100974771,-5.08221490548345,0.378900000000004));
#2867=CARTESIAN_POINT('Ctrl Pts',(24.8409101169951,-5.08216023533868,0.435600000000005));
#2868=CARTESIAN_POINT('Ctrl Pts',(24.8409101741318,-5.08200019422867,0.605700000000006));
#2869=CARTESIAN_POINT('Ctrl Pts',(24.8409102237752,-5.08186114213844,0.775800000000006));
#2870=CARTESIAN_POINT('Ctrl Pts',(24.8409102519951,-5.08178209741403,0.889200000000007));
#2871=CARTESIAN_POINT('Ctrl Pts',(24.840910300807,-5.08164537433377,1.11600000000001));
#2872=CARTESIAN_POINT('Ctrl Pts',(24.8409103353685,-5.08154856692739,1.34280000000001));
#2873=CARTESIAN_POINT('Ctrl Pts',(24.8409103495141,-5.08150894458255,1.45620000000001));
#2874=CARTESIAN_POINT('Ctrl Pts',(24.8409103723406,-5.08144500719858,1.68300000000001));
#2875=CARTESIAN_POINT('Ctrl Pts',(24.8409103852281,-5.08140890903798,1.90980000000001));
#2876=CARTESIAN_POINT('Ctrl Pts',(24.8409103894405,-5.08139711003448,2.02320000000001));
#2877=CARTESIAN_POINT('Ctrl Pts',(24.8409103936529,-5.08138531091421,2.25));
#2878=CARTESIAN_POINT('Ctrl Pts',(24.8409103894405,-5.08139711003447,2.4768));
#2879=CARTESIAN_POINT('Ctrl Pts',(24.8409103852281,-5.08140890903798,2.5902));
#2880=CARTESIAN_POINT('Ctrl Pts',(24.8409103723406,-5.08144500719857,2.817));
#2881=CARTESIAN_POINT('Ctrl Pts',(24.8409103495141,-5.08150894458254,3.0438));
#2882=CARTESIAN_POINT('Ctrl Pts',(24.8409103353684,-5.08154856692738,3.1572));
#2883=CARTESIAN_POINT('Ctrl Pts',(24.8409103008069,-5.08164537433375,3.384));
#2884=CARTESIAN_POINT('Ctrl Pts',(24.8409102519951,-5.08178209741401,3.6108));
#2885=CARTESIAN_POINT('Ctrl Pts',(24.8409102237751,-5.08186114213842,3.7242));
#2886=CARTESIAN_POINT('Ctrl Pts',(24.8409101741317,-5.08200019422866,3.8943));
#2887=CARTESIAN_POINT('Ctrl Pts',(24.840910116995,-5.08216023533867,4.0644));
#2888=CARTESIAN_POINT('Ctrl Pts',(24.8409100974771,-5.08221490548344,4.1211));
#2889=CARTESIAN_POINT('Ctrl Pts',(24.8409100587649,-5.08232333902379,4.2309));
#2890=CARTESIAN_POINT('Ctrl Pts',(24.8409100313086,-5.08240024480784,4.3407));
#2891=CARTESIAN_POINT('Ctrl Pts',(24.8409100280326,-5.08240942092116,4.3938));
#2892=CARTESIAN_POINT('Ctrl Pts',(24.8409100316723,-5.08239922616764,4.4505));
#2893=CARTESIAN_POINT('Ctrl Pts',(24.8409100250689,-5.08241772246955,4.5072));
#2894=CARTESIAN_POINT('Ctrl Pts',(24.8409100246083,-5.08241901248139,4.5108));
#2895=CARTESIAN_POINT('Ctrl Pts',(24.8409100241082,-5.08242041322028,4.5144));
#2896=CARTESIAN_POINT('Ctrl Pts',(24.8409100235718,-5.08242191578066,4.518));
#2897=CARTESIAN_POINT('Ctrl Pts',(24.7274782559512,-5.0829381875236,-0.0179999999999996));
#2898=CARTESIAN_POINT('Ctrl Pts',(24.7274782558448,-5.08293848556357,-0.0143999999999994));
#2899=CARTESIAN_POINT('Ctrl Pts',(24.7274782558477,-5.08293847736103,-0.0107999999999992));
#2900=CARTESIAN_POINT('Ctrl Pts',(24.7274782559633,-5.08293815356491,-0.0071999999999991));
#2901=CARTESIAN_POINT('Ctrl Pts',(24.7274782595868,-5.08292800462576,0.049500000000002));
#2902=CARTESIAN_POINT('Ctrl Pts',(24.7274782915953,-5.08283834765407,0.106200000000002));
#2903=CARTESIAN_POINT('Ctrl Pts',(24.7274783318281,-5.08272565473856,0.159300000000002));
#2904=CARTESIAN_POINT('Ctrl Pts',(24.7274783937637,-5.08255217192809,0.269100000000003));
#2905=CARTESIAN_POINT('Ctrl Pts',(24.7274784438855,-5.08241177982763,0.378900000000004));
#2906=CARTESIAN_POINT('Ctrl Pts',(24.7274784677083,-5.08234505145287,0.435600000000005));
#2907=CARTESIAN_POINT('Ctrl Pts',(24.7274785343826,-5.08215829530286,0.605700000000006));
#2908=CARTESIAN_POINT('Ctrl Pts',(24.7274785878455,-5.08200854469577,0.775800000000006));
#2909=CARTESIAN_POINT('Ctrl Pts',(24.7274786188378,-5.08192173476841,0.889200000000007));
#2910=CARTESIAN_POINT('Ctrl Pts',(24.7274786719517,-5.08177296157015,1.11600000000001));
#2911=CARTESIAN_POINT('Ctrl Pts',(24.7274787096409,-5.08166739339694,1.34280000000001));
#2912=CARTESIAN_POINT('Ctrl Pts',(24.7274787251182,-5.08162404115376,1.45620000000001));
#2913=CARTESIAN_POINT('Ctrl Pts',(24.7274787501359,-5.08155396603655,1.68300000000001));
#2914=CARTESIAN_POINT('Ctrl Pts',(24.727478764315,-5.08151425005428,1.90980000000001));
#2915=CARTESIAN_POINT('Ctrl Pts',(24.7274787689555,-5.08150125191733,2.02320000000001));
#2916=CARTESIAN_POINT('Ctrl Pts',(24.727478773596,-5.08148825378786,2.25));
#2917=CARTESIAN_POINT('Ctrl Pts',(24.7274787689555,-5.08150125191732,2.4768));
#2918=CARTESIAN_POINT('Ctrl Pts',(24.7274787643149,-5.08151425005428,2.5902));
#2919=CARTESIAN_POINT('Ctrl Pts',(24.7274787501358,-5.08155396603654,2.817));
#2920=CARTESIAN_POINT('Ctrl Pts',(24.7274787251181,-5.08162404115375,3.0438));
#2921=CARTESIAN_POINT('Ctrl Pts',(24.7274787096408,-5.08166739339693,3.1572));
#2922=CARTESIAN_POINT('Ctrl Pts',(24.7274786719516,-5.08177296157014,3.384));
#2923=CARTESIAN_POINT('Ctrl Pts',(24.7274786188377,-5.08192173476839,3.6108));
#2924=CARTESIAN_POINT('Ctrl Pts',(24.7274785878455,-5.08200854469575,3.7242));
#2925=CARTESIAN_POINT('Ctrl Pts',(24.7274785343826,-5.08215829530284,3.8943));
#2926=CARTESIAN_POINT('Ctrl Pts',(24.7274784677083,-5.08234505145285,4.0644));
#2927=CARTESIAN_POINT('Ctrl Pts',(24.7274784438854,-5.08241177982762,4.1211));
#2928=CARTESIAN_POINT('Ctrl Pts',(24.7274783937636,-5.08255217192808,4.2309));
#2929=CARTESIAN_POINT('Ctrl Pts',(24.7274783318281,-5.08272565473855,4.3407));
#2930=CARTESIAN_POINT('Ctrl Pts',(24.7274782915953,-5.08283834765407,4.3938));
#2931=CARTESIAN_POINT('Ctrl Pts',(24.7274782595866,-5.08292800462578,4.4505));
#2932=CARTESIAN_POINT('Ctrl Pts',(24.7274782559633,-5.0829381535649,4.5072));
#2933=CARTESIAN_POINT('Ctrl Pts',(24.7274782558477,-5.08293847736102,4.5108));
#2934=CARTESIAN_POINT('Ctrl Pts',(24.7274782558448,-5.08293848556357,4.5144));
#2935=CARTESIAN_POINT('Ctrl Pts',(24.7274782559512,-5.0829381875236,4.518));
#2936=CARTESIAN_POINT('Ctrl Pts',(24.6140466686648,-5.08294933931547,-0.0180000000000015));
#2937=CARTESIAN_POINT('Ctrl Pts',(24.6140466686966,-5.08294925037173,-0.0144000000000012));
#2938=CARTESIAN_POINT('Ctrl Pts',(24.6140466687971,-5.08294896874268,-0.010800000000001));
#2939=CARTESIAN_POINT('Ctrl Pts',(24.614046668968,-5.08294849007043,-0.00720000000000096));
#2940=CARTESIAN_POINT('Ctrl Pts',(24.6140466727805,-5.08293781139995,0.0495000000000001));
#2941=CARTESIAN_POINT('Ctrl Pts',(24.6140466942424,-5.08287769612811,0.106200000000001));
#2942=CARTESIAN_POINT('Ctrl Pts',(24.6140467235372,-5.08279564069562,0.159300000000002));
#2943=CARTESIAN_POINT('Ctrl Pts',(24.6140467758649,-5.08264906970059,0.269100000000003));
#2944=CARTESIAN_POINT('Ctrl Pts',(24.6140468235498,-5.08251550337949,0.378900000000004));
#2945=CARTESIAN_POINT('Ctrl Pts',(24.6140468465333,-5.08245112594999,0.435600000000004));
#2946=CARTESIAN_POINT('Ctrl Pts',(24.6140469117632,-5.08226841567444,0.605700000000006));
#2947=CARTESIAN_POINT('Ctrl Pts',(24.6140469656896,-5.08211736678022,0.775800000000007));
#2948=CARTESIAN_POINT('Ctrl Pts',(24.6140469970952,-5.08202939907719,0.889200000000007));
#2949=CARTESIAN_POINT('Ctrl Pts',(24.6140470514542,-5.08187713825281,1.11600000000001));
#2950=CARTESIAN_POINT('Ctrl Pts',(24.6140470905891,-5.08176752059806,1.34280000000001));
#2951=CARTESIAN_POINT('Ctrl Pts',(24.6140471067481,-5.08172225885163,1.45620000000001));
#2952=CARTESIAN_POINT('Ctrl Pts',(24.6140471329692,-5.08164881310624,1.68300000000001));
#2953=CARTESIAN_POINT('Ctrl Pts',(24.6140471479361,-5.08160689059379,1.90980000000001));
#2954=CARTESIAN_POINT('Ctrl Pts',(24.6140471528436,-5.0815931443301,2.02320000000001));
#2955=CARTESIAN_POINT('Ctrl Pts',(24.6140471577516,-5.08157939710504,2.25000000000001));
#2956=CARTESIAN_POINT('Ctrl Pts',(24.6140471528436,-5.0815931443301,2.4768));
#2957=CARTESIAN_POINT('Ctrl Pts',(24.6140471479361,-5.08160689059378,2.5902));
#2958=CARTESIAN_POINT('Ctrl Pts',(24.6140471329692,-5.08164881310623,2.817));
#2959=CARTESIAN_POINT('Ctrl Pts',(24.6140471067481,-5.08172225885161,3.0438));
#2960=CARTESIAN_POINT('Ctrl Pts',(24.6140470905891,-5.08176752059804,3.1572));
#2961=CARTESIAN_POINT('Ctrl Pts',(24.6140470514542,-5.08187713825279,3.384));
#2962=CARTESIAN_POINT('Ctrl Pts',(24.6140469970951,-5.08202939907718,3.6108));
#2963=CARTESIAN_POINT('Ctrl Pts',(24.6140469656896,-5.0821173667802,3.7242));
#2964=CARTESIAN_POINT('Ctrl Pts',(24.6140469117632,-5.08226841567442,3.8943));
#2965=CARTESIAN_POINT('Ctrl Pts',(24.6140468465333,-5.08245112594998,4.0644));
#2966=CARTESIAN_POINT('Ctrl Pts',(24.6140468235497,-5.08251550337948,4.1211));
#2967=CARTESIAN_POINT('Ctrl Pts',(24.6140467758649,-5.08264906970058,4.2309));
#2968=CARTESIAN_POINT('Ctrl Pts',(24.6140467235372,-5.08279564069562,4.3407));
#2969=CARTESIAN_POINT('Ctrl Pts',(24.6140466942423,-5.0828776961281,4.3938));
#2970=CARTESIAN_POINT('Ctrl Pts',(24.6140466727804,-5.08293781139997,4.4505));
#2971=CARTESIAN_POINT('Ctrl Pts',(24.614046668968,-5.08294849007043,4.5072));
#2972=CARTESIAN_POINT('Ctrl Pts',(24.6140466687971,-5.08294896874268,4.5108));
#2973=CARTESIAN_POINT('Ctrl Pts',(24.6140466686966,-5.08294925037173,4.5144));
#2974=CARTESIAN_POINT('Ctrl Pts',(24.6140466686648,-5.08294933931547,4.518));
#2975=CARTESIAN_POINT('Ctrl Pts',(24.5948809773854,-5.0829370987562,-0.0180000000000019));
#2976=CARTESIAN_POINT('Ctrl Pts',(24.5948809774623,-5.08293688310363,-0.0144000000000017));
#2977=CARTESIAN_POINT('Ctrl Pts',(24.5948809775961,-5.08293650856772,-0.0108000000000015));
#2978=CARTESIAN_POINT('Ctrl Pts',(24.5948809777875,-5.08293597229111,-0.00720000000000141));
#2979=CARTESIAN_POINT('Ctrl Pts',(24.5948809817208,-5.08292495512307,0.0494999999999996));
#2980=CARTESIAN_POINT('Ctrl Pts',(24.5948810001058,-5.08287345833544,0.106200000000001));
#2981=CARTESIAN_POINT('Ctrl Pts',(24.5948810262328,-5.08280027623353,0.159300000000001));
#2982=CARTESIAN_POINT('Ctrl Pts',(24.5948810757196,-5.08266166243675,0.269100000000003));
#2983=CARTESIAN_POINT('Ctrl Pts',(24.5948811225983,-5.0825303545015,0.378900000000004));
#2984=CARTESIAN_POINT('Ctrl Pts',(24.5948811452932,-5.08246678537336,0.435600000000004));
#2985=CARTESIAN_POINT('Ctrl Pts',(24.5948812099651,-5.08228563810515,0.605700000000006));
#2986=CARTESIAN_POINT('Ctrl Pts',(24.5948812638733,-5.08213464003681,0.775800000000007));
#2987=CARTESIAN_POINT('Ctrl Pts',(24.5948812952816,-5.08204666477783,0.889200000000007));
#2988=CARTESIAN_POINT('Ctrl Pts',(24.5948813497636,-5.0818940597426,1.11600000000001));
#2989=CARTESIAN_POINT('Ctrl Pts',(24.5948813890944,-5.08178389337716,1.34280000000001));
#2990=CARTESIAN_POINT('Ctrl Pts',(24.5948814053498,-5.08173836151479,1.45620000000001));
#2991=CARTESIAN_POINT('Ctrl Pts',(24.5948814317456,-5.08166442625966,1.68300000000001));
#2992=CARTESIAN_POINT('Ctrl Pts',(24.5948814468309,-5.08162217191914,1.90980000000001));
#2993=CARTESIAN_POINT('Ctrl Pts',(24.594881451779,-5.08160831236633,2.02320000000001));
#2994=CARTESIAN_POINT('Ctrl Pts',(24.5948814567274,-5.08159445165776,2.25000000000001));
#2995=CARTESIAN_POINT('Ctrl Pts',(24.594881451779,-5.08160831236632,2.47680000000001));
#2996=CARTESIAN_POINT('Ctrl Pts',(24.5948814468309,-5.08162217191913,2.5902));
#2997=CARTESIAN_POINT('Ctrl Pts',(24.5948814317456,-5.08166442625966,2.817));
#2998=CARTESIAN_POINT('Ctrl Pts',(24.5948814053498,-5.08173836151478,3.0438));
#2999=CARTESIAN_POINT('Ctrl Pts',(24.5948813890943,-5.08178389337714,3.1572));
#3000=CARTESIAN_POINT('Ctrl Pts',(24.5948813497635,-5.08189405974258,3.384));
#3001=CARTESIAN_POINT('Ctrl Pts',(24.5948812952816,-5.08204666477781,3.6108));
#3002=CARTESIAN_POINT('Ctrl Pts',(24.5948812638733,-5.0821346400368,3.7242));
#3003=CARTESIAN_POINT('Ctrl Pts',(24.5948812099651,-5.08228563810514,3.8943));
#3004=CARTESIAN_POINT('Ctrl Pts',(24.5948811452932,-5.08246678537334,4.0644));
#3005=CARTESIAN_POINT('Ctrl Pts',(24.5948811225982,-5.08253035450149,4.1211));
#3006=CARTESIAN_POINT('Ctrl Pts',(24.5948810757196,-5.08266166243674,4.2309));
#3007=CARTESIAN_POINT('Ctrl Pts',(24.5948810262327,-5.08280027623353,4.3407));
#3008=CARTESIAN_POINT('Ctrl Pts',(24.5948810001058,-5.08287345833544,4.3938));
#3009=CARTESIAN_POINT('Ctrl Pts',(24.5948809817208,-5.08292495512305,4.4505));
#3010=CARTESIAN_POINT('Ctrl Pts',(24.5948809777875,-5.08293597229111,4.5072));
#3011=CARTESIAN_POINT('Ctrl Pts',(24.5948809775961,-5.08293650856772,4.5108));
#3012=CARTESIAN_POINT('Ctrl Pts',(24.5948809774624,-5.08293688310363,4.5144));
#3013=CARTESIAN_POINT('Ctrl Pts',(24.5948809773854,-5.08293709875621,4.518));
#3014=CARTESIAN_POINT('Ctrl Pts',(24.3488522043848,-5.08268708233773,-0.0180000000000063));
#3015=CARTESIAN_POINT('Ctrl Pts',(24.3488522051004,-5.08268507792659,-0.0144000000000061));
#3016=CARTESIAN_POINT('Ctrl Pts',(24.3488522057037,-5.08268338813001,-0.0108000000000059));
#3017=CARTESIAN_POINT('Ctrl Pts',(24.3488522061886,-5.08268202973005,-0.00720000000000587));
#3018=CARTESIAN_POINT('Ctrl Pts',(24.3488522119126,-5.08266599733641,0.0494999999999951));
#3019=CARTESIAN_POINT('Ctrl Pts',(24.348852187485,-5.0827344190205,0.106199999999998));
#3020=CARTESIAN_POINT('Ctrl Pts',(24.3488521669546,-5.08279192534984,0.1593));
#3021=CARTESIAN_POINT('Ctrl Pts',(24.3488521716964,-5.08277864340605,0.269100000000003));
#3022=CARTESIAN_POINT('Ctrl Pts',(24.34885220376,-5.08268883261979,0.378900000000003));
#3023=CARTESIAN_POINT('Ctrl Pts',(24.3488522212283,-5.08263990329889,0.435600000000004));
#3024=CARTESIAN_POINT('Ctrl Pts',(24.3488522751485,-5.08248887198826,0.605700000000008));
#3025=CARTESIAN_POINT('Ctrl Pts',(24.3488523275042,-5.08234222262742,0.775800000000007));
#3026=CARTESIAN_POINT('Ctrl Pts',(24.3488523581527,-5.08225637537109,0.889200000000008));
#3027=CARTESIAN_POINT('Ctrl Pts',(24.3488524131075,-5.08210244544743,1.11600000000001));
#3028=CARTESIAN_POINT('Ctrl Pts',(24.3488524543345,-5.08198696809366,1.34280000000001));
#3029=CARTESIAN_POINT('Ctrl Pts',(24.3488524715874,-5.08193864214779,1.45620000000001));
#3030=CARTESIAN_POINT('Ctrl Pts',(24.3488524998593,-5.0818594524962,1.68300000000001));
#3031=CARTESIAN_POINT('Ctrl Pts',(24.3488525162758,-5.08181346918655,1.90980000000001));
#3032=CARTESIAN_POINT('Ctrl Pts',(24.3488525216823,-5.08179832537386,2.02320000000001));
#3033=CARTESIAN_POINT('Ctrl Pts',(24.3488525270903,-5.08178317754105,2.25));
#3034=CARTESIAN_POINT('Ctrl Pts',(24.3488525216823,-5.08179832537385,2.47680000000001));
#3035=CARTESIAN_POINT('Ctrl Pts',(24.3488525162758,-5.08181346918655,2.5902));
#3036=CARTESIAN_POINT('Ctrl Pts',(24.3488524998591,-5.08185945249617,2.817));
#3037=CARTESIAN_POINT('Ctrl Pts',(24.3488524715874,-5.08193864214778,3.0438));
#3038=CARTESIAN_POINT('Ctrl Pts',(24.3488524543344,-5.08198696809364,3.1572));
#3039=CARTESIAN_POINT('Ctrl Pts',(24.3488524131077,-5.0821024454474,3.384));
#3040=CARTESIAN_POINT('Ctrl Pts',(24.3488523581527,-5.08225637537107,3.6108));
#3041=CARTESIAN_POINT('Ctrl Pts',(24.3488523275041,-5.0823422226274,3.7242));
#3042=CARTESIAN_POINT('Ctrl Pts',(24.3488522751484,-5.08248887198822,3.8943));
#3043=CARTESIAN_POINT('Ctrl Pts',(24.3488522212283,-5.08263990329889,4.0644));
#3044=CARTESIAN_POINT('Ctrl Pts',(24.3488522037599,-5.08268883261976,4.1211));
#3045=CARTESIAN_POINT('Ctrl Pts',(24.3488521716963,-5.08277864340603,4.23090000000001));
#3046=CARTESIAN_POINT('Ctrl Pts',(24.3488521669545,-5.08279192534982,4.3407));
#3047=CARTESIAN_POINT('Ctrl Pts',(24.3488521874851,-5.08273441902049,4.3938));
#3048=CARTESIAN_POINT('Ctrl Pts',(24.3488522119124,-5.08266599733631,4.4505));
#3049=CARTESIAN_POINT('Ctrl Pts',(24.3488522061886,-5.08268202973005,4.5072));
#3050=CARTESIAN_POINT('Ctrl Pts',(24.3488522057037,-5.08268338813001,4.51080000000001));
#3051=CARTESIAN_POINT('Ctrl Pts',(24.3488522051004,-5.08268507792661,4.5144));
#3052=CARTESIAN_POINT('Ctrl Pts',(24.3488522043848,-5.08268708233774,4.518));
#3053=CARTESIAN_POINT('Ctrl Pts',(24.1028235545274,-5.08209213955733,-0.0179999999999915));
#3054=CARTESIAN_POINT('Ctrl Pts',(24.1028235549031,-5.08209108705524,-0.0143999999999913));
#3055=CARTESIAN_POINT('Ctrl Pts',(24.1028235552282,-5.08209017659079,-0.010799999999991));
#3056=CARTESIAN_POINT('Ctrl Pts',(24.1028235555059,-5.08208939865649,-0.00719999999999093));
#3057=CARTESIAN_POINT('Ctrl Pts',(24.1028235591656,-5.08207914781646,0.0495000000000101));
#3058=CARTESIAN_POINT('Ctrl Pts',(24.1028235515641,-5.08210043962466,0.106200000000008));
#3059=CARTESIAN_POINT('Ctrl Pts',(24.1028235109512,-5.08221419713872,0.159300000000005));
#3060=CARTESIAN_POINT('Ctrl Pts',(24.1028234448931,-5.08239922729424,0.269100000000003));
#3061=CARTESIAN_POINT('Ctrl Pts',(24.1028234185754,-5.08247294382632,0.378900000000004));
#3062=CARTESIAN_POINT('Ctrl Pts',(24.1028234162762,-5.08247938406552,0.435600000000005));
#3063=CARTESIAN_POINT('Ctrl Pts',(24.102823421442,-5.08246491436115,0.605700000000006));
#3064=CARTESIAN_POINT('Ctrl Pts',(24.102823454649,-5.08237190106833,0.775800000000007));
#3065=CARTESIAN_POINT('Ctrl Pts',(24.1028234754182,-5.0823137260531,0.889200000000008));
#3066=CARTESIAN_POINT('Ctrl Pts',(24.102823517146,-5.0821968454994,1.11600000000001));
#3067=CARTESIAN_POINT('Ctrl Pts',(24.102823552441,-5.08209798360821,1.34280000000001));
#3068=CARTESIAN_POINT('Ctrl Pts',(24.1028235676417,-5.08205540611302,1.45620000000001));
#3069=CARTESIAN_POINT('Ctrl Pts',(24.1028235931047,-5.08198408358746,1.68300000000001));
#3070=CARTESIAN_POINT('Ctrl Pts',(24.1028236084199,-5.0819411853584,1.90980000000001));
#3071=CARTESIAN_POINT('Ctrl Pts',(24.1028236135045,-5.08192694347923,2.02320000000001));
#3072=CARTESIAN_POINT('Ctrl Pts',(24.1028236185929,-5.08191269049034,2.25000000000001));
#3073=CARTESIAN_POINT('Ctrl Pts',(24.1028236135044,-5.08192694347922,2.47680000000001));
#3074=CARTESIAN_POINT('Ctrl Pts',(24.1028236084199,-5.0819411853584,2.59020000000001));
#3075=CARTESIAN_POINT('Ctrl Pts',(24.1028235931047,-5.08198408358745,2.817));
#3076=CARTESIAN_POINT('Ctrl Pts',(24.1028235676416,-5.08205540611301,3.0438));
#3077=CARTESIAN_POINT('Ctrl Pts',(24.1028235524409,-5.0820979836082,3.1572));
#3078=CARTESIAN_POINT('Ctrl Pts',(24.102823517146,-5.08219684549939,3.384));
#3079=CARTESIAN_POINT('Ctrl Pts',(24.1028234754181,-5.08231372605309,3.6108));
#3080=CARTESIAN_POINT('Ctrl Pts',(24.1028234546489,-5.08237190106831,3.7242));
#3081=CARTESIAN_POINT('Ctrl Pts',(24.102823421442,-5.08246491436114,3.8943));
#3082=CARTESIAN_POINT('Ctrl Pts',(24.1028234162761,-5.08247938406551,4.0644));
#3083=CARTESIAN_POINT('Ctrl Pts',(24.1028234185754,-5.08247294382631,4.1211));
#3084=CARTESIAN_POINT('Ctrl Pts',(24.1028234448931,-5.08239922729423,4.2309));
#3085=CARTESIAN_POINT('Ctrl Pts',(24.1028235109512,-5.08221419713871,4.3407));
#3086=CARTESIAN_POINT('Ctrl Pts',(24.1028235515641,-5.08210043962465,4.3938));
#3087=CARTESIAN_POINT('Ctrl Pts',(24.1028235591655,-5.08207914781644,4.4505));
#3088=CARTESIAN_POINT('Ctrl Pts',(24.1028235555058,-5.08208939865648,4.5072));
#3089=CARTESIAN_POINT('Ctrl Pts',(24.1028235552281,-5.08209017659078,4.5108));
#3090=CARTESIAN_POINT('Ctrl Pts',(24.102823554903,-5.08209108705523,4.5144));
#3091=CARTESIAN_POINT('Ctrl Pts',(24.1028235545273,-5.08209213955732,4.518));
#3092=CARTESIAN_POINT('Ctrl Pts',(23.8759602574483,-5.08245758564478,-0.0180000000000024));
#3093=CARTESIAN_POINT('Ctrl Pts',(23.8759602575932,-5.08245717974125,-0.0144000000000022));
#3094=CARTESIAN_POINT('Ctrl Pts',(23.8759602577386,-5.0824567724432,-0.010800000000002));
#3095=CARTESIAN_POINT('Ctrl Pts',(23.8759602578845,-5.08245636374505,-0.00720000000000193));
#3096=CARTESIAN_POINT('Ctrl Pts',(23.8759602601904,-5.08244990475865,0.0494999999999989));
#3097=CARTESIAN_POINT('Ctrl Pts',(23.8759602626184,-5.08244310413485,0.1062));
#3098=CARTESIAN_POINT('Ctrl Pts',(23.875960264882,-5.08243676386126,0.159300000000001));
#3099=CARTESIAN_POINT('Ctrl Pts',(23.8759602700785,-5.08242220841527,0.269100000000002));
#3100=CARTESIAN_POINT('Ctrl Pts',(23.875960276836,-5.08240328034531,0.378900000000004));
#3101=CARTESIAN_POINT('Ctrl Pts',(23.8759602808753,-5.08239196617874,0.435600000000004));
#3102=CARTESIAN_POINT('Ctrl Pts',(23.8759602946679,-5.08235333304174,0.605700000000006));
#3103=CARTESIAN_POINT('Ctrl Pts',(23.875960312943,-5.08230214418999,0.775800000000006));
#3104=CARTESIAN_POINT('Ctrl Pts',(23.8759603265927,-5.08226391101109,0.889200000000007));
#3105=CARTESIAN_POINT('Ctrl Pts',(23.8759603542028,-5.08218657460049,1.11600000000001));
#3106=CARTESIAN_POINT('Ctrl Pts',(23.8759603796812,-5.08211520903507,1.34280000000001));
#3107=CARTESIAN_POINT('Ctrl Pts',(23.8759603911444,-5.08208310031916,1.45620000000001));
#3108=CARTESIAN_POINT('Ctrl Pts',(23.8759604107933,-5.08202806323424,1.68300000000001));
#3109=CARTESIAN_POINT('Ctrl Pts',(23.8759604231186,-5.08199353989394,1.90980000000001));
#3110=CARTESIAN_POINT('Ctrl Pts',(23.8759604272596,-5.08198194071051,2.02320000000001));
#3111=CARTESIAN_POINT('Ctrl Pts',(23.8759604314041,-5.08197033205765,2.25000000000001));
#3112=CARTESIAN_POINT('Ctrl Pts',(23.8759604272596,-5.0819819407105,2.47680000000001));
#3113=CARTESIAN_POINT('Ctrl Pts',(23.8759604231186,-5.08199353989394,2.59020000000001));
#3114=CARTESIAN_POINT('Ctrl Pts',(23.8759604107933,-5.08202806323423,2.81700000000001));
#3115=CARTESIAN_POINT('Ctrl Pts',(23.8759603911444,-5.08208310031915,3.0438));
#3116=CARTESIAN_POINT('Ctrl Pts',(23.8759603796811,-5.08211520903505,3.1572));
#3117=CARTESIAN_POINT('Ctrl Pts',(23.8759603542027,-5.08218657460048,3.384));
#3118=CARTESIAN_POINT('Ctrl Pts',(23.8759603265926,-5.08226391101107,3.6108));
#3119=CARTESIAN_POINT('Ctrl Pts',(23.8759603129429,-5.08230214418997,3.7242));
#3120=CARTESIAN_POINT('Ctrl Pts',(23.8759602946678,-5.08235333304173,3.8943));
#3121=CARTESIAN_POINT('Ctrl Pts',(23.8759602808753,-5.08239196617873,4.0644));
#3122=CARTESIAN_POINT('Ctrl Pts',(23.875960276836,-5.08240328034531,4.1211));
#3123=CARTESIAN_POINT('Ctrl Pts',(23.8759602700785,-5.08242220841527,4.2309));
#3124=CARTESIAN_POINT('Ctrl Pts',(23.875960264882,-5.08243676386126,4.3407));
#3125=CARTESIAN_POINT('Ctrl Pts',(23.8759602626184,-5.08244310413485,4.39379999999999));
#3126=CARTESIAN_POINT('Ctrl Pts',(23.8759602601905,-5.08244990475867,4.45049999999998));
#3127=CARTESIAN_POINT('Ctrl Pts',(23.8759602578846,-5.08245636374506,4.50719999999998));
#3128=CARTESIAN_POINT('Ctrl Pts',(23.8759602577387,-5.08245677244321,4.51079999999998));
#3129=CARTESIAN_POINT('Ctrl Pts',(23.8759602575933,-5.08245717974126,4.51439999999998));
#3130=CARTESIAN_POINT('Ctrl Pts',(23.8759602574483,-5.0824575856448,4.51799999999998));
#3131=CARTESIAN_POINT('Ctrl Pts',(23.4222340235011,-5.08217952019683,-0.0179999999999947));
#3132=CARTESIAN_POINT('Ctrl Pts',(23.4222340235876,-5.08217927789965,-0.0143999999999945));
#3133=CARTESIAN_POINT('Ctrl Pts',(23.4222340236733,-5.08217903793807,-0.0107999999999943));
#3134=CARTESIAN_POINT('Ctrl Pts',(23.4222340237581,-5.08217880038951,-0.00719999999999425));
#3135=CARTESIAN_POINT('Ctrl Pts',(23.4222340250799,-5.08217509775921,0.0495000000000065));
#3136=CARTESIAN_POINT('Ctrl Pts',(23.4222340261828,-5.0821720086739,0.106200000000006));
#3137=CARTESIAN_POINT('Ctrl Pts',(23.4222340271066,-5.08216942108854,0.159300000000005));
#3138=CARTESIAN_POINT('Ctrl Pts',(23.4222340289592,-5.08216423174455,0.269100000000004));
#3139=CARTESIAN_POINT('Ctrl Pts',(23.42223403085,-5.08215893552258,0.378900000000004));
#3140=CARTESIAN_POINT('Ctrl Pts',(23.4222340319103,-5.08215596580063,0.435600000000004));
#3141=CARTESIAN_POINT('Ctrl Pts',(23.4222340355383,-5.08214580366727,0.605700000000005));
#3142=CARTESIAN_POINT('Ctrl Pts',(23.4222340407617,-5.08213117292518,0.775800000000006));
#3143=CARTESIAN_POINT('Ctrl Pts',(23.4222340452029,-5.08211873281101,0.889200000000007));
#3144=CARTESIAN_POINT('Ctrl Pts',(23.4222340553716,-5.08209025002785,1.11600000000001));
#3145=CARTESIAN_POINT('Ctrl Pts',(23.4222340665377,-5.08205897367447,1.34280000000001));
#3146=CARTESIAN_POINT('Ctrl Pts',(23.4222340719731,-5.08204374888615,1.45620000000001));
#3147=CARTESIAN_POINT('Ctrl Pts',(23.4222340817435,-5.08201638183576,1.68300000000001));
#3148=CARTESIAN_POINT('Ctrl Pts',(23.4222340883698,-5.08199782142471,1.90980000000001));
#3149=CARTESIAN_POINT('Ctrl Pts',(23.422234090654,-5.08199142349539,2.02320000000001));
#3150=CARTESIAN_POINT('Ctrl Pts',(23.4222340929384,-5.08198502475044,2.25000000000001));
#3151=CARTESIAN_POINT('Ctrl Pts',(23.422234090654,-5.08199142349539,2.47680000000001));
#3152=CARTESIAN_POINT('Ctrl Pts',(23.4222340883698,-5.08199782142471,2.59020000000001));
#3153=CARTESIAN_POINT('Ctrl Pts',(23.4222340817435,-5.08201638183575,2.81700000000001));
#3154=CARTESIAN_POINT('Ctrl Pts',(23.4222340719731,-5.08204374888614,3.0438));
#3155=CARTESIAN_POINT('Ctrl Pts',(23.4222340665377,-5.08205897367446,3.1572));
#3156=CARTESIAN_POINT('Ctrl Pts',(23.4222340553716,-5.08209025002784,3.384));
#3157=CARTESIAN_POINT('Ctrl Pts',(23.4222340452029,-5.082118732811,3.6108));
#3158=CARTESIAN_POINT('Ctrl Pts',(23.4222340407616,-5.08213117292517,3.7242));
#3159=CARTESIAN_POINT('Ctrl Pts',(23.4222340355382,-5.08214580366726,3.8943));
#3160=CARTESIAN_POINT('Ctrl Pts',(23.4222340319102,-5.08215596580062,4.0644));
#3161=CARTESIAN_POINT('Ctrl Pts',(23.42223403085,-5.08215893552257,4.1211));
#3162=CARTESIAN_POINT('Ctrl Pts',(23.4222340289592,-5.08216423174454,4.2309));
#3163=CARTESIAN_POINT('Ctrl Pts',(23.4222340271066,-5.08216942108853,4.34070000000001));
#3164=CARTESIAN_POINT('Ctrl Pts',(23.4222340261828,-5.08217200867389,4.39380000000001));
#3165=CARTESIAN_POINT('Ctrl Pts',(23.4222340250799,-5.08217509775919,4.45050000000003));
#3166=CARTESIAN_POINT('Ctrl Pts',(23.422234023758,-5.0821788003895,4.50720000000003));
#3167=CARTESIAN_POINT('Ctrl Pts',(23.4222340236732,-5.08217903793807,4.51080000000003));
#3168=CARTESIAN_POINT('Ctrl Pts',(23.4222340235876,-5.08217927789964,4.51440000000003));
#3169=CARTESIAN_POINT('Ctrl Pts',(23.4222340235011,-5.08217952019682,4.51800000000003));
#3170=CARTESIAN_POINT('Ctrl Pts',(22.9685077892081,-5.08190242263834,-0.0180000000000081));
#3171=CARTESIAN_POINT('Ctrl Pts',(22.9685077892575,-5.08190228428514,-0.0144000000000079));
#3172=CARTESIAN_POINT('Ctrl Pts',(22.9685077893063,-5.08190214753753,-0.0108000000000077));
#3173=CARTESIAN_POINT('Ctrl Pts',(22.9685077893546,-5.08190201237939,-0.00720000000000769));
#3174=CARTESIAN_POINT('Ctrl Pts',(22.9685077901056,-5.08189990858332,0.0494999999999929));
#3175=CARTESIAN_POINT('Ctrl Pts',(22.9685077907157,-5.08189819989264,0.106199999999995));
#3176=CARTESIAN_POINT('Ctrl Pts',(22.9685077910917,-5.08189714659892,0.159299999999997));
#3177=CARTESIAN_POINT('Ctrl Pts',(22.9685077916717,-5.08189552218855,0.269100000000001));
#3178=CARTESIAN_POINT('Ctrl Pts',(22.9685077920159,-5.08189455813166,0.378900000000002));
#3179=CARTESIAN_POINT('Ctrl Pts',(22.9685077921775,-5.08189410552171,0.435600000000003));
#3180=CARTESIAN_POINT('Ctrl Pts',(22.9685077927114,-5.08189261005002,0.605700000000004));
#3181=CARTESIAN_POINT('Ctrl Pts',(22.9685077935964,-5.08189013120406,0.775800000000005));
#3182=CARTESIAN_POINT('Ctrl Pts',(22.9685077945204,-5.08188754290464,0.889200000000006));
#3183=CARTESIAN_POINT('Ctrl Pts',(22.9685077969981,-5.0818806030538,1.11600000000001));
#3184=CARTESIAN_POINT('Ctrl Pts',(22.9685078002965,-5.08187136402626,1.34280000000001));
#3185=CARTESIAN_POINT('Ctrl Pts',(22.9685078020415,-5.08186647641663,1.45620000000001));
#3186=CARTESIAN_POINT('Ctrl Pts',(22.9685078053532,-5.08185720021214,1.68300000000001));
#3187=CARTESIAN_POINT('Ctrl Pts',(22.9685078077881,-5.08185038001063,1.90980000000001));
#3188=CARTESIAN_POINT('Ctrl Pts',(22.9685078086532,-5.08184795673187,2.02320000000001));
#3189=CARTESIAN_POINT('Ctrl Pts',(22.9685078095172,-5.08184553657889,2.25000000000001));
#3190=CARTESIAN_POINT('Ctrl Pts',(22.9685078086532,-5.08184795673186,2.47680000000001));
#3191=CARTESIAN_POINT('Ctrl Pts',(22.9685078077881,-5.08185038001063,2.59020000000001));
#3192=CARTESIAN_POINT('Ctrl Pts',(22.9685078053532,-5.08185720021214,2.81700000000001));
#3193=CARTESIAN_POINT('Ctrl Pts',(22.9685078020414,-5.08186647641662,3.0438));
#3194=CARTESIAN_POINT('Ctrl Pts',(22.9685078002965,-5.08187136402625,3.1572));
#3195=CARTESIAN_POINT('Ctrl Pts',(22.968507796998,-5.08188060305379,3.384));
#3196=CARTESIAN_POINT('Ctrl Pts',(22.9685077945204,-5.08188754290463,3.6108));
#3197=CARTESIAN_POINT('Ctrl Pts',(22.9685077935964,-5.08189013120405,3.7242));
#3198=CARTESIAN_POINT('Ctrl Pts',(22.9685077927114,-5.08189261005001,3.8943));
#3199=CARTESIAN_POINT('Ctrl Pts',(22.9685077921775,-5.08189410552171,4.0644));
#3200=CARTESIAN_POINT('Ctrl Pts',(22.9685077920159,-5.08189455813165,4.1211));
#3201=CARTESIAN_POINT('Ctrl Pts',(22.9685077916717,-5.08189552218855,4.2309));
#3202=CARTESIAN_POINT('Ctrl Pts',(22.9685077910917,-5.08189714659893,4.34069999999999));
#3203=CARTESIAN_POINT('Ctrl Pts',(22.9685077907157,-5.08189819989264,4.39379999999998));
#3204=CARTESIAN_POINT('Ctrl Pts',(22.9685077901056,-5.08189990858334,4.45049999999997));
#3205=CARTESIAN_POINT('Ctrl Pts',(22.9685077893545,-5.0819020123794,4.50719999999997));
#3206=CARTESIAN_POINT('Ctrl Pts',(22.9685077893063,-5.08190214753754,4.51079999999997));
#3207=CARTESIAN_POINT('Ctrl Pts',(22.9685077892575,-5.08190228428515,4.51439999999998));
#3208=CARTESIAN_POINT('Ctrl Pts',(22.9685077892081,-5.08190242263835,4.51799999999998));
#3209=CARTESIAN_POINT('Ctrl Pts',(22.7416446720697,-5.08176385137046,-0.0179999999999975));
#3210=CARTESIAN_POINT('Ctrl Pts',(22.7416446721072,-5.0817637461846,-0.0143999999999973));
#3211=CARTESIAN_POINT('Ctrl Pts',(22.7416446721441,-5.08176364297949,-0.0107999999999971));
#3212=CARTESIAN_POINT('Ctrl Pts',(22.7416446721802,-5.08176354176895,-0.00719999999999704));
#3213=CARTESIAN_POINT('Ctrl Pts',(22.741644672738,-5.08176197928322,0.0495000000000037));
#3214=CARTESIAN_POINT('Ctrl Pts',(22.7416446731177,-5.08176091599645,0.106200000000003));
#3215=CARTESIAN_POINT('Ctrl Pts',(22.7416446733095,-5.0817603788288,0.159300000000002));
#3216=CARTESIAN_POINT('Ctrl Pts',(22.7416446734772,-5.08175990911303,0.269100000000002));
#3217=CARTESIAN_POINT('Ctrl Pts',(22.7416446732958,-5.08176041736892,0.378900000000002));
#3218=CARTESIAN_POINT('Ctrl Pts',(22.7416446731488,-5.08176082896927,0.435600000000003));
#3219=CARTESIAN_POINT('Ctrl Pts',(22.7416446726487,-5.0817622297737,0.605700000000004));
#3220=CARTESIAN_POINT('Ctrl Pts',(22.7416446721837,-5.08176353240663,0.775800000000005));
#3221=CARTESIAN_POINT('Ctrl Pts',(22.7416446720819,-5.08176381745695,0.889200000000006));
#3222=CARTESIAN_POINT('Ctrl Pts',(22.7416446723543,-5.08176305454481,1.11600000000001));
#3223=CARTESIAN_POINT('Ctrl Pts',(22.7416446733769,-5.08176019009918,1.34280000000001));
#3224=CARTESIAN_POINT('Ctrl Pts',(22.7416446740263,-5.0817583712769,1.45620000000001));
#3225=CARTESIAN_POINT('Ctrl Pts',(22.7416446753718,-5.08175460248324,1.68300000000001));
#3226=CARTESIAN_POINT('Ctrl Pts',(22.741644676475,-5.08175151238724,1.90980000000001));
#3227=CARTESIAN_POINT('Ctrl Pts',(22.7416446768799,-5.08175037827928,2.02320000000001));
#3228=CARTESIAN_POINT('Ctrl Pts',(22.7416446772838,-5.08174924684595,2.25000000000001));
#3229=CARTESIAN_POINT('Ctrl Pts',(22.7416446768799,-5.08175037827928,2.47680000000001));
#3230=CARTESIAN_POINT('Ctrl Pts',(22.741644676475,-5.08175151238723,2.59020000000001));
#3231=CARTESIAN_POINT('Ctrl Pts',(22.7416446753717,-5.08175460248324,2.81700000000001));
#3232=CARTESIAN_POINT('Ctrl Pts',(22.7416446740262,-5.08175837127689,3.0438));
#3233=CARTESIAN_POINT('Ctrl Pts',(22.7416446733769,-5.08176019009918,3.1572));
#3234=CARTESIAN_POINT('Ctrl Pts',(22.7416446723542,-5.08176305454481,3.384));
#3235=CARTESIAN_POINT('Ctrl Pts',(22.7416446720819,-5.08176381745694,3.6108));
#3236=CARTESIAN_POINT('Ctrl Pts',(22.7416446721836,-5.08176353240662,3.7242));
#3237=CARTESIAN_POINT('Ctrl Pts',(22.7416446726487,-5.0817622297737,3.8943));
#3238=CARTESIAN_POINT('Ctrl Pts',(22.7416446731488,-5.08176082896927,4.0644));
#3239=CARTESIAN_POINT('Ctrl Pts',(22.7416446732957,-5.08176041736892,4.1211));
#3240=CARTESIAN_POINT('Ctrl Pts',(22.7416446734772,-5.08175990911303,4.2309));
#3241=CARTESIAN_POINT('Ctrl Pts',(22.7416446733095,-5.0817603788288,4.3407));
#3242=CARTESIAN_POINT('Ctrl Pts',(22.7416446731178,-5.08176091599646,4.3938));
#3243=CARTESIAN_POINT('Ctrl Pts',(22.7416446727382,-5.08176197928323,4.4505));
#3244=CARTESIAN_POINT('Ctrl Pts',(22.7416446721804,-5.08176354176896,4.5072));
#3245=CARTESIAN_POINT('Ctrl Pts',(22.7416446721443,-5.0817636429795,4.5108));
#3246=CARTESIAN_POINT('Ctrl Pts',(22.7416446721074,-5.08176374618461,4.5144));
#3247=CARTESIAN_POINT('Ctrl Pts',(22.7416446720699,-5.08176385137047,4.518));
#3248=CARTESIAN_POINT('Ctrl Pts',(22.2879184377439,-5.08148684621265,-0.018000000000009));
#3249=CARTESIAN_POINT('Ctrl Pts',(22.2879184377647,-5.08148678816351,-0.0144000000000089));
#3250=CARTESIAN_POINT('Ctrl Pts',(22.2879184377847,-5.08148673199217,-0.0108000000000087));
#3251=CARTESIAN_POINT('Ctrl Pts',(22.2879184378041,-5.08148667771014,-0.0072000000000087));
#3252=CARTESIAN_POINT('Ctrl Pts',(22.2879184380985,-5.08148585265657,0.0494999999999916));
#3253=CARTESIAN_POINT('Ctrl Pts',(22.2879184382247,-5.08148549952537,0.106199999999995));
#3254=CARTESIAN_POINT('Ctrl Pts',(22.2879184381945,-5.08148558414797,0.159299999999998));
#3255=CARTESIAN_POINT('Ctrl Pts',(22.2879184378886,-5.08148644110341,0.269100000000001));
#3256=CARTESIAN_POINT('Ctrl Pts',(22.2879184371621,-5.08148847608317,0.378900000000002));
#3257=CARTESIAN_POINT('Ctrl Pts',(22.287918436701,-5.08148976738446,0.435600000000002));
#3258=CARTESIAN_POINT('Ctrl Pts',(22.2879184351336,-5.08149415770826,0.605700000000004));
#3259=CARTESIAN_POINT('Ctrl Pts',(22.2879184331951,-5.08149958746983,0.775800000000004));
#3260=CARTESIAN_POINT('Ctrl Pts',(22.2879184319014,-5.08150321124722,0.889200000000005));
#3261=CARTESIAN_POINT('Ctrl Pts',(22.2879184295,-5.08150993767317,1.11600000000001));
#3262=CARTESIAN_POINT('Ctrl Pts',(22.287918427621,-5.08151520067688,1.34280000000001));
#3263=CARTESIAN_POINT('Ctrl Pts',(22.2879184268509,-5.08151735784437,1.45620000000001));
#3264=CARTESIAN_POINT('Ctrl Pts',(22.2879184256246,-5.08152079266829,1.68300000000001));
#3265=CARTESIAN_POINT('Ctrl Pts',(22.28791842496,-5.0815226542078,1.90980000000001));
#3266=CARTESIAN_POINT('Ctrl Pts',(22.2879184247508,-5.08152324026006,2.02320000000001));
#3267=CARTESIAN_POINT('Ctrl Pts',(22.2879184245409,-5.08152382821539,2.25000000000001));
#3268=CARTESIAN_POINT('Ctrl Pts',(22.2879184247508,-5.08152324026006,2.47680000000001));
#3269=CARTESIAN_POINT('Ctrl Pts',(22.28791842496,-5.0815226542078,2.59020000000001));
#3270=CARTESIAN_POINT('Ctrl Pts',(22.2879184256246,-5.08152079266828,2.81700000000001));
#3271=CARTESIAN_POINT('Ctrl Pts',(22.2879184268509,-5.08151735784436,3.0438));
#3272=CARTESIAN_POINT('Ctrl Pts',(22.287918427621,-5.08151520067688,3.1572));
#3273=CARTESIAN_POINT('Ctrl Pts',(22.2879184295,-5.08150993767317,3.384));
#3274=CARTESIAN_POINT('Ctrl Pts',(22.2879184319014,-5.08150321124722,3.6108));
#3275=CARTESIAN_POINT('Ctrl Pts',(22.2879184331951,-5.08149958746982,3.7242));
#3276=CARTESIAN_POINT('Ctrl Pts',(22.2879184351336,-5.08149415770826,3.8943));
#3277=CARTESIAN_POINT('Ctrl Pts',(22.287918436701,-5.08148976738445,4.0644));
#3278=CARTESIAN_POINT('Ctrl Pts',(22.287918437162,-5.08148847608317,4.1211));
#3279=CARTESIAN_POINT('Ctrl Pts',(22.2879184378885,-5.08148644110341,4.2309));
#3280=CARTESIAN_POINT('Ctrl Pts',(22.2879184381944,-5.08148558414797,4.3407));
#3281=CARTESIAN_POINT('Ctrl Pts',(22.2879184382246,-5.08148549952537,4.3938));
#3282=CARTESIAN_POINT('Ctrl Pts',(22.2879184380985,-5.08148585265657,4.45050000000001));
#3283=CARTESIAN_POINT('Ctrl Pts',(22.287918437804,-5.08148667771015,4.50720000000001));
#3284=CARTESIAN_POINT('Ctrl Pts',(22.2879184377846,-5.08148673199217,4.51080000000001));
#3285=CARTESIAN_POINT('Ctrl Pts',(22.2879184377645,-5.08148678816352,4.51440000000001));
#3286=CARTESIAN_POINT('Ctrl Pts',(22.2879184377438,-5.08148684621266,4.51800000000001));
#3287=CARTESIAN_POINT('Ctrl Pts',(21.8341922033531,-5.08121002296573,-0.0179999999999908));
#3288=CARTESIAN_POINT('Ctrl Pts',(21.8341922033687,-5.08120997953893,-0.0143999999999906));
#3289=CARTESIAN_POINT('Ctrl Pts',(21.8341922033836,-5.08120993765657,-0.0107999999999904));
#3290=CARTESIAN_POINT('Ctrl Pts',(21.834192203398,-5.08120989732321,-0.0071999999999903));
#3291=CARTESIAN_POINT('Ctrl Pts',(21.8341922036159,-5.0812092865287,0.0495000000000105));
#3292=CARTESIAN_POINT('Ctrl Pts',(21.8341922036963,-5.08120906170988,0.106200000000007));
#3293=CARTESIAN_POINT('Ctrl Pts',(21.834192203645,-5.08120920532782,0.159300000000004));
#3294=CARTESIAN_POINT('Ctrl Pts',(21.834192203326,-5.08121009887223,0.269100000000002));
#3295=CARTESIAN_POINT('Ctrl Pts',(21.8341922026258,-5.08121206027648,0.378900000000003));
#3296=CARTESIAN_POINT('Ctrl Pts',(21.8341922021812,-5.08121330546032,0.435600000000003));
#3297=CARTESIAN_POINT('Ctrl Pts',(21.8341922006526,-5.08121758710954,0.605700000000003));
#3298=CARTESIAN_POINT('Ctrl Pts',(21.8341921986815,-5.08122310844986,0.775800000000004));
#3299=CARTESIAN_POINT('Ctrl Pts',(21.834192197298,-5.08122698353063,0.889200000000005));
#3300=CARTESIAN_POINT('Ctrl Pts',(21.8341921945759,-5.08123460829129,1.11600000000001));
#3301=CARTESIAN_POINT('Ctrl Pts',(21.8341921921699,-5.08124134741142,1.34280000000001));
#3302=CARTESIAN_POINT('Ctrl Pts',(21.8341921911033,-5.08124433504599,1.45620000000001));
#3303=CARTESIAN_POINT('Ctrl Pts',(21.8341921892924,-5.08124940736049,1.68300000000001));
#3304=CARTESIAN_POINT('Ctrl Pts',(21.8341921881753,-5.08125253648569,1.90980000000001));
#3305=CARTESIAN_POINT('Ctrl Pts',(21.8341921878021,-5.08125358174229,2.02320000000001));
#3306=CARTESIAN_POINT('Ctrl Pts',(21.8341921874286,-5.08125462790678,2.25000000000001));
#3307=CARTESIAN_POINT('Ctrl Pts',(21.8341921878021,-5.08125358174229,2.47680000000001));
#3308=CARTESIAN_POINT('Ctrl Pts',(21.8341921881753,-5.08125253648568,2.59020000000001));
#3309=CARTESIAN_POINT('Ctrl Pts',(21.8341921892924,-5.08124940736049,2.81700000000001));
#3310=CARTESIAN_POINT('Ctrl Pts',(21.8341921911033,-5.08124433504598,3.0438));
#3311=CARTESIAN_POINT('Ctrl Pts',(21.8341921921699,-5.08124134741141,3.1572));
#3312=CARTESIAN_POINT('Ctrl Pts',(21.8341921945759,-5.08123460829129,3.384));
#3313=CARTESIAN_POINT('Ctrl Pts',(21.834192197298,-5.08122698353062,3.6108));
#3314=CARTESIAN_POINT('Ctrl Pts',(21.8341921986814,-5.08122310844986,3.7242));
#3315=CARTESIAN_POINT('Ctrl Pts',(21.8341922006526,-5.08121758710954,3.8943));
#3316=CARTESIAN_POINT('Ctrl Pts',(21.8341922021812,-5.08121330546032,4.0644));
#3317=CARTESIAN_POINT('Ctrl Pts',(21.8341922026258,-5.08121206027647,4.1211));
#3318=CARTESIAN_POINT('Ctrl Pts',(21.834192203326,-5.08121009887223,4.2309));
#3319=CARTESIAN_POINT('Ctrl Pts',(21.8341922036451,-5.08120920532781,4.3407));
#3320=CARTESIAN_POINT('Ctrl Pts',(21.8341922036964,-5.08120906170987,4.3938));
#3321=CARTESIAN_POINT('Ctrl Pts',(21.8341922036161,-5.08120928652868,4.4505));
#3322=CARTESIAN_POINT('Ctrl Pts',(21.8341922033981,-5.0812098973232,4.5072));
#3323=CARTESIAN_POINT('Ctrl Pts',(21.8341922033837,-5.08120993765656,4.5108));
#3324=CARTESIAN_POINT('Ctrl Pts',(21.8341922033687,-5.08120997953892,4.5144));
#3325=CARTESIAN_POINT('Ctrl Pts',(21.8341922033532,-5.08121002296572,4.518));
#3326=CARTESIAN_POINT('Ctrl Pts',(21.6073290861521,-5.08107162753615,-0.0179999999999915));
#3327=CARTESIAN_POINT('Ctrl Pts',(21.6073290861669,-5.08107158599428,-0.0143999999999913));
#3328=CARTESIAN_POINT('Ctrl Pts',(21.6073290861812,-5.08107154586734,-0.0107999999999911));
#3329=CARTESIAN_POINT('Ctrl Pts',(21.607329086195,-5.08107150716127,-0.00719999999999107));
#3330=CARTESIAN_POINT('Ctrl Pts',(21.6073290864046,-5.08107091998749,0.0495000000000095));
#3331=CARTESIAN_POINT('Ctrl Pts',(21.6073290864878,-5.08107068699268,0.106200000000009));
#3332=CARTESIAN_POINT('Ctrl Pts',(21.6073290864539,-5.08107078194993,0.159300000000006));
#3333=CARTESIAN_POINT('Ctrl Pts',(21.6073290861882,-5.0810715259388,0.269100000000004));
#3334=CARTESIAN_POINT('Ctrl Pts',(21.607329085568,-5.08107326313972,0.378900000000003));
#3335=CARTESIAN_POINT('Ctrl Pts',(21.6073290851688,-5.08107438142828,0.435600000000003));
#3336=CARTESIAN_POINT('Ctrl Pts',(21.6073290837801,-5.08107827108597,0.605700000000003));
#3337=CARTESIAN_POINT('Ctrl Pts',(21.6073290819434,-5.08108341589233,0.775800000000004));
#3338=CARTESIAN_POINT('Ctrl Pts',(21.6073290806312,-5.08108709120548,0.889200000000005));
#3339=CARTESIAN_POINT('Ctrl Pts',(21.6073290780064,-5.08109444351867,1.11600000000001));
#3340=CARTESIAN_POINT('Ctrl Pts',(21.6073290756169,-5.08110113637058,1.34280000000001));
#3341=CARTESIAN_POINT('Ctrl Pts',(21.6073290745408,-5.08110415073415,1.45620000000001));
#3342=CARTESIAN_POINT('Ctrl Pts',(21.6073290726921,-5.08110932882304,1.68300000000001));
#3343=CARTESIAN_POINT('Ctrl Pts',(21.6073290715274,-5.0811125912256,1.90980000000001));
#3344=CARTESIAN_POINT('Ctrl Pts',(21.607329071135,-5.0811136903287,2.02320000000001));
#3345=CARTESIAN_POINT('Ctrl Pts',(21.6073290707424,-5.08111479004244,2.25000000000001));
#3346=CARTESIAN_POINT('Ctrl Pts',(21.607329071135,-5.0811136903287,2.47680000000001));
#3347=CARTESIAN_POINT('Ctrl Pts',(21.6073290715274,-5.08111259122559,2.59020000000001));
#3348=CARTESIAN_POINT('Ctrl Pts',(21.6073290726921,-5.08110932882304,2.817));
#3349=CARTESIAN_POINT('Ctrl Pts',(21.6073290745408,-5.08110415073415,3.0438));
#3350=CARTESIAN_POINT('Ctrl Pts',(21.6073290756169,-5.08110113637057,3.1572));
#3351=CARTESIAN_POINT('Ctrl Pts',(21.6073290780063,-5.08109444351867,3.384));
#3352=CARTESIAN_POINT('Ctrl Pts',(21.6073290806312,-5.08108709120548,3.6108));
#3353=CARTESIAN_POINT('Ctrl Pts',(21.6073290819433,-5.08108341589232,3.7242));
#3354=CARTESIAN_POINT('Ctrl Pts',(21.6073290837801,-5.08107827108596,3.8943));
#3355=CARTESIAN_POINT('Ctrl Pts',(21.6073290851688,-5.08107438142828,4.0644));
#3356=CARTESIAN_POINT('Ctrl Pts',(21.607329085568,-5.08107326313972,4.1211));
#3357=CARTESIAN_POINT('Ctrl Pts',(21.6073290861882,-5.0810715259388,4.2309));
#3358=CARTESIAN_POINT('Ctrl Pts',(21.6073290864538,-5.08107078194993,4.3407));
#3359=CARTESIAN_POINT('Ctrl Pts',(21.6073290864877,-5.08107068699268,4.3938));
#3360=CARTESIAN_POINT('Ctrl Pts',(21.6073290864046,-5.08107091998748,4.4505));
#3361=CARTESIAN_POINT('Ctrl Pts',(21.6073290861949,-5.08107150716128,4.5072));
#3362=CARTESIAN_POINT('Ctrl Pts',(21.6073290861811,-5.08107154586735,4.5108));
#3363=CARTESIAN_POINT('Ctrl Pts',(21.6073290861668,-5.08107158599429,4.5144));
#3364=CARTESIAN_POINT('Ctrl Pts',(21.607329086152,-5.08107162753616,4.518));
#3365=CARTESIAN_POINT('Ctrl Pts',(21.1536028517333,-5.08079488206487,-0.0179999999999997));
#3366=CARTESIAN_POINT('Ctrl Pts',(21.153602851749,-5.08079483818225,-0.0143999999999995));
#3367=CARTESIAN_POINT('Ctrl Pts',(21.1536028517642,-5.08079479541199,-0.0107999999999993));
#3368=CARTESIAN_POINT('Ctrl Pts',(21.1536028517791,-5.080794753757,-0.00719999999999925));
#3369=CARTESIAN_POINT('Ctrl Pts',(21.1536028520071,-5.08079411529195,0.0495000000000013));
#3370=CARTESIAN_POINT('Ctrl Pts',(21.1536028521359,-5.08079375445048,0.1062));
#3371=CARTESIAN_POINT('Ctrl Pts',(21.1536028521677,-5.08079366556467,0.1593));
#3372=CARTESIAN_POINT('Ctrl Pts',(21.1536028520741,-5.08079392785023,0.269100000000002));
#3373=CARTESIAN_POINT('Ctrl Pts',(21.1536028516848,-5.08079501802444,0.378900000000002));
#3374=CARTESIAN_POINT('Ctrl Pts',(21.1536028514156,-5.08079577216347,0.435600000000003));
#3375=CARTESIAN_POINT('Ctrl Pts',(21.1536028504356,-5.08079851723405,0.605700000000003));
#3376=CARTESIAN_POINT('Ctrl Pts',(21.1536028490309,-5.08080245171221,0.775800000000004));
#3377=CARTESIAN_POINT('Ctrl Pts',(21.1536028479882,-5.08080537249767,0.889200000000005));
#3378=CARTESIAN_POINT('Ctrl Pts',(21.1536028458365,-5.08081139926639,1.11600000000001));
#3379=CARTESIAN_POINT('Ctrl Pts',(21.1536028437777,-5.08081716607023,1.34280000000001));
#3380=CARTESIAN_POINT('Ctrl Pts',(21.1536028428281,-5.08081982600966,1.45620000000001));
#3381=CARTESIAN_POINT('Ctrl Pts',(21.1536028411689,-5.08082447349318,1.68300000000001));
#3382=CARTESIAN_POINT('Ctrl Pts',(21.1536028400926,-5.08082748813727,1.90980000000001));
#3383=CARTESIAN_POINT('Ctrl Pts',(21.1536028397259,-5.08082851518253,2.02320000000001));
#3384=CARTESIAN_POINT('Ctrl Pts',(21.1536028393592,-5.08082954240276,2.25000000000001));
#3385=CARTESIAN_POINT('Ctrl Pts',(21.1536028397259,-5.08082851518253,2.47680000000001));
#3386=CARTESIAN_POINT('Ctrl Pts',(21.1536028400926,-5.08082748813727,2.59020000000001));
#3387=CARTESIAN_POINT('Ctrl Pts',(21.1536028411689,-5.08082447349317,2.817));
#3388=CARTESIAN_POINT('Ctrl Pts',(21.1536028428281,-5.08081982600966,3.0438));
#3389=CARTESIAN_POINT('Ctrl Pts',(21.1536028437777,-5.08081716607022,3.1572));
#3390=CARTESIAN_POINT('Ctrl Pts',(21.1536028458365,-5.08081139926638,3.384));
#3391=CARTESIAN_POINT('Ctrl Pts',(21.1536028479882,-5.08080537249766,3.6108));
#3392=CARTESIAN_POINT('Ctrl Pts',(21.1536028490309,-5.08080245171221,3.7242));
#3393=CARTESIAN_POINT('Ctrl Pts',(21.1536028504356,-5.08079851723405,3.8943));
#3394=CARTESIAN_POINT('Ctrl Pts',(21.1536028514156,-5.08079577216347,4.0644));
#3395=CARTESIAN_POINT('Ctrl Pts',(21.1536028516848,-5.08079501802443,4.1211));
#3396=CARTESIAN_POINT('Ctrl Pts',(21.153602852074,-5.08079392785022,4.2309));
#3397=CARTESIAN_POINT('Ctrl Pts',(21.1536028521677,-5.08079366556467,4.3407));
#3398=CARTESIAN_POINT('Ctrl Pts',(21.1536028521359,-5.08079375445047,4.3938));
#3399=CARTESIAN_POINT('Ctrl Pts',(21.1536028520071,-5.08079411529194,4.4505));
#3400=CARTESIAN_POINT('Ctrl Pts',(21.1536028517792,-5.08079475375699,4.5072));
#3401=CARTESIAN_POINT('Ctrl Pts',(21.1536028517643,-5.08079479541198,4.5108));
#3402=CARTESIAN_POINT('Ctrl Pts',(21.153602851749,-5.08079483818224,4.5144));
#3403=CARTESIAN_POINT('Ctrl Pts',(21.1536028517334,-5.08079488206486,4.518));
#3404=CARTESIAN_POINT('Ctrl Pts',(20.6998766173028,-5.08051817018822,-0.018000000000011));
#3405=CARTESIAN_POINT('Ctrl Pts',(20.699876617322,-5.08051811628454,-0.0144000000000109));
#3406=CARTESIAN_POINT('Ctrl Pts',(20.699876617341,-5.08051806325398,-0.0108000000000107));
#3407=CARTESIAN_POINT('Ctrl Pts',(20.6998766173596,-5.0805180110992,-0.00720000000001076));
#3408=CARTESIAN_POINT('Ctrl Pts',(20.6998766176479,-5.08051720348541,0.0494999999999894));
#3409=CARTESIAN_POINT('Ctrl Pts',(20.6998766178584,-5.08051661387119,0.106199999999994));
#3410=CARTESIAN_POINT('Ctrl Pts',(20.6998766179871,-5.08051625343487,0.159299999999998));
#3411=CARTESIAN_POINT('Ctrl Pts',(20.6998766181267,-5.08051586235961,0.2691));
#3412=CARTESIAN_POINT('Ctrl Pts',(20.6998766180284,-5.08051613792377,0.378900000000001));
#3413=CARTESIAN_POINT('Ctrl Pts',(20.6998766179214,-5.08051643764531,0.435600000000001));
#3414=CARTESIAN_POINT('Ctrl Pts',(20.6998766174547,-5.08051774481053,0.605700000000003));
#3415=CARTESIAN_POINT('Ctrl Pts',(20.699876616618,-5.0805200885346,0.775800000000004));
#3416=CARTESIAN_POINT('Ctrl Pts',(20.6998766159554,-5.08052194446296,0.889200000000004));
#3417=CARTESIAN_POINT('Ctrl Pts',(20.6998766145334,-5.08052592755769,1.116));
#3418=CARTESIAN_POINT('Ctrl Pts',(20.6998766130995,-5.08052994387958,1.34280000000001));
#3419=CARTESIAN_POINT('Ctrl Pts',(20.6998766124252,-5.08053183247328,1.45620000000001));
#3420=CARTESIAN_POINT('Ctrl Pts',(20.6998766112323,-5.08053517402526,1.68300000000001));
#3421=CARTESIAN_POINT('Ctrl Pts',(20.6998766104426,-5.08053738577299,1.90980000000001));
#3422=CARTESIAN_POINT('Ctrl Pts',(20.6998766101718,-5.08053814439431,2.02320000000001));
#3423=CARTESIAN_POINT('Ctrl Pts',(20.6998766099009,-5.08053890302844,2.25000000000001));
#3424=CARTESIAN_POINT('Ctrl Pts',(20.6998766101718,-5.08053814439431,2.47680000000001));
#3425=CARTESIAN_POINT('Ctrl Pts',(20.6998766104426,-5.08053738577299,2.59020000000001));
#3426=CARTESIAN_POINT('Ctrl Pts',(20.6998766112322,-5.08053517402525,2.817));
#3427=CARTESIAN_POINT('Ctrl Pts',(20.6998766124252,-5.08053183247328,3.0438));
#3428=CARTESIAN_POINT('Ctrl Pts',(20.6998766130995,-5.08052994387958,3.1572));
#3429=CARTESIAN_POINT('Ctrl Pts',(20.6998766145333,-5.08052592755769,3.384));
#3430=CARTESIAN_POINT('Ctrl Pts',(20.6998766159554,-5.08052194446296,3.6108));
#3431=CARTESIAN_POINT('Ctrl Pts',(20.6998766166179,-5.0805200885346,3.7242));
#3432=CARTESIAN_POINT('Ctrl Pts',(20.6998766174547,-5.08051774481053,3.8943));
#3433=CARTESIAN_POINT('Ctrl Pts',(20.6998766179214,-5.08051643764531,4.0644));
#3434=CARTESIAN_POINT('Ctrl Pts',(20.6998766180283,-5.08051613792377,4.1211));
#3435=CARTESIAN_POINT('Ctrl Pts',(20.6998766181267,-5.08051586235961,4.2309));
#3436=CARTESIAN_POINT('Ctrl Pts',(20.6998766179871,-5.08051625343487,4.34070000000001));
#3437=CARTESIAN_POINT('Ctrl Pts',(20.6998766178584,-5.08051661387119,4.39380000000001));
#3438=CARTESIAN_POINT('Ctrl Pts',(20.6998766176479,-5.0805172034854,4.45050000000001));
#3439=CARTESIAN_POINT('Ctrl Pts',(20.6998766173595,-5.0805180110992,4.50720000000001));
#3440=CARTESIAN_POINT('Ctrl Pts',(20.6998766173409,-5.08051806325398,4.51080000000001));
#3441=CARTESIAN_POINT('Ctrl Pts',(20.699876617322,-5.08051811628454,4.51440000000001));
#3442=CARTESIAN_POINT('Ctrl Pts',(20.6998766173027,-5.08051817018822,4.51800000000001));
#3443=CARTESIAN_POINT('Ctrl Pts',(20.473013500086,-5.08037981828278,-0.0180000000000158));
#3444=CARTESIAN_POINT('Ctrl Pts',(20.4730135001073,-5.08037975878352,-0.0144000000000157));
#3445=CARTESIAN_POINT('Ctrl Pts',(20.4730135001282,-5.08037970004908,-0.0108000000000156));
#3446=CARTESIAN_POINT('Ctrl Pts',(20.4730135001489,-5.08037964208151,-0.00720000000001564));
#3447=CARTESIAN_POINT('Ctrl Pts',(20.4730135004706,-5.08037874119404,0.0494999999999844));
#3448=CARTESIAN_POINT('Ctrl Pts',(20.4730135007241,-5.0803780311319,0.10619999999999));
#3449=CARTESIAN_POINT('Ctrl Pts',(20.4730135009014,-5.08037753442975,0.159299999999996));
#3450=CARTESIAN_POINT('Ctrl Pts',(20.4730135011562,-5.08037682089927,0.2691));
#3451=CARTESIAN_POINT('Ctrl Pts',(20.4730135011986,-5.0803767020997,0.378900000000001));
#3452=CARTESIAN_POINT('Ctrl Pts',(20.4730135011698,-5.08037678275766,0.435600000000002));
#3453=CARTESIAN_POINT('Ctrl Pts',(20.4730135009503,-5.08037739762394,0.605700000000003));
#3454=CARTESIAN_POINT('Ctrl Pts',(20.4730135003874,-5.08037897422975,0.775800000000004));
#3455=CARTESIAN_POINT('Ctrl Pts',(20.4730134999096,-5.08038031276073,0.889200000000004));
#3456=CARTESIAN_POINT('Ctrl Pts',(20.4730134988456,-5.08038329312514,1.116));
#3457=CARTESIAN_POINT('Ctrl Pts',(20.4730134977246,-5.08038643306602,1.34280000000001));
#3458=CARTESIAN_POINT('Ctrl Pts',(20.4730134971899,-5.08038793072662,1.45620000000001));
#3459=CARTESIAN_POINT('Ctrl Pts',(20.4730134962355,-5.08039060402597,1.68300000000001));
#3460=CARTESIAN_POINT('Ctrl Pts',(20.4730134955951,-5.08039239764861,1.90980000000001));
#3461=CARTESIAN_POINT('Ctrl Pts',(20.4730134953746,-5.08039301543957,2.02320000000001));
#3462=CARTESIAN_POINT('Ctrl Pts',(20.473013495154,-5.08039363319932,2.25000000000001));
#3463=CARTESIAN_POINT('Ctrl Pts',(20.4730134953746,-5.08039301543957,2.47680000000001));
#3464=CARTESIAN_POINT('Ctrl Pts',(20.4730134955951,-5.08039239764861,2.5902));
#3465=CARTESIAN_POINT('Ctrl Pts',(20.4730134962355,-5.08039060402597,2.81700000000001));
#3466=CARTESIAN_POINT('Ctrl Pts',(20.4730134971899,-5.08038793072662,3.0438));
#3467=CARTESIAN_POINT('Ctrl Pts',(20.4730134977245,-5.08038643306602,3.1572));
#3468=CARTESIAN_POINT('Ctrl Pts',(20.4730134988456,-5.08038329312514,3.384));
#3469=CARTESIAN_POINT('Ctrl Pts',(20.4730134999096,-5.08038031276073,3.6108));
#3470=CARTESIAN_POINT('Ctrl Pts',(20.4730135003874,-5.08037897422975,3.7242));
#3471=CARTESIAN_POINT('Ctrl Pts',(20.4730135009503,-5.08037739762394,3.8943));
#3472=CARTESIAN_POINT('Ctrl Pts',(20.4730135011698,-5.08037678275766,4.0644));
#3473=CARTESIAN_POINT('Ctrl Pts',(20.4730135011986,-5.0803767020997,4.1211));
#3474=CARTESIAN_POINT('Ctrl Pts',(20.4730135011562,-5.08037682089926,4.2309));
#3475=CARTESIAN_POINT('Ctrl Pts',(20.4730135009015,-5.08037753442975,4.34070000000001));
#3476=CARTESIAN_POINT('Ctrl Pts',(20.4730135007241,-5.08037803113191,4.39380000000001));
#3477=CARTESIAN_POINT('Ctrl Pts',(20.4730135004706,-5.08037874119406,4.45050000000001));
#3478=CARTESIAN_POINT('Ctrl Pts',(20.473013500149,-5.08037964208154,4.50720000000001));
#3479=CARTESIAN_POINT('Ctrl Pts',(20.4730135001283,-5.08037970004911,4.51080000000001));
#3480=CARTESIAN_POINT('Ctrl Pts',(20.4730135001073,-5.08037975878355,4.51440000000001));
#3481=CARTESIAN_POINT('Ctrl Pts',(20.4730135000861,-5.0803798182828,4.51800000000001));
#3482=CARTESIAN_POINT('Ctrl Pts',(20.0192872656526,-5.08010311472192,-0.0179999999999835));
#3483=CARTESIAN_POINT('Ctrl Pts',(20.0192872656778,-5.08010304400924,-0.0143999999999832));
#3484=CARTESIAN_POINT('Ctrl Pts',(20.0192872657029,-5.08010297387303,-0.010799999999983));
#3485=CARTESIAN_POINT('Ctrl Pts',(20.0192872657277,-5.08010290431423,-0.00719999999998294));
#3486=CARTESIAN_POINT('Ctrl Pts',(20.0192872661157,-5.08010181786852,0.0495000000000178));
#3487=CARTESIAN_POINT('Ctrl Pts',(20.0192872664522,-5.08010087497606,0.106200000000013));
#3488=CARTESIAN_POINT('Ctrl Pts',(20.0192872667217,-5.08010012014356,0.159300000000007));
#3489=CARTESIAN_POINT('Ctrl Pts',(20.0192872671923,-5.08009880198297,0.269100000000003));
#3490=CARTESIAN_POINT('Ctrl Pts',(20.0192872674958,-5.08009795184555,0.378900000000002));
#3491=CARTESIAN_POINT('Ctrl Pts',(20.0192872676117,-5.08009762721931,0.435600000000002));
#3492=CARTESIAN_POINT('Ctrl Pts',(20.0192872678492,-5.08009696206537,0.605700000000003));
#3493=CARTESIAN_POINT('Ctrl Pts',(20.0192872677933,-5.08009711843842,0.775800000000004));
#3494=CARTESIAN_POINT('Ctrl Pts',(20.0192872676591,-5.08009749455686,0.889200000000004));
#3495=CARTESIAN_POINT('Ctrl Pts',(20.0192872672647,-5.08009859902863,1.116));
#3496=CARTESIAN_POINT('Ctrl Pts',(20.0192872667357,-5.08010008078469,1.34280000000001));
#3497=CARTESIAN_POINT('Ctrl Pts',(20.0192872664669,-5.0801008339196,1.45620000000001));
#3498=CARTESIAN_POINT('Ctrl Pts',(20.0192872659691,-5.08010222826421,1.68300000000001));
#3499=CARTESIAN_POINT('Ctrl Pts',(20.0192872656169,-5.08010321458865,1.90980000000001));
#3500=CARTESIAN_POINT('Ctrl Pts',(20.0192872654938,-5.08010355950189,2.02320000000001));
#3501=CARTESIAN_POINT('Ctrl Pts',(20.0192872653707,-5.08010390433487,2.25000000000001));
#3502=CARTESIAN_POINT('Ctrl Pts',(20.0192872654938,-5.08010355950189,2.47680000000001));
#3503=CARTESIAN_POINT('Ctrl Pts',(20.0192872656169,-5.08010321458865,2.5902));
#3504=CARTESIAN_POINT('Ctrl Pts',(20.0192872659691,-5.0801022282642,2.81700000000001));
#3505=CARTESIAN_POINT('Ctrl Pts',(20.0192872664669,-5.0801008339196,3.0438));
#3506=CARTESIAN_POINT('Ctrl Pts',(20.0192872667357,-5.08010008078469,3.1572));
#3507=CARTESIAN_POINT('Ctrl Pts',(20.0192872672647,-5.08009859902862,3.384));
#3508=CARTESIAN_POINT('Ctrl Pts',(20.019287267659,-5.08009749455686,3.6108));
#3509=CARTESIAN_POINT('Ctrl Pts',(20.0192872677933,-5.08009711843842,3.7242));
#3510=CARTESIAN_POINT('Ctrl Pts',(20.0192872678492,-5.08009696206537,3.8943));
#3511=CARTESIAN_POINT('Ctrl Pts',(20.0192872676117,-5.08009762721931,4.0644));
#3512=CARTESIAN_POINT('Ctrl Pts',(20.0192872674958,-5.08009795184555,4.1211));
#3513=CARTESIAN_POINT('Ctrl Pts',(20.0192872671923,-5.08009880198296,4.2309));
#3514=CARTESIAN_POINT('Ctrl Pts',(20.0192872667217,-5.08010012014355,4.3407));
#3515=CARTESIAN_POINT('Ctrl Pts',(20.0192872664522,-5.08010087497604,4.3938));
#3516=CARTESIAN_POINT('Ctrl Pts',(20.0192872661155,-5.08010181786851,4.4505));
#3517=CARTESIAN_POINT('Ctrl Pts',(20.0192872657277,-5.0801029043142,4.5072));
#3518=CARTESIAN_POINT('Ctrl Pts',(20.0192872657028,-5.08010297387301,4.5108));
#3519=CARTESIAN_POINT('Ctrl Pts',(20.0192872656778,-5.08010304400921,4.5144));
#3520=CARTESIAN_POINT('Ctrl Pts',(20.0192872656525,-5.08010311472189,4.518));
#3521=CARTESIAN_POINT('Ctrl Pts',(19.5655610312224,-5.079826401783,-0.0180000000000155));
#3522=CARTESIAN_POINT('Ctrl Pts',(19.5655610312512,-5.0798263211889,-0.0144000000000154));
#3523=CARTESIAN_POINT('Ctrl Pts',(19.5655610312798,-5.0798262410436,-0.0108000000000153));
#3524=CARTESIAN_POINT('Ctrl Pts',(19.5655610313082,-5.07982616134797,-0.00720000000001529));
#3525=CARTESIAN_POINT('Ctrl Pts',(19.5655610317539,-5.07982491323436,0.0494999999999849));
#3526=CARTESIAN_POINT('Ctrl Pts',(19.5655610321595,-5.07982377690702,0.106199999999989));
#3527=CARTESIAN_POINT('Ctrl Pts',(19.5655610325046,-5.07982281038297,0.159299999999995));
#3528=CARTESIAN_POINT('Ctrl Pts',(19.5655610331499,-5.07982100270702,0.2691));
#3529=CARTESIAN_POINT('Ctrl Pts',(19.5655610336617,-5.07981956911633,0.378900000000002));
#3530=CARTESIAN_POINT('Ctrl Pts',(19.5655610338927,-5.07981892228628,0.435600000000002));
#3531=CARTESIAN_POINT('Ctrl Pts',(19.565561034493,-5.07981724063794,0.605700000000003));
#3532=CARTESIAN_POINT('Ctrl Pts',(19.5655610348402,-5.07981626824053,0.775800000000004));
#3533=CARTESIAN_POINT('Ctrl Pts',(19.5655610349805,-5.07981587526304,0.889200000000005));
#3534=CARTESIAN_POINT('Ctrl Pts',(19.5655610351251,-5.07981547035291,1.11600000000001));
#3535=CARTESIAN_POINT('Ctrl Pts',(19.5655610350789,-5.07981559978323,1.34280000000001));
#3536=CARTESIAN_POINT('Ctrl Pts',(19.5655610350284,-5.0798157409847,1.45620000000001));
#3537=CARTESIAN_POINT('Ctrl Pts',(19.5655610349081,-5.07981607796696,1.68300000000001));
#3538=CARTESIAN_POINT('Ctrl Pts',(19.5655610347968,-5.07981638993485,1.90980000000001));
#3539=CARTESIAN_POINT('Ctrl Pts',(19.5655610347553,-5.07981650594851,2.02320000000001));
#3540=CARTESIAN_POINT('Ctrl Pts',(19.565561034714,-5.07981662187751,2.25000000000001));
#3541=CARTESIAN_POINT('Ctrl Pts',(19.5655610347553,-5.07981650594851,2.47680000000001));
#3542=CARTESIAN_POINT('Ctrl Pts',(19.5655610347968,-5.07981638993485,2.5902));
#3543=CARTESIAN_POINT('Ctrl Pts',(19.5655610349081,-5.07981607796696,2.81700000000001));
#3544=CARTESIAN_POINT('Ctrl Pts',(19.5655610350284,-5.0798157409847,3.0438));
#3545=CARTESIAN_POINT('Ctrl Pts',(19.5655610350789,-5.07981559978322,3.1572));
#3546=CARTESIAN_POINT('Ctrl Pts',(19.5655610351251,-5.07981547035291,3.384));
#3547=CARTESIAN_POINT('Ctrl Pts',(19.5655610349805,-5.07981587526304,3.6108));
#3548=CARTESIAN_POINT('Ctrl Pts',(19.5655610348402,-5.07981626824053,3.7242));
#3549=CARTESIAN_POINT('Ctrl Pts',(19.565561034493,-5.07981724063794,3.8943));
#3550=CARTESIAN_POINT('Ctrl Pts',(19.5655610338927,-5.07981892228628,4.0644));
#3551=CARTESIAN_POINT('Ctrl Pts',(19.5655610336617,-5.07981956911633,4.1211));
#3552=CARTESIAN_POINT('Ctrl Pts',(19.5655610331499,-5.07982100270703,4.2309));
#3553=CARTESIAN_POINT('Ctrl Pts',(19.5655610325046,-5.07982281038298,4.3407));
#3554=CARTESIAN_POINT('Ctrl Pts',(19.5655610321595,-5.07982377690705,4.3938));
#3555=CARTESIAN_POINT('Ctrl Pts',(19.5655610317539,-5.07982491323439,4.45049999999999));
#3556=CARTESIAN_POINT('Ctrl Pts',(19.5655610313083,-5.07982616134801,4.50719999999999));
#3557=CARTESIAN_POINT('Ctrl Pts',(19.5655610312798,-5.07982624104363,4.5108));
#3558=CARTESIAN_POINT('Ctrl Pts',(19.5655610312512,-5.07982632118894,4.5144));
#3559=CARTESIAN_POINT('Ctrl Pts',(19.5655610312224,-5.07982640178304,4.518));
#3560=CARTESIAN_POINT('Ctrl Pts',(19.3386979140084,-5.07968804272732,-0.0179999999999594));
#3561=CARTESIAN_POINT('Ctrl Pts',(19.3386979140386,-5.07968795790518,-0.014399999999959));
#3562=CARTESIAN_POINT('Ctrl Pts',(19.3386979140688,-5.07968787347527,-0.0107999999999586));
#3563=CARTESIAN_POINT('Ctrl Pts',(19.3386979140988,-5.07968778943802,-0.00719999999995845));
#3564=CARTESIAN_POINT('Ctrl Pts',(19.3386979145691,-5.07968647204094,0.049500000000043));
#3565=CARTESIAN_POINT('Ctrl Pts',(19.3386979150046,-5.07968525217905,0.106200000000028));
#3566=CARTESIAN_POINT('Ctrl Pts',(19.3386979153817,-5.07968419566703,0.159300000000013));
#3567=CARTESIAN_POINT('Ctrl Pts',(19.3386979161012,-5.07968218026018,0.269100000000003));
#3568=CARTESIAN_POINT('Ctrl Pts',(19.3386979167012,-5.07968049966392,0.378900000000003));
#3569=CARTESIAN_POINT('Ctrl Pts',(19.3386979169808,-5.07967971649692,0.435600000000003));
#3570=CARTESIAN_POINT('Ctrl Pts',(19.3386979177347,-5.07967760483681,0.605700000000003));
#3571=CARTESIAN_POINT('Ctrl Pts',(19.3386979182523,-5.0796761549543,0.775800000000004));
#3572=CARTESIAN_POINT('Ctrl Pts',(19.3386979185089,-5.07967543642089,0.889200000000004));
#3573=CARTESIAN_POINT('Ctrl Pts',(19.3386979188817,-5.07967439202419,1.116));
#3574=CARTESIAN_POINT('Ctrl Pts',(19.3386979190404,-5.07967394748227,1.34280000000001));
#3575=CARTESIAN_POINT('Ctrl Pts',(19.3386979190828,-5.0796738286849,1.45620000000001));
#3576=CARTESIAN_POINT('Ctrl Pts',(19.338697919123,-5.07967371605042,1.68300000000001));
#3577=CARTESIAN_POINT('Ctrl Pts',(19.3386979191142,-5.0796737408569,1.90980000000001));
#3578=CARTESIAN_POINT('Ctrl Pts',(19.3386979191076,-5.07967375934064,2.02320000000001));
#3579=CARTESIAN_POINT('Ctrl Pts',(19.338697919101,-5.07967377774015,2.25000000000001));
#3580=CARTESIAN_POINT('Ctrl Pts',(19.3386979191076,-5.07967375934064,2.47680000000001));
#3581=CARTESIAN_POINT('Ctrl Pts',(19.3386979191142,-5.0796737408569,2.5902));
#3582=CARTESIAN_POINT('Ctrl Pts',(19.338697919123,-5.07967371605042,2.81700000000001));
#3583=CARTESIAN_POINT('Ctrl Pts',(19.3386979190828,-5.0796738286849,3.0438));
#3584=CARTESIAN_POINT('Ctrl Pts',(19.3386979190404,-5.07967394748227,3.1572));
#3585=CARTESIAN_POINT('Ctrl Pts',(19.3386979188817,-5.07967439202418,3.384));
#3586=CARTESIAN_POINT('Ctrl Pts',(19.3386979185088,-5.07967543642089,3.6108));
#3587=CARTESIAN_POINT('Ctrl Pts',(19.3386979182523,-5.0796761549543,3.7242));
#3588=CARTESIAN_POINT('Ctrl Pts',(19.3386979177347,-5.07967760483681,3.8943));
#3589=CARTESIAN_POINT('Ctrl Pts',(19.3386979169808,-5.07967971649692,4.0644));
#3590=CARTESIAN_POINT('Ctrl Pts',(19.3386979167012,-5.07968049966392,4.1211));
#3591=CARTESIAN_POINT('Ctrl Pts',(19.3386979161012,-5.07968218026018,4.2309));
#3592=CARTESIAN_POINT('Ctrl Pts',(19.3386979153817,-5.07968419566702,4.3407));
#3593=CARTESIAN_POINT('Ctrl Pts',(19.3386979150044,-5.07968525217903,4.3938));
#3594=CARTESIAN_POINT('Ctrl Pts',(19.3386979145689,-5.0796864720409,4.45049999999999));
#3595=CARTESIAN_POINT('Ctrl Pts',(19.3386979140986,-5.07968778943799,4.50719999999999));
#3596=CARTESIAN_POINT('Ctrl Pts',(19.3386979140686,-5.07968787347524,4.51079999999999));
#3597=CARTESIAN_POINT('Ctrl Pts',(19.3386979140384,-5.07968795790515,4.51439999999999));
#3598=CARTESIAN_POINT('Ctrl Pts',(19.3386979140082,-5.07968804272729,4.51799999999999));
#3599=CARTESIAN_POINT('Ctrl Pts',(18.884971679583,-5.0794113155057,-0.0180000000000437));
#3600=CARTESIAN_POINT('Ctrl Pts',(18.8849716796158,-5.07941122382452,-0.0144000000000438));
#3601=CARTESIAN_POINT('Ctrl Pts',(18.8849716796484,-5.07941113244412,-0.0108000000000438));
#3602=CARTESIAN_POINT('Ctrl Pts',(18.8849716796809,-5.07941104136444,-0.00720000000004392));
#3603=CARTESIAN_POINT('Ctrl Pts',(18.8849716801913,-5.0794096115945,0.0494999999999555));
#3604=CARTESIAN_POINT('Ctrl Pts',(18.8849716806752,-5.07940825638392,0.106199999999971));
#3605=CARTESIAN_POINT('Ctrl Pts',(18.8849716811051,-5.07940705244859,0.159299999999987));
#3606=CARTESIAN_POINT('Ctrl Pts',(18.8849716819464,-5.07940469585639,0.269099999999999));
#3607=CARTESIAN_POINT('Ctrl Pts',(18.8849716826918,-5.07940260799276,0.378900000000001));
#3608=CARTESIAN_POINT('Ctrl Pts',(18.8849716830518,-5.07940159976406,0.435600000000002));
#3609=CARTESIAN_POINT('Ctrl Pts',(18.8849716840593,-5.0793987776945,0.605700000000003));
#3610=CARTESIAN_POINT('Ctrl Pts',(18.884971684859,-5.07939653788052,0.775800000000004));
#3611=CARTESIAN_POINT('Ctrl Pts',(18.8849716853078,-5.07939528072523,0.889200000000004));
#3612=CARTESIAN_POINT('Ctrl Pts',(18.8849716860583,-5.07939317856627,1.11600000000001));
#3613=CARTESIAN_POINT('Ctrl Pts',(18.8849716865557,-5.07939178518792,1.34280000000001));
#3614=CARTESIAN_POINT('Ctrl Pts',(18.8849716867515,-5.07939123676755,1.45620000000001));
#3615=CARTESIAN_POINT('Ctrl Pts',(18.8849716870569,-5.07939038140367,1.68300000000001));
#3616=CARTESIAN_POINT('Ctrl Pts',(18.8849716872173,-5.0793899320868,1.90980000000001));
#3617=CARTESIAN_POINT('Ctrl Pts',(18.8849716872682,-5.07938978957264,2.02320000000001));
#3618=CARTESIAN_POINT('Ctrl Pts',(18.8849716873191,-5.07938964697373,2.25000000000001));
#3619=CARTESIAN_POINT('Ctrl Pts',(18.8849716872682,-5.07938978957264,2.47680000000001));
#3620=CARTESIAN_POINT('Ctrl Pts',(18.8849716872173,-5.0793899320868,2.5902));
#3621=CARTESIAN_POINT('Ctrl Pts',(18.8849716870569,-5.07939038140366,2.81700000000001));
#3622=CARTESIAN_POINT('Ctrl Pts',(18.8849716867515,-5.07939123676754,3.0438));
#3623=CARTESIAN_POINT('Ctrl Pts',(18.8849716865557,-5.07939178518792,3.1572));
#3624=CARTESIAN_POINT('Ctrl Pts',(18.8849716860583,-5.07939317856627,3.384));
#3625=CARTESIAN_POINT('Ctrl Pts',(18.8849716853078,-5.07939528072523,3.6108));
#3626=CARTESIAN_POINT('Ctrl Pts',(18.884971684859,-5.07939653788052,3.7242));
#3627=CARTESIAN_POINT('Ctrl Pts',(18.8849716840593,-5.0793987776945,3.8943));
#3628=CARTESIAN_POINT('Ctrl Pts',(18.8849716830518,-5.07940159976406,4.0644));
#3629=CARTESIAN_POINT('Ctrl Pts',(18.8849716826918,-5.07940260799276,4.1211));
#3630=CARTESIAN_POINT('Ctrl Pts',(18.8849716819464,-5.07940469585639,4.2309));
#3631=CARTESIAN_POINT('Ctrl Pts',(18.8849716811051,-5.0794070524486,4.3407));
#3632=CARTESIAN_POINT('Ctrl Pts',(18.8849716806753,-5.07940825638394,4.39380000000001));
#3633=CARTESIAN_POINT('Ctrl Pts',(18.8849716801915,-5.07940961159453,4.45050000000001));
#3634=CARTESIAN_POINT('Ctrl Pts',(18.8849716796811,-5.07941104136446,4.50720000000001));
#3635=CARTESIAN_POINT('Ctrl Pts',(18.8849716796486,-5.07941113244415,4.51080000000001));
#3636=CARTESIAN_POINT('Ctrl Pts',(18.884971679616,-5.07941122382455,4.51440000000001));
#3637=CARTESIAN_POINT('Ctrl Pts',(18.8849716795832,-5.07941131550572,4.51800000000001));
#3638=CARTESIAN_POINT('Ctrl Pts',(18.4312454451654,-5.07913456779319,-0.0179999999999652));
#3639=CARTESIAN_POINT('Ctrl Pts',(18.4312454451992,-5.07913447323847,-0.0143999999999648));
#3640=CARTESIAN_POINT('Ctrl Pts',(18.4312454452329,-5.07913437892816,-0.0107999999999645));
#3641=CARTESIAN_POINT('Ctrl Pts',(18.4312454452664,-5.07913428486156,-0.00719999999996435));
#3642=CARTESIAN_POINT('Ctrl Pts',(18.431245445794,-5.07913280714082,0.0495000000000369));
#3643=CARTESIAN_POINT('Ctrl Pts',(18.4312454463001,-5.07913138957571,0.106200000000025));
#3644=CARTESIAN_POINT('Ctrl Pts',(18.4312454467558,-5.07913011310665,0.159300000000013));
#3645=CARTESIAN_POINT('Ctrl Pts',(18.4312454476591,-5.07912758301425,0.269100000000004));
#3646=CARTESIAN_POINT('Ctrl Pts',(18.4312454484815,-5.07912527929335,0.378900000000003));
#3647=CARTESIAN_POINT('Ctrl Pts',(18.4312454488845,-5.07912415037813,0.435600000000003));
#3648=CARTESIAN_POINT('Ctrl Pts',(18.431245450029,-5.07912094476282,0.605700000000003));
#3649=CARTESIAN_POINT('Ctrl Pts',(18.4312454509826,-5.07911827380328,0.775800000000004));
#3650=CARTESIAN_POINT('Ctrl Pts',(18.4312454515362,-5.07911672313172,0.889200000000004));
#3651=CARTESIAN_POINT('Ctrl Pts',(18.4312454524918,-5.07911404626384,1.11600000000001));
#3652=CARTESIAN_POINT('Ctrl Pts',(18.4312454531723,-5.07911214038245,1.34280000000001));
#3653=CARTESIAN_POINT('Ctrl Pts',(18.4312454534506,-5.07911136067466,1.45620000000001));
#3654=CARTESIAN_POINT('Ctrl Pts',(18.4312454538985,-5.07911010620374,1.68300000000001));
#3655=CARTESIAN_POINT('Ctrl Pts',(18.4312454541496,-5.07910940290475,1.90980000000001));
#3656=CARTESIAN_POINT('Ctrl Pts',(18.4312454542312,-5.07910917421565,2.02320000000001));
#3657=CARTESIAN_POINT('Ctrl Pts',(18.4312454543129,-5.07910894544085,2.25000000000001));
#3658=CARTESIAN_POINT('Ctrl Pts',(18.4312454542312,-5.07910917421565,2.47680000000001));
#3659=CARTESIAN_POINT('Ctrl Pts',(18.4312454541496,-5.07910940290475,2.5902));
#3660=CARTESIAN_POINT('Ctrl Pts',(18.4312454538985,-5.07911010620374,2.81700000000001));
#3661=CARTESIAN_POINT('Ctrl Pts',(18.4312454534506,-5.07911136067466,3.0438));
#3662=CARTESIAN_POINT('Ctrl Pts',(18.4312454531723,-5.07911214038245,3.1572));
#3663=CARTESIAN_POINT('Ctrl Pts',(18.4312454524918,-5.07911404626384,3.384));
#3664=CARTESIAN_POINT('Ctrl Pts',(18.4312454515362,-5.07911672313172,3.6108));
#3665=CARTESIAN_POINT('Ctrl Pts',(18.4312454509826,-5.07911827380328,3.7242));
#3666=CARTESIAN_POINT('Ctrl Pts',(18.431245450029,-5.07912094476282,3.8943));
#3667=CARTESIAN_POINT('Ctrl Pts',(18.4312454488845,-5.07912415037813,4.0644));
#3668=CARTESIAN_POINT('Ctrl Pts',(18.4312454484815,-5.07912527929335,4.1211));
#3669=CARTESIAN_POINT('Ctrl Pts',(18.431245447659,-5.07912758301425,4.2309));
#3670=CARTESIAN_POINT('Ctrl Pts',(18.4312454467557,-5.07913011310665,4.3407));
#3671=CARTESIAN_POINT('Ctrl Pts',(18.4312454463,-5.0791313895757,4.3938));
#3672=CARTESIAN_POINT('Ctrl Pts',(18.4312454457939,-5.07913280714082,4.45049999999999));
#3673=CARTESIAN_POINT('Ctrl Pts',(18.4312454452663,-5.07913428486154,4.50719999999999));
#3674=CARTESIAN_POINT('Ctrl Pts',(18.4312454452327,-5.07913437892814,4.51079999999999));
#3675=CARTESIAN_POINT('Ctrl Pts',(18.4312454451991,-5.07913447323845,4.51439999999999));
#3676=CARTESIAN_POINT('Ctrl Pts',(18.4312454451653,-5.07913456779317,4.518));
#3677=CARTESIAN_POINT('Ctrl Pts',(18.2043823279585,-5.07899618823968,-0.0179999999999945));
#3678=CARTESIAN_POINT('Ctrl Pts',(18.2043823279923,-5.0789960934925,-0.0143999999999942));
#3679=CARTESIAN_POINT('Ctrl Pts',(18.2043823280261,-5.07899599896709,-0.010799999999994));
#3680=CARTESIAN_POINT('Ctrl Pts',(18.2043823280598,-5.07899590466194,-0.0071999999999939));
#3681=CARTESIAN_POINT('Ctrl Pts',(18.2043823285888,-5.07899442280513,0.0495000000000068));
#3682=CARTESIAN_POINT('Ctrl Pts',(18.2043823290986,-5.07899299503188,0.106200000000003));
#3683=CARTESIAN_POINT('Ctrl Pts',(18.2043823295594,-5.0789917041259,0.1593));
#3684=CARTESIAN_POINT('Ctrl Pts',(18.2043823304762,-5.07898913630525,0.269099999999999));
#3685=CARTESIAN_POINT('Ctrl Pts',(18.204382331318,-5.07898677839285,0.378900000000001));
#3686=CARTESIAN_POINT('Ctrl Pts',(18.2043823317323,-5.07898561792542,0.435600000000001));
#3687=CARTESIAN_POINT('Ctrl Pts',(18.2043823329133,-5.07898230999359,0.605700000000003));
#3688=CARTESIAN_POINT('Ctrl Pts',(18.2043823339094,-5.07897951980873,0.775800000000004));
#3689=CARTESIAN_POINT('Ctrl Pts',(18.204382334492,-5.07897788783759,0.889200000000004));
#3690=CARTESIAN_POINT('Ctrl Pts',(18.2043823355045,-5.07897505185027,1.11600000000001));
#3691=CARTESIAN_POINT('Ctrl Pts',(18.2043823362353,-5.0789730048763,1.34280000000001));
#3692=CARTESIAN_POINT('Ctrl Pts',(18.2043823365363,-5.07897216185149,1.45620000000001));
#3693=CARTESIAN_POINT('Ctrl Pts',(18.204382337023,-5.07897079855985,1.68300000000001));
#3694=CARTESIAN_POINT('Ctrl Pts',(18.2043823372986,-5.07897002648992,1.90980000000001));
#3695=CARTESIAN_POINT('Ctrl Pts',(18.2043823373886,-5.07896977452447,2.02320000000001));
#3696=CARTESIAN_POINT('Ctrl Pts',(18.2043823374786,-5.07896952247032,2.25000000000001));
#3697=CARTESIAN_POINT('Ctrl Pts',(18.2043823373886,-5.07896977452447,2.47680000000001));
#3698=CARTESIAN_POINT('Ctrl Pts',(18.2043823372986,-5.07897002648992,2.5902));
#3699=CARTESIAN_POINT('Ctrl Pts',(18.204382337023,-5.07897079855985,2.81700000000001));
#3700=CARTESIAN_POINT('Ctrl Pts',(18.2043823365363,-5.07897216185149,3.0438));
#3701=CARTESIAN_POINT('Ctrl Pts',(18.2043823362353,-5.0789730048763,3.1572));
#3702=CARTESIAN_POINT('Ctrl Pts',(18.2043823355045,-5.07897505185027,3.384));
#3703=CARTESIAN_POINT('Ctrl Pts',(18.204382334492,-5.07897788783758,3.6108));
#3704=CARTESIAN_POINT('Ctrl Pts',(18.2043823339094,-5.07897951980872,3.7242));
#3705=CARTESIAN_POINT('Ctrl Pts',(18.2043823329132,-5.07898230999359,3.8943));
#3706=CARTESIAN_POINT('Ctrl Pts',(18.2043823317323,-5.07898561792542,4.0644));
#3707=CARTESIAN_POINT('Ctrl Pts',(18.204382331318,-5.07898677839285,4.1211));
#3708=CARTESIAN_POINT('Ctrl Pts',(18.2043823304762,-5.07898913630524,4.2309));
#3709=CARTESIAN_POINT('Ctrl Pts',(18.2043823295594,-5.07899170412589,4.3407));
#3710=CARTESIAN_POINT('Ctrl Pts',(18.2043823290985,-5.07899299503187,4.39379999999999));
#3711=CARTESIAN_POINT('Ctrl Pts',(18.2043823285888,-5.07899442280511,4.45049999999999));
#3712=CARTESIAN_POINT('Ctrl Pts',(18.2043823280598,-5.07899590466192,4.50719999999999));
#3713=CARTESIAN_POINT('Ctrl Pts',(18.2043823280261,-5.07899599896706,4.51079999999999));
#3714=CARTESIAN_POINT('Ctrl Pts',(18.2043823279923,-5.07899609349247,4.51439999999999));
#3715=CARTESIAN_POINT('Ctrl Pts',(18.2043823279585,-5.07899618823965,4.51799999999999));
#3716=CARTESIAN_POINT('Ctrl Pts',(17.8640876521529,-5.07878860603924,-0.0179999999999974));
#3717=CARTESIAN_POINT('Ctrl Pts',(17.8640876521861,-5.07878851294159,-0.0143999999999972));
#3718=CARTESIAN_POINT('Ctrl Pts',(17.8640876522193,-5.07878842005396,-0.0107999999999971));
#3719=CARTESIAN_POINT('Ctrl Pts',(17.8640876522524,-5.07878832737461,-0.00719999999999704));
#3720=CARTESIAN_POINT('Ctrl Pts',(17.8640876527724,-5.07878687092952,0.0495000000000034));
#3721=CARTESIAN_POINT('Ctrl Pts',(17.8640876532741,-5.07878546537106,0.106200000000004));
#3722=CARTESIAN_POINT('Ctrl Pts',(17.8640876537301,-5.07878418804421,0.159300000000004));
#3723=CARTESIAN_POINT('Ctrl Pts',(17.8640876546405,-5.07878163795789,0.269100000000003));
#3724=CARTESIAN_POINT('Ctrl Pts',(17.8640876554805,-5.07877928530476,0.378900000000003));
#3725=CARTESIAN_POINT('Ctrl Pts',(17.8640876558945,-5.07877812568531,0.435600000000003));
#3726=CARTESIAN_POINT('Ctrl Pts',(17.864087657076,-5.07877481634845,0.605700000000003));
#3727=CARTESIAN_POINT('Ctrl Pts',(17.8640876580748,-5.07877201852966,0.775800000000004));
#3728=CARTESIAN_POINT('Ctrl Pts',(17.8640876586586,-5.07877038327306,0.889200000000005));
#3729=CARTESIAN_POINT('Ctrl Pts',(17.8640876596719,-5.07876754511469,1.11600000000001));
#3730=CARTESIAN_POINT('Ctrl Pts',(17.8640876604015,-5.07876550137325,1.34280000000001));
#3731=CARTESIAN_POINT('Ctrl Pts',(17.8640876607018,-5.07876466045894,1.45620000000001));
#3732=CARTESIAN_POINT('Ctrl Pts',(17.8640876611873,-5.07876330047768,1.68300000000001));
#3733=CARTESIAN_POINT('Ctrl Pts',(17.8640876614624,-5.07876252997234,1.90980000000001));
#3734=CARTESIAN_POINT('Ctrl Pts',(17.8640876615522,-5.07876227829826,2.02320000000001));
#3735=CARTESIAN_POINT('Ctrl Pts',(17.8640876616421,-5.0787620265575,2.25));
#3736=CARTESIAN_POINT('Ctrl Pts',(17.8640876615522,-5.07876227829826,2.4768));
#3737=CARTESIAN_POINT('Ctrl Pts',(17.8640876614624,-5.07876252997234,2.5902));
#3738=CARTESIAN_POINT('Ctrl Pts',(17.8640876611873,-5.07876330047768,2.817));
#3739=CARTESIAN_POINT('Ctrl Pts',(17.8640876607018,-5.07876466045894,3.0438));
#3740=CARTESIAN_POINT('Ctrl Pts',(17.8640876604015,-5.07876550137325,3.1572));
#3741=CARTESIAN_POINT('Ctrl Pts',(17.8640876596719,-5.07876754511469,3.384));
#3742=CARTESIAN_POINT('Ctrl Pts',(17.8640876586586,-5.07877038327306,3.6108));
#3743=CARTESIAN_POINT('Ctrl Pts',(17.8640876580748,-5.07877201852966,3.7242));
#3744=CARTESIAN_POINT('Ctrl Pts',(17.864087657076,-5.07877481634845,3.8943));
#3745=CARTESIAN_POINT('Ctrl Pts',(17.8640876558945,-5.0787781256853,4.0644));
#3746=CARTESIAN_POINT('Ctrl Pts',(17.8640876554805,-5.07877928530476,4.1211));
#3747=CARTESIAN_POINT('Ctrl Pts',(17.8640876546405,-5.07878163795789,4.2309));
#3748=CARTESIAN_POINT('Ctrl Pts',(17.8640876537301,-5.07878418804422,4.3407));
#3749=CARTESIAN_POINT('Ctrl Pts',(17.8640876532741,-5.07878546537107,4.3938));
#3750=CARTESIAN_POINT('Ctrl Pts',(17.8640876527723,-5.07878687092952,4.45050000000001));
#3751=CARTESIAN_POINT('Ctrl Pts',(17.8640876522524,-5.07878832737462,4.50720000000001));
#3752=CARTESIAN_POINT('Ctrl Pts',(17.8640876522193,-5.07878842005397,4.51080000000001));
#3753=CARTESIAN_POINT('Ctrl Pts',(17.8640876521861,-5.0787885129416,4.51440000000001));
#3754=CARTESIAN_POINT('Ctrl Pts',(17.8640876521529,-5.07878860603926,4.51800000000001));
#3755=CARTESIAN_POINT('Ctrl Pts',(17.523792976355,-5.07858100182182,-0.0180000000000038));
#3756=CARTESIAN_POINT('Ctrl Pts',(17.5237929763857,-5.07858091580553,-0.0144000000000037));
#3757=CARTESIAN_POINT('Ctrl Pts',(17.5237929764164,-5.07858083002814,-0.0108000000000035));
#3758=CARTESIAN_POINT('Ctrl Pts',(17.5237929764469,-5.07858074448465,-0.00720000000000346));
#3759=CARTESIAN_POINT('Ctrl Pts',(17.5237929769266,-5.07857940078872,0.049499999999997));
#3760=CARTESIAN_POINT('Ctrl Pts',(17.5237929773864,-5.07857811305438,0.106199999999998));
#3761=CARTESIAN_POINT('Ctrl Pts',(17.5237929778031,-5.07857694581565,0.159299999999999));
#3762=CARTESIAN_POINT('Ctrl Pts',(17.5237929786299,-5.07857462991199,0.269100000000001));
#3763=CARTESIAN_POINT('Ctrl Pts',(17.5237929793846,-5.07857251592505,0.378900000000002));
#3764=CARTESIAN_POINT('Ctrl Pts',(17.5237929797544,-5.07857148019704,0.435600000000002));
#3765=CARTESIAN_POINT('Ctrl Pts',(17.5237929808027,-5.07856854386546,0.605700000000003));
#3766=CARTESIAN_POINT('Ctrl Pts',(17.5237929816696,-5.07856611577613,0.775800000000004));
#3767=CARTESIAN_POINT('Ctrl Pts',(17.5237929821681,-5.07856471944409,0.889200000000004));
#3768=CARTESIAN_POINT('Ctrl Pts',(17.5237929830236,-5.07856232320944,1.11600000000001));
#3769=CARTESIAN_POINT('Ctrl Pts',(17.523792983627,-5.07856063295926,1.34280000000001));
#3770=CARTESIAN_POINT('Ctrl Pts',(17.5237929838736,-5.07855994216447,1.45620000000001));
#3771=CARTESIAN_POINT('Ctrl Pts',(17.5237929842709,-5.0785588294397,1.68300000000001));
#3772=CARTESIAN_POINT('Ctrl Pts',(17.5237929844944,-5.07855820340418,1.9098));
#3773=CARTESIAN_POINT('Ctrl Pts',(17.5237929845673,-5.07855799911317,2.0232));
#3774=CARTESIAN_POINT('Ctrl Pts',(17.5237929846403,-5.07855779481012,2.25));
#3775=CARTESIAN_POINT('Ctrl Pts',(17.5237929845673,-5.07855799911317,2.4768));
#3776=CARTESIAN_POINT('Ctrl Pts',(17.5237929844944,-5.07855820340418,2.5902));
#3777=CARTESIAN_POINT('Ctrl Pts',(17.5237929842709,-5.0785588294397,2.817));
#3778=CARTESIAN_POINT('Ctrl Pts',(17.5237929838736,-5.07855994216447,3.0438));
#3779=CARTESIAN_POINT('Ctrl Pts',(17.523792983627,-5.07856063295926,3.1572));
#3780=CARTESIAN_POINT('Ctrl Pts',(17.5237929830236,-5.07856232320945,3.384));
#3781=CARTESIAN_POINT('Ctrl Pts',(17.5237929821681,-5.07856471944409,3.6108));
#3782=CARTESIAN_POINT('Ctrl Pts',(17.5237929816696,-5.07856611577613,3.7242));
#3783=CARTESIAN_POINT('Ctrl Pts',(17.5237929808027,-5.07856854386546,3.8943));
#3784=CARTESIAN_POINT('Ctrl Pts',(17.5237929797544,-5.07857148019704,4.0644));
#3785=CARTESIAN_POINT('Ctrl Pts',(17.5237929793846,-5.07857251592505,4.1211));
#3786=CARTESIAN_POINT('Ctrl Pts',(17.5237929786299,-5.07857462991199,4.2309));
#3787=CARTESIAN_POINT('Ctrl Pts',(17.5237929778031,-5.07857694581565,4.3407));
#3788=CARTESIAN_POINT('Ctrl Pts',(17.5237929773864,-5.07857811305438,4.3938));
#3789=CARTESIAN_POINT('Ctrl Pts',(17.5237929769266,-5.07857940078872,4.4505));
#3790=CARTESIAN_POINT('Ctrl Pts',(17.5237929764469,-5.07858074448464,4.5072));
#3791=CARTESIAN_POINT('Ctrl Pts',(17.5237929764164,-5.07858083002813,4.5108));
#3792=CARTESIAN_POINT('Ctrl Pts',(17.5237929763857,-5.07858091580553,4.5144));
#3793=CARTESIAN_POINT('Ctrl Pts',(17.523792976355,-5.07858100182182,4.518));
#3794=CARTESIAN_POINT('Ctrl Pts',(17.4103614177704,-5.07851175937179,-0.0180000000000039));
#3795=CARTESIAN_POINT('Ctrl Pts',(17.4103614178001,-5.07851167634653,-0.0144000000000037));
#3796=CARTESIAN_POINT('Ctrl Pts',(17.4103614178296,-5.07851159361382,-0.0108000000000035));
#3797=CARTESIAN_POINT('Ctrl Pts',(17.410361417859,-5.07851151116633,-0.00720000000000352));
#3798=CARTESIAN_POINT('Ctrl Pts',(17.410361418321,-5.0785102170093,0.0494999999999969));
#3799=CARTESIAN_POINT('Ctrl Pts',(17.4103614187589,-5.07850899070959,0.106199999999999));
#3800=CARTESIAN_POINT('Ctrl Pts',(17.4103614191509,-5.07850789254211,0.1593));
#3801=CARTESIAN_POINT('Ctrl Pts',(17.4103614199346,-5.07850569746544,0.269100000000001));
#3802=CARTESIAN_POINT('Ctrl Pts',(17.41036142065,-5.07850369367633,0.378900000000002));
#3803=CARTESIAN_POINT('Ctrl Pts',(17.4103614209989,-5.07850271633611,0.435600000000002));
#3804=CARTESIAN_POINT('Ctrl Pts',(17.4103614219848,-5.07849995486033,0.605700000000003));
#3805=CARTESIAN_POINT('Ctrl Pts',(17.4103614227906,-5.0784976977216,0.775800000000003));
#3806=CARTESIAN_POINT('Ctrl Pts',(17.4103614232501,-5.0784964106227,0.889200000000004));
#3807=CARTESIAN_POINT('Ctrl Pts',(17.410361424034,-5.07849421494963,1.116));
#3808=CARTESIAN_POINT('Ctrl Pts',(17.4103614245811,-5.07849268248071,1.3428));
#3809=CARTESIAN_POINT('Ctrl Pts',(17.410361424804,-5.07849205813369,1.4562));
#3810=CARTESIAN_POINT('Ctrl Pts',(17.4103614251624,-5.07849105436859,1.683));
#3811=CARTESIAN_POINT('Ctrl Pts',(17.4103614253633,-5.07849049149099,1.9098));
#3812=CARTESIAN_POINT('Ctrl Pts',(17.4103614254289,-5.07849030788469,2.0232));
#3813=CARTESIAN_POINT('Ctrl Pts',(17.4103614254944,-5.07849012428783,2.25));
#3814=CARTESIAN_POINT('Ctrl Pts',(17.4103614254289,-5.07849030788469,2.4768));
#3815=CARTESIAN_POINT('Ctrl Pts',(17.4103614253633,-5.07849049149099,2.5902));
#3816=CARTESIAN_POINT('Ctrl Pts',(17.4103614251624,-5.07849105436859,2.817));
#3817=CARTESIAN_POINT('Ctrl Pts',(17.410361424804,-5.07849205813369,3.0438));
#3818=CARTESIAN_POINT('Ctrl Pts',(17.4103614245811,-5.07849268248071,3.1572));
#3819=CARTESIAN_POINT('Ctrl Pts',(17.410361424034,-5.07849421494963,3.384));
#3820=CARTESIAN_POINT('Ctrl Pts',(17.4103614232501,-5.0784964106227,3.6108));
#3821=CARTESIAN_POINT('Ctrl Pts',(17.4103614227906,-5.0784976977216,3.7242));
#3822=CARTESIAN_POINT('Ctrl Pts',(17.4103614219848,-5.07849995486034,3.8943));
#3823=CARTESIAN_POINT('Ctrl Pts',(17.4103614209989,-5.07850271633611,4.0644));
#3824=CARTESIAN_POINT('Ctrl Pts',(17.41036142065,-5.07850369367632,4.1211));
#3825=CARTESIAN_POINT('Ctrl Pts',(17.4103614199346,-5.07850569746543,4.2309));
#3826=CARTESIAN_POINT('Ctrl Pts',(17.4103614191509,-5.07850789254211,4.3407));
#3827=CARTESIAN_POINT('Ctrl Pts',(17.4103614187589,-5.07850899070959,4.3938));
#3828=CARTESIAN_POINT('Ctrl Pts',(17.4103614183211,-5.07851021700928,4.4505));
#3829=CARTESIAN_POINT('Ctrl Pts',(17.410361417859,-5.07851151116632,4.5072));
#3830=CARTESIAN_POINT('Ctrl Pts',(17.4103614178296,-5.07851159361382,4.5108));
#3831=CARTESIAN_POINT('Ctrl Pts',(17.4103614178001,-5.07851167634653,4.5144));
#3832=CARTESIAN_POINT('Ctrl Pts',(17.4103614177704,-5.07851175937179,4.518));
#3833=CARTESIAN_POINT('Ctrl Pts',(17.1907003042884,-5.07837776164949,-0.0179999999999978));
#3834=CARTESIAN_POINT('Ctrl Pts',(17.1907003043154,-5.07837768621565,-0.0143999999999976));
#3835=CARTESIAN_POINT('Ctrl Pts',(17.1907003043422,-5.07837761116846,-0.0107999999999974));
#3836=CARTESIAN_POINT('Ctrl Pts',(17.1907003043688,-5.07837753650443,-0.00719999999999734));
#3837=CARTESIAN_POINT('Ctrl Pts',(17.1907003047865,-5.07837636649783,0.0495000000000034));
#3838=CARTESIAN_POINT('Ctrl Pts',(17.1907003051714,-5.0783752883366,0.106200000000002));
#3839=CARTESIAN_POINT('Ctrl Pts',(17.1907003055223,-5.07837430545111,0.159300000000001));
#3840=CARTESIAN_POINT('Ctrl Pts',(17.1907003062102,-5.07837237857915,0.2691));
#3841=CARTESIAN_POINT('Ctrl Pts',(17.1907003068198,-5.07837067113434,0.378900000000001));
#3842=CARTESIAN_POINT('Ctrl Pts',(17.1907003071146,-5.07836984560506,0.435600000000001));
#3843=CARTESIAN_POINT('Ctrl Pts',(17.1907003079382,-5.07836753863507,0.605700000000003));
#3844=CARTESIAN_POINT('Ctrl Pts',(17.1907003085851,-5.07836572669987,0.775800000000003));
#3845=CARTESIAN_POINT('Ctrl Pts',(17.1907003089437,-5.07836472204225,0.889200000000003));
#3846=CARTESIAN_POINT('Ctrl Pts',(17.1907003095478,-5.07836302998796,1.116));
#3847=CARTESIAN_POINT('Ctrl Pts',(17.1907003099592,-5.07836187773715,1.3428));
#3848=CARTESIAN_POINT('Ctrl Pts',(17.1907003101259,-5.07836141074684,1.4562));
#3849=CARTESIAN_POINT('Ctrl Pts',(17.1907003103929,-5.07836066283308,1.683));
#3850=CARTESIAN_POINT('Ctrl Pts',(17.1907003105418,-5.07836024590526,1.9098));
#3851=CARTESIAN_POINT('Ctrl Pts',(17.1907003105903,-5.07836010996484,2.0232));
#3852=CARTESIAN_POINT('Ctrl Pts',(17.1907003106388,-5.07835997406707,2.25));
#3853=CARTESIAN_POINT('Ctrl Pts',(17.1907003105903,-5.07836010996484,2.4768));
#3854=CARTESIAN_POINT('Ctrl Pts',(17.1907003105418,-5.07836024590526,2.5902));
#3855=CARTESIAN_POINT('Ctrl Pts',(17.1907003103929,-5.07836066283308,2.817));
#3856=CARTESIAN_POINT('Ctrl Pts',(17.1907003101259,-5.07836141074684,3.0438));
#3857=CARTESIAN_POINT('Ctrl Pts',(17.1907003099592,-5.07836187773715,3.1572));
#3858=CARTESIAN_POINT('Ctrl Pts',(17.1907003095478,-5.07836302998795,3.384));
#3859=CARTESIAN_POINT('Ctrl Pts',(17.1907003089437,-5.07836472204225,3.6108));
#3860=CARTESIAN_POINT('Ctrl Pts',(17.1907003085851,-5.07836572669987,3.7242));
#3861=CARTESIAN_POINT('Ctrl Pts',(17.1907003079382,-5.07836753863508,3.8943));
#3862=CARTESIAN_POINT('Ctrl Pts',(17.1907003071146,-5.07836984560506,4.0644));
#3863=CARTESIAN_POINT('Ctrl Pts',(17.1907003068198,-5.07837067113435,4.1211));
#3864=CARTESIAN_POINT('Ctrl Pts',(17.1907003062103,-5.07837237857916,4.2309));
#3865=CARTESIAN_POINT('Ctrl Pts',(17.1907003055223,-5.07837430545111,4.3407));
#3866=CARTESIAN_POINT('Ctrl Pts',(17.1907003051714,-5.0783752883366,4.3938));
#3867=CARTESIAN_POINT('Ctrl Pts',(17.1907003047865,-5.07837636649783,4.4505));
#3868=CARTESIAN_POINT('Ctrl Pts',(17.1907003043688,-5.07837753650443,4.5072));
#3869=CARTESIAN_POINT('Ctrl Pts',(17.1907003043421,-5.07837761116846,4.5108));
#3870=CARTESIAN_POINT('Ctrl Pts',(17.1907003043154,-5.07837768621565,4.5144));
#3871=CARTESIAN_POINT('Ctrl Pts',(17.1907003042884,-5.07837776164949,4.518));
#3872=CARTESIAN_POINT('Ctrl Pts',(16.9710391908077,-5.07824376022556,-0.0180000000000073));
#3873=CARTESIAN_POINT('Ctrl Pts',(16.9710391908294,-5.07824369953267,-0.0144000000000072));
#3874=CARTESIAN_POINT('Ctrl Pts',(16.9710391908509,-5.07824363927147,-0.010800000000007));
#3875=CARTESIAN_POINT('Ctrl Pts',(16.9710391908723,-5.07824357940883,-0.00720000000000696));
#3876=CARTESIAN_POINT('Ctrl Pts',(16.9710391912068,-5.07824264241291,0.0494999999999936));
#3877=CARTESIAN_POINT('Ctrl Pts',(16.9710391915103,-5.07824179215331,0.106199999999996));
#3878=CARTESIAN_POINT('Ctrl Pts',(16.9710391917735,-5.07824105492634,0.159299999999998));
#3879=CARTESIAN_POINT('Ctrl Pts',(16.9710391922731,-5.07823965566642,0.269100000000001));
#3880=CARTESIAN_POINT('Ctrl Pts',(16.9710391927049,-5.07823844626253,0.378900000000002));
#3881=CARTESIAN_POINT('Ctrl Pts',(16.9710391929094,-5.07823787353581,0.435600000000002));
#3882=CARTESIAN_POINT('Ctrl Pts',(16.9710391934641,-5.07823631971205,0.605700000000002));
#3883=CARTESIAN_POINT('Ctrl Pts',(16.9710391938662,-5.07823519340558,0.775800000000001));
#3884=CARTESIAN_POINT('Ctrl Pts',(16.9710391940835,-5.07823458466747,0.889200000000002));
#3885=CARTESIAN_POINT('Ctrl Pts',(16.9710391944457,-5.07823357031463,1.116));
#3886=CARTESIAN_POINT('Ctrl Pts',(16.9710391946876,-5.078232892565,1.3428));
#3887=CARTESIAN_POINT('Ctrl Pts',(16.9710391947856,-5.07823261819249,1.4562));
#3888=CARTESIAN_POINT('Ctrl Pts',(16.9710391949422,-5.07823217963627,1.683));
#3889=CARTESIAN_POINT('Ctrl Pts',(16.9710391950293,-5.07823193561365,1.9098));
#3890=CARTESIAN_POINT('Ctrl Pts',(16.9710391950577,-5.07823185600582,2.0232));
#3891=CARTESIAN_POINT('Ctrl Pts',(16.9710391950861,-5.07823177643952,2.25));
#3892=CARTESIAN_POINT('Ctrl Pts',(16.9710391950577,-5.07823185600582,2.4768));
#3893=CARTESIAN_POINT('Ctrl Pts',(16.9710391950293,-5.07823193561365,2.5902));
#3894=CARTESIAN_POINT('Ctrl Pts',(16.9710391949422,-5.07823217963627,2.817));
#3895=CARTESIAN_POINT('Ctrl Pts',(16.9710391947856,-5.07823261819249,3.0438));
#3896=CARTESIAN_POINT('Ctrl Pts',(16.9710391946876,-5.078232892565,3.1572));
#3897=CARTESIAN_POINT('Ctrl Pts',(16.9710391944457,-5.07823357031463,3.384));
#3898=CARTESIAN_POINT('Ctrl Pts',(16.9710391940835,-5.07823458466747,3.6108));
#3899=CARTESIAN_POINT('Ctrl Pts',(16.9710391938662,-5.07823519340558,3.7242));
#3900=CARTESIAN_POINT('Ctrl Pts',(16.9710391934641,-5.07823631971205,3.8943));
#3901=CARTESIAN_POINT('Ctrl Pts',(16.9710391929094,-5.07823787353581,4.0644));
#3902=CARTESIAN_POINT('Ctrl Pts',(16.9710391927049,-5.07823844626253,4.1211));
#3903=CARTESIAN_POINT('Ctrl Pts',(16.9710391922731,-5.07823965566642,4.2309));
#3904=CARTESIAN_POINT('Ctrl Pts',(16.9710391917736,-5.07824105492635,4.3407));
#3905=CARTESIAN_POINT('Ctrl Pts',(16.9710391915104,-5.07824179215331,4.3938));
#3906=CARTESIAN_POINT('Ctrl Pts',(16.9710391912068,-5.07824264241291,4.4505));
#3907=CARTESIAN_POINT('Ctrl Pts',(16.9710391908723,-5.07824357940883,4.5072));
#3908=CARTESIAN_POINT('Ctrl Pts',(16.9710391908509,-5.07824363927147,4.5108));
#3909=CARTESIAN_POINT('Ctrl Pts',(16.9710391908294,-5.07824369953268,4.5144));
#3910=CARTESIAN_POINT('Ctrl Pts',(16.9710391908077,-5.07824376022557,4.518));
#3911=CARTESIAN_POINT('Ctrl Pts',(16.8648096355262,-5.07818008110481,-0.0179999999999878));
#3912=CARTESIAN_POINT('Ctrl Pts',(16.8648096355408,-5.07818004022839,-0.0143999999999875));
#3913=CARTESIAN_POINT('Ctrl Pts',(16.8648096355559,-5.07817999789154,-0.0107999999999873));
#3914=CARTESIAN_POINT('Ctrl Pts',(16.8648096355716,-5.07817995393477,-0.00719999999998725));
#3915=CARTESIAN_POINT('Ctrl Pts',(16.8648096358285,-5.07817923438869,0.0495000000000137));
#3916=CARTESIAN_POINT('Ctrl Pts',(16.8648096362425,-5.07817807450987,0.106200000000011));
#3917=CARTESIAN_POINT('Ctrl Pts',(16.8648096366156,-5.07817702956225,0.159300000000008));
#3918=CARTESIAN_POINT('Ctrl Pts',(16.8648096370484,-5.07817581735115,0.269100000000005));
#3919=CARTESIAN_POINT('Ctrl Pts',(16.8648096374197,-5.0781747772326,0.378900000000004));
#3920=CARTESIAN_POINT('Ctrl Pts',(16.8648096375879,-5.07817430612041,0.435600000000003));
#3921=CARTESIAN_POINT('Ctrl Pts',(16.8648096379611,-5.07817326069319,0.6057));
#3922=CARTESIAN_POINT('Ctrl Pts',(16.8648096382371,-5.07817248774643,0.775799999999999));
#3923=CARTESIAN_POINT('Ctrl Pts',(16.8648096383738,-5.07817210472308,0.889200000000001));
#3924=CARTESIAN_POINT('Ctrl Pts',(16.8648096386075,-5.07817145024042,1.116));
#3925=CARTESIAN_POINT('Ctrl Pts',(16.8648096387644,-5.0781710107375,1.3428));
#3926=CARTESIAN_POINT('Ctrl Pts',(16.8648096388277,-5.0781708335339,1.45620000000001));
#3927=CARTESIAN_POINT('Ctrl Pts',(16.8648096389292,-5.0781705489883,1.68299999999999));
#3928=CARTESIAN_POINT('Ctrl Pts',(16.8648096389858,-5.07817039068396,1.90980000000001));
#3929=CARTESIAN_POINT('Ctrl Pts',(16.8648096390042,-5.07817033890904,2.0232));
#3930=CARTESIAN_POINT('Ctrl Pts',(16.8648096390228,-5.07817028689992,2.25));
#3931=CARTESIAN_POINT('Ctrl Pts',(16.8648096390042,-5.07817033890904,2.4768));
#3932=CARTESIAN_POINT('Ctrl Pts',(16.8648096389858,-5.07817039068397,2.5902));
#3933=CARTESIAN_POINT('Ctrl Pts',(16.8648096389292,-5.0781705489883,2.817));
#3934=CARTESIAN_POINT('Ctrl Pts',(16.8648096388277,-5.0781708335339,3.0438));
#3935=CARTESIAN_POINT('Ctrl Pts',(16.8648096387644,-5.07817101073751,3.1572));
#3936=CARTESIAN_POINT('Ctrl Pts',(16.8648096386075,-5.07817145024041,3.384));
#3937=CARTESIAN_POINT('Ctrl Pts',(16.8648096383738,-5.07817210472309,3.6108));
#3938=CARTESIAN_POINT('Ctrl Pts',(16.8648096382371,-5.07817248774643,3.7242));
#3939=CARTESIAN_POINT('Ctrl Pts',(16.8648096379611,-5.07817326069319,3.8943));
#3940=CARTESIAN_POINT('Ctrl Pts',(16.8648096375879,-5.07817430612041,4.0644));
#3941=CARTESIAN_POINT('Ctrl Pts',(16.8648096374197,-5.0781747772326,4.1211));
#3942=CARTESIAN_POINT('Ctrl Pts',(16.8648096370484,-5.07817581735115,4.2309));
#3943=CARTESIAN_POINT('Ctrl Pts',(16.8648096366156,-5.07817702956225,4.3407));
#3944=CARTESIAN_POINT('Ctrl Pts',(16.8648096362426,-5.07817807450987,4.3938));
#3945=CARTESIAN_POINT('Ctrl Pts',(16.8648096358285,-5.07817923438869,4.4505));
#3946=CARTESIAN_POINT('Ctrl Pts',(16.8648096355716,-5.07817995393477,4.5072));
#3947=CARTESIAN_POINT('Ctrl Pts',(16.8648096355559,-5.07817999789153,4.5108));
#3948=CARTESIAN_POINT('Ctrl Pts',(16.8648096355408,-5.07818004022838,4.5144));
#3949=CARTESIAN_POINT('Ctrl Pts',(16.8648096355262,-5.07818008110481,4.518));
#3950=CARTESIAN_POINT('Ctrl Pts',(16.7513780778407,-5.07810832011955,-0.0179999999999952));
#3951=CARTESIAN_POINT('Ctrl Pts',(16.7513780778547,-5.07810828081122,-0.014399999999995));
#3952=CARTESIAN_POINT('Ctrl Pts',(16.7513780778677,-5.07810824433423,-0.0107999999999948));
#3953=CARTESIAN_POINT('Ctrl Pts',(16.7513780778798,-5.0781082106536,-0.00719999999999481));
#3954=CARTESIAN_POINT('Ctrl Pts',(16.7513780780538,-5.07810772329153,0.0495000000000058));
#3955=CARTESIAN_POINT('Ctrl Pts',(16.751378077993,-5.0781078934951,0.106200000000005));
#3956=CARTESIAN_POINT('Ctrl Pts',(16.7513780779425,-5.07810803480451,0.159300000000005));
#3957=CARTESIAN_POINT('Ctrl Pts',(16.7513780781688,-5.0781074011067,0.269100000000005));
#3958=CARTESIAN_POINT('Ctrl Pts',(16.7513780783252,-5.07810696307089,0.378900000000004));
#3959=CARTESIAN_POINT('Ctrl Pts',(16.7513780783387,-5.07810692505423,0.435600000000003));
#3960=CARTESIAN_POINT('Ctrl Pts',(16.7513780785099,-5.07810644574872,0.6057));
#3961=CARTESIAN_POINT('Ctrl Pts',(16.7513780786171,-5.07810614523606,0.775799999999995));
#3962=CARTESIAN_POINT('Ctrl Pts',(16.7513780786694,-5.07810599881629,0.889200000000007));
#3963=CARTESIAN_POINT('Ctrl Pts',(16.7513780787695,-5.07810571838613,1.116));
#3964=CARTESIAN_POINT('Ctrl Pts',(16.7513780788369,-5.07810552955304,1.3428));
#3965=CARTESIAN_POINT('Ctrl Pts',(16.7513780788643,-5.07810545284134,1.45619999999998));
#3966=CARTESIAN_POINT('Ctrl Pts',(16.7513780789085,-5.0781053291054,1.68300000000002));
#3967=CARTESIAN_POINT('Ctrl Pts',(16.7513780789334,-5.07810525939877,1.90979999999999));
#3968=CARTESIAN_POINT('Ctrl Pts',(16.7513780789415,-5.07810523663803,2.0232));
#3969=CARTESIAN_POINT('Ctrl Pts',(16.7513780789496,-5.07810521399098,2.25));
#3970=CARTESIAN_POINT('Ctrl Pts',(16.7513780789415,-5.07810523663803,2.4768));
#3971=CARTESIAN_POINT('Ctrl Pts',(16.7513780789334,-5.07810525939877,2.5902));
#3972=CARTESIAN_POINT('Ctrl Pts',(16.7513780789085,-5.07810532910541,2.81700000000001));
#3973=CARTESIAN_POINT('Ctrl Pts',(16.7513780788643,-5.07810545284134,3.0438));
#3974=CARTESIAN_POINT('Ctrl Pts',(16.7513780788369,-5.07810552955303,3.1572));
#3975=CARTESIAN_POINT('Ctrl Pts',(16.7513780787695,-5.07810571838614,3.384));
#3976=CARTESIAN_POINT('Ctrl Pts',(16.7513780786694,-5.07810599881629,3.6108));
#3977=CARTESIAN_POINT('Ctrl Pts',(16.7513780786171,-5.07810614523606,3.7242));
#3978=CARTESIAN_POINT('Ctrl Pts',(16.7513780785099,-5.07810644574872,3.8943));
#3979=CARTESIAN_POINT('Ctrl Pts',(16.7513780783387,-5.07810692505423,4.0644));
#3980=CARTESIAN_POINT('Ctrl Pts',(16.7513780783252,-5.07810696307089,4.1211));
#3981=CARTESIAN_POINT('Ctrl Pts',(16.7513780781688,-5.0781074011067,4.2309));
#3982=CARTESIAN_POINT('Ctrl Pts',(16.7513780779426,-5.07810803480452,4.3407));
#3983=CARTESIAN_POINT('Ctrl Pts',(16.751378077993,-5.0781078934951,4.3938));
#3984=CARTESIAN_POINT('Ctrl Pts',(16.7513780780538,-5.07810772329153,4.4505));
#3985=CARTESIAN_POINT('Ctrl Pts',(16.7513780778798,-5.0781082106536,4.5072));
#3986=CARTESIAN_POINT('Ctrl Pts',(16.7513780778678,-5.07810824433423,4.5108));
#3987=CARTESIAN_POINT('Ctrl Pts',(16.7513780778547,-5.07810828081122,4.5144));
#3988=CARTESIAN_POINT('Ctrl Pts',(16.7513780778407,-5.07810832011955,4.518));
#3989=CARTESIAN_POINT('Ctrl Pts',(16.6379465187168,-5.0780405881415,-0.0180000000000024));
#3990=CARTESIAN_POINT('Ctrl Pts',(16.6379465187333,-5.07804054192886,-0.0144000000000023));
#3991=CARTESIAN_POINT('Ctrl Pts',(16.6379465187485,-5.0780404992866,-0.0108000000000021));
#3992=CARTESIAN_POINT('Ctrl Pts',(16.6379465187625,-5.07804046019108,-0.00720000000000204));
#3993=CARTESIAN_POINT('Ctrl Pts',(16.6379465189627,-5.07803989947303,0.0494999999999985));
#3994=CARTESIAN_POINT('Ctrl Pts',(16.6379465188608,-5.07804018485119,0.106199999999999));
#3995=CARTESIAN_POINT('Ctrl Pts',(16.6379465187132,-5.07804059830115,0.1593));
#3996=CARTESIAN_POINT('Ctrl Pts',(16.6379465187479,-5.07804050116037,0.269100000000001));
#3997=CARTESIAN_POINT('Ctrl Pts',(16.6379465187555,-5.07804047969707,0.378900000000001));
#3998=CARTESIAN_POINT('Ctrl Pts',(16.6379465187078,-5.07804061333352,0.4356));
#3999=CARTESIAN_POINT('Ctrl Pts',(16.6379465186998,-5.07804063590436,0.605699999999998));
#4000=CARTESIAN_POINT('Ctrl Pts',(16.6379465186853,-5.07804067639295,0.775799999999993));
#4001=CARTESIAN_POINT('Ctrl Pts',(16.6379465186692,-5.07804072149769,0.889200000000005));
#4002=CARTESIAN_POINT('Ctrl Pts',(16.6379465186553,-5.07804076047397,1.116));
#4003=CARTESIAN_POINT('Ctrl Pts',(16.6379465186454,-5.07804078814082,1.3428));
#4004=CARTESIAN_POINT('Ctrl Pts',(16.6379465186413,-5.07804079977431,1.45619999999998));
#4005=CARTESIAN_POINT('Ctrl Pts',(16.6379465186348,-5.0780408179308,1.68300000000001));
#4006=CARTESIAN_POINT('Ctrl Pts',(16.6379465186312,-5.07804082800538,1.90979999999999));
#4007=CARTESIAN_POINT('Ctrl Pts',(16.63794651863,-5.07804083133939,2.0232));
#4008=CARTESIAN_POINT('Ctrl Pts',(16.6379465186288,-5.07804083475061,2.25));
#4009=CARTESIAN_POINT('Ctrl Pts',(16.63794651863,-5.07804083133939,2.4768));
#4010=CARTESIAN_POINT('Ctrl Pts',(16.6379465186311,-5.07804082800537,2.5902));
#4011=CARTESIAN_POINT('Ctrl Pts',(16.6379465186348,-5.07804081793081,2.81700000000001));
#4012=CARTESIAN_POINT('Ctrl Pts',(16.6379465186412,-5.0780407997743,3.0438));
#4013=CARTESIAN_POINT('Ctrl Pts',(16.6379465186454,-5.07804078814082,3.1572));
#4014=CARTESIAN_POINT('Ctrl Pts',(16.6379465186553,-5.07804076047398,3.384));
#4015=CARTESIAN_POINT('Ctrl Pts',(16.6379465186692,-5.07804072149769,3.6108));
#4016=CARTESIAN_POINT('Ctrl Pts',(16.6379465186853,-5.07804067639295,3.7242));
#4017=CARTESIAN_POINT('Ctrl Pts',(16.6379465186998,-5.07804063590436,3.8943));
#4018=CARTESIAN_POINT('Ctrl Pts',(16.6379465187078,-5.07804061333352,4.0644));
#4019=CARTESIAN_POINT('Ctrl Pts',(16.6379465187555,-5.07804047969707,4.1211));
#4020=CARTESIAN_POINT('Ctrl Pts',(16.6379465187479,-5.07804050116037,4.2309));
#4021=CARTESIAN_POINT('Ctrl Pts',(16.6379465187132,-5.07804059830116,4.3407));
#4022=CARTESIAN_POINT('Ctrl Pts',(16.6379465188608,-5.07804018485119,4.3938));
#4023=CARTESIAN_POINT('Ctrl Pts',(16.6379465189627,-5.07803989947302,4.4505));
#4024=CARTESIAN_POINT('Ctrl Pts',(16.6379465187625,-5.07804046019108,4.5072));
#4025=CARTESIAN_POINT('Ctrl Pts',(16.6379465187485,-5.0780404992866,4.5108));
#4026=CARTESIAN_POINT('Ctrl Pts',(16.6379465187333,-5.07804054192886,4.5144));
#4027=CARTESIAN_POINT('Ctrl Pts',(16.6379465187168,-5.0780405881415,4.518));
#4028=CARTESIAN_POINT('Ctrl Pts',(16.6307445149568,-5.07803630484193,-0.0180000000000029));
#4029=CARTESIAN_POINT('Ctrl Pts',(16.6307445149735,-5.07803625815863,-0.0144000000000027));
#4030=CARTESIAN_POINT('Ctrl Pts',(16.6307445149888,-5.07803621507784,-0.0108000000000025));
#4031=CARTESIAN_POINT('Ctrl Pts',(16.6307445150029,-5.07803617557619,-0.00720000000000251));
#4032=CARTESIAN_POINT('Ctrl Pts',(16.6307445152052,-5.07803560897588,0.049499999999998));
#4033=CARTESIAN_POINT('Ctrl Pts',(16.6307445151025,-5.07803589665814,0.106199999999999));
#4034=CARTESIAN_POINT('Ctrl Pts',(16.6307445149501,-5.07803632348986,0.159299999999999));
#4035=CARTESIAN_POINT('Ctrl Pts',(16.6307445149728,-5.07803625998449,0.269100000000001));
#4036=CARTESIAN_POINT('Ctrl Pts',(16.6307445149713,-5.07803626410413,0.378900000000001));
#4037=CARTESIAN_POINT('Ctrl Pts',(16.6307445149201,-5.07803640754789,0.4356));
#4038=CARTESIAN_POINT('Ctrl Pts',(16.6307445149008,-5.07803646164361,0.605699999999997));
#4039=CARTESIAN_POINT('Ctrl Pts',(16.6307445148788,-5.07803652323228,0.775799999999993));
#4040=CARTESIAN_POINT('Ctrl Pts',(16.6307445148584,-5.07803658030203,0.889200000000005));
#4041=CARTESIAN_POINT('Ctrl Pts',(16.6307445148374,-5.0780366393215,1.116));
#4042=CARTESIAN_POINT('Ctrl Pts',(16.6307445148226,-5.07803668058888,1.3428));
#4043=CARTESIAN_POINT('Ctrl Pts',(16.6307445148165,-5.07803669777968,1.45619999999998));
#4044=CARTESIAN_POINT('Ctrl Pts',(16.6307445148068,-5.07803672486458,1.68300000000001));
#4045=CARTESIAN_POINT('Ctrl Pts',(16.6307445148014,-5.07803673996695,1.90979999999999));
#4046=CARTESIAN_POINT('Ctrl Pts',(16.6307445147997,-5.07803674494531,2.0232));
#4047=CARTESIAN_POINT('Ctrl Pts',(16.6307445147978,-5.07803674999701,2.25));
#4048=CARTESIAN_POINT('Ctrl Pts',(16.6307445147997,-5.07803674494531,2.4768));
#4049=CARTESIAN_POINT('Ctrl Pts',(16.6307445148014,-5.07803673996694,2.5902));
#4050=CARTESIAN_POINT('Ctrl Pts',(16.6307445148069,-5.07803672486459,2.817));
#4051=CARTESIAN_POINT('Ctrl Pts',(16.6307445148165,-5.07803669777967,3.0438));
#4052=CARTESIAN_POINT('Ctrl Pts',(16.6307445148226,-5.07803668058888,3.1572));
#4053=CARTESIAN_POINT('Ctrl Pts',(16.6307445148374,-5.0780366393215,3.384));
#4054=CARTESIAN_POINT('Ctrl Pts',(16.6307445148584,-5.07803658030203,3.6108));
#4055=CARTESIAN_POINT('Ctrl Pts',(16.6307445148788,-5.07803652323227,3.7242));
#4056=CARTESIAN_POINT('Ctrl Pts',(16.6307445149008,-5.07803646164361,3.8943));
#4057=CARTESIAN_POINT('Ctrl Pts',(16.6307445149201,-5.0780364075479,4.0644));
#4058=CARTESIAN_POINT('Ctrl Pts',(16.6307445149713,-5.07803626410413,4.1211));
#4059=CARTESIAN_POINT('Ctrl Pts',(16.6307445149728,-5.07803625998449,4.2309));
#4060=CARTESIAN_POINT('Ctrl Pts',(16.6307445149501,-5.07803632348986,4.3407));
#4061=CARTESIAN_POINT('Ctrl Pts',(16.6307445151025,-5.07803589665814,4.3938));
#4062=CARTESIAN_POINT('Ctrl Pts',(16.6307445152052,-5.07803560897588,4.4505));
#4063=CARTESIAN_POINT('Ctrl Pts',(16.6307445150029,-5.07803617557619,4.5072));
#4064=CARTESIAN_POINT('Ctrl Pts',(16.6307445149888,-5.07803621507784,4.5108));
#4065=CARTESIAN_POINT('Ctrl Pts',(16.6307445149734,-5.07803625815863,4.5144));
#4066=CARTESIAN_POINT('Ctrl Pts',(16.6307445149568,-5.07803630484193,4.518));
#4067=CARTESIAN_POINT('Ctrl Pts',(16.6235425111905,-5.0780320390115,-0.0180000000000034));
#4068=CARTESIAN_POINT('Ctrl Pts',(16.6235425112074,-5.07803199182524,-0.0144000000000032));
#4069=CARTESIAN_POINT('Ctrl Pts',(16.6235425112229,-5.07803194825968,-0.010800000000003));
#4070=CARTESIAN_POINT('Ctrl Pts',(16.6235425112372,-5.07803190829133,-0.00720000000000296));
#4071=CARTESIAN_POINT('Ctrl Pts',(16.623542511442,-5.07803133462754,0.0494999999999976));
#4072=CARTESIAN_POINT('Ctrl Pts',(16.6235425113402,-5.07803161989228,0.106199999999998));
#4073=CARTESIAN_POINT('Ctrl Pts',(16.6235425111844,-5.07803205621732,0.159299999999999));
#4074=CARTESIAN_POINT('Ctrl Pts',(16.6235425111954,-5.07803202548203,0.269100000000001));
#4075=CARTESIAN_POINT('Ctrl Pts',(16.6235425111851,-5.07803205425818,0.3789));
#4076=CARTESIAN_POINT('Ctrl Pts',(16.6235425111308,-5.07803220644495,0.4356));
#4077=CARTESIAN_POINT('Ctrl Pts',(16.6235425111004,-5.07803229158581,0.605699999999997));
#4078=CARTESIAN_POINT('Ctrl Pts',(16.623542511071,-5.07803237375221,0.775799999999993));
#4079=CARTESIAN_POINT('Ctrl Pts',(16.6235425110465,-5.07803244256283,0.889200000000004));
#4080=CARTESIAN_POINT('Ctrl Pts',(16.6235425110183,-5.07803252136948,1.116));
#4081=CARTESIAN_POINT('Ctrl Pts',(16.6235425109988,-5.07803257608484,1.3428));
#4082=CARTESIAN_POINT('Ctrl Pts',(16.6235425109907,-5.07803259877746,1.45619999999998));
#4083=CARTESIAN_POINT('Ctrl Pts',(16.6235425109779,-5.07803263470589,1.68300000000001));
#4084=CARTESIAN_POINT('Ctrl Pts',(16.6235425109707,-5.07803265479566,1.90979999999999));
#4085=CARTESIAN_POINT('Ctrl Pts',(16.6235425109683,-5.07803266140518,2.0232));
#4086=CARTESIAN_POINT('Ctrl Pts',(16.6235425109659,-5.07803266808299,2.25));
#4087=CARTESIAN_POINT('Ctrl Pts',(16.6235425109683,-5.07803266140518,2.4768));
#4088=CARTESIAN_POINT('Ctrl Pts',(16.6235425109707,-5.07803265479565,2.5902));
#4089=CARTESIAN_POINT('Ctrl Pts',(16.6235425109779,-5.0780326347059,2.817));
#4090=CARTESIAN_POINT('Ctrl Pts',(16.6235425109907,-5.07803259877746,3.0438));
#4091=CARTESIAN_POINT('Ctrl Pts',(16.6235425109988,-5.07803257608484,3.1572));
#4092=CARTESIAN_POINT('Ctrl Pts',(16.6235425110183,-5.07803252136948,3.384));
#4093=CARTESIAN_POINT('Ctrl Pts',(16.6235425110464,-5.07803244256283,3.6108));
#4094=CARTESIAN_POINT('Ctrl Pts',(16.623542511071,-5.0780323737522,3.7242));
#4095=CARTESIAN_POINT('Ctrl Pts',(16.6235425111004,-5.07803229158581,3.8943));
#4096=CARTESIAN_POINT('Ctrl Pts',(16.6235425111308,-5.07803220644495,4.0644));
#4097=CARTESIAN_POINT('Ctrl Pts',(16.6235425111851,-5.07803205425818,4.1211));
#4098=CARTESIAN_POINT('Ctrl Pts',(16.6235425111954,-5.07803202548203,4.2309));
#4099=CARTESIAN_POINT('Ctrl Pts',(16.6235425111844,-5.07803205621732,4.3407));
#4100=CARTESIAN_POINT('Ctrl Pts',(16.6235425113402,-5.07803161989228,4.3938));
#4101=CARTESIAN_POINT('Ctrl Pts',(16.623542511442,-5.07803133462753,4.4505));
#4102=CARTESIAN_POINT('Ctrl Pts',(16.6235425112372,-5.07803190829133,4.5072));
#4103=CARTESIAN_POINT('Ctrl Pts',(16.6235425112229,-5.07803194825968,4.5108));
#4104=CARTESIAN_POINT('Ctrl Pts',(16.6235425112074,-5.07803199182524,4.5144));
#4105=CARTESIAN_POINT('Ctrl Pts',(16.6235425111905,-5.0780320390115,4.518));
#4106=CARTESIAN_POINT('Ctrl Pts',(16.6163405074181,-5.07802779055862,-0.0180000000000038));
#4107=CARTESIAN_POINT('Ctrl Pts',(16.6163405074351,-5.07802774283694,-0.0144000000000036));
#4108=CARTESIAN_POINT('Ctrl Pts',(16.6163405074509,-5.07802769874174,-0.0108000000000034));
#4109=CARTESIAN_POINT('Ctrl Pts',(16.6163405074653,-5.07802765824914,-0.00720000000000339));
#4110=CARTESIAN_POINT('Ctrl Pts',(16.616340507673,-5.07802707641443,0.0494999999999971));
#4111=CARTESIAN_POINT('Ctrl Pts',(16.6163405075736,-5.07802735503078,0.106199999999998));
#4112=CARTESIAN_POINT('Ctrl Pts',(16.6163405074157,-5.07802779713537,0.159299999999999));
#4113=CARTESIAN_POINT('Ctrl Pts',(16.6163405074155,-5.07802779783473,0.2691));
#4114=CARTESIAN_POINT('Ctrl Pts',(16.6163405073967,-5.07802785030217,0.3789));
#4115=CARTESIAN_POINT('Ctrl Pts',(16.6163405073396,-5.07802801023576,0.435599999999999));
#4116=CARTESIAN_POINT('Ctrl Pts',(16.6163405072984,-5.07802812578117,0.605699999999997));
#4117=CARTESIAN_POINT('Ctrl Pts',(16.6163405072619,-5.07802822804683,0.775799999999993));
#4118=CARTESIAN_POINT('Ctrl Pts',(16.6163405072332,-5.07802830834366,0.889200000000004));
#4119=CARTESIAN_POINT('Ctrl Pts',(16.6163405071981,-5.07802840666041,1.116));
#4120=CARTESIAN_POINT('Ctrl Pts',(16.6163405071738,-5.07802847466438,1.3428));
#4121=CARTESIAN_POINT('Ctrl Pts',(16.6163405071638,-5.07802850279951,1.45619999999999));
#4122=CARTESIAN_POINT('Ctrl Pts',(16.6163405071478,-5.07802854748215,1.68300000000001));
#4123=CARTESIAN_POINT('Ctrl Pts',(16.6163405071389,-5.07802857251603,1.90979999999999));
#4124=CARTESIAN_POINT('Ctrl Pts',(16.616340507136,-5.07802858074273,2.0232));
#4125=CARTESIAN_POINT('Ctrl Pts',(16.616340507133,-5.07802858903197,2.25));
#4126=CARTESIAN_POINT('Ctrl Pts',(16.616340507136,-5.07802858074273,2.4768));
#4127=CARTESIAN_POINT('Ctrl Pts',(16.6163405071389,-5.07802857251603,2.5902));
#4128=CARTESIAN_POINT('Ctrl Pts',(16.6163405071479,-5.07802854748216,2.817));
#4129=CARTESIAN_POINT('Ctrl Pts',(16.6163405071638,-5.0780285027995,3.0438));
#4130=CARTESIAN_POINT('Ctrl Pts',(16.6163405071738,-5.07802847466437,3.1572));
#4131=CARTESIAN_POINT('Ctrl Pts',(16.6163405071981,-5.07802840666042,3.384));
#4132=CARTESIAN_POINT('Ctrl Pts',(16.6163405072332,-5.07802830834366,3.6108));
#4133=CARTESIAN_POINT('Ctrl Pts',(16.6163405072619,-5.07802822804682,3.7242));
#4134=CARTESIAN_POINT('Ctrl Pts',(16.6163405072984,-5.07802812578117,3.8943));
#4135=CARTESIAN_POINT('Ctrl Pts',(16.6163405073396,-5.07802801023577,4.0644));
#4136=CARTESIAN_POINT('Ctrl Pts',(16.6163405073967,-5.07802785030217,4.1211));
#4137=CARTESIAN_POINT('Ctrl Pts',(16.6163405074155,-5.07802779783472,4.2309));
#4138=CARTESIAN_POINT('Ctrl Pts',(16.6163405074157,-5.07802779713537,4.3407));
#4139=CARTESIAN_POINT('Ctrl Pts',(16.6163405075736,-5.07802735503079,4.3938));
#4140=CARTESIAN_POINT('Ctrl Pts',(16.616340507673,-5.07802707641443,4.4505));
#4141=CARTESIAN_POINT('Ctrl Pts',(16.6163405074653,-5.07802765824914,4.5072));
#4142=CARTESIAN_POINT('Ctrl Pts',(16.6163405074508,-5.07802769874174,4.5108));
#4143=CARTESIAN_POINT('Ctrl Pts',(16.6163405074351,-5.07802774283694,4.5144));
#4144=CARTESIAN_POINT('Ctrl Pts',(16.6163405074181,-5.07802779055862,4.518));
#4145=UNCERTAINTY_MEASURE_WITH_UNIT(LENGTH_MEASURE(0.01),#4149,
'DISTANCE_ACCURACY_VALUE',
'Maximum model space distance between geometric entities at asserted c
onnectivities');
#4146=UNCERTAINTY_MEASURE_WITH_UNIT(LENGTH_MEASURE(0.01),#4149,
'DISTANCE_ACCURACY_VALUE',
'Maximum model space distance between geometric entities at asserted c
onnectivities');
#4147=(
GEOMETRIC_REPRESENTATION_CONTEXT(3)
GLOBAL_UNCERTAINTY_ASSIGNED_CONTEXT((#4145))
GLOBAL_UNIT_ASSIGNED_CONTEXT((#4149,#4151,#4152))
REPRESENTATION_CONTEXT('','3D')
);
#4148=(
GEOMETRIC_REPRESENTATION_CONTEXT(3)
GLOBAL_UNCERTAINTY_ASSIGNED_CONTEXT((#4146))
GLOBAL_UNIT_ASSIGNED_CONTEXT((#4149,#4151,#4152))
REPRESENTATION_CONTEXT('','3D')
);
#4149=(
LENGTH_UNIT()
NAMED_UNIT(*)
SI_UNIT(.MILLI.,.METRE.)
);
#4150=(
LENGTH_UNIT()
NAMED_UNIT(*)
SI_UNIT($,.METRE.)
);
#4151=(
NAMED_UNIT(*)
PLANE_ANGLE_UNIT()
SI_UNIT($,.RADIAN.)
);
#4152=(
NAMED_UNIT(*)
SI_UNIT($,.STERADIAN.)
SOLID_ANGLE_UNIT()
);
#4153=SHAPE_DEFINITION_REPRESENTATION(#4154,#4155);
#4154=PRODUCT_DEFINITION_SHAPE('',$,#4157);
#4155=SHAPE_REPRESENTATION('',(#472),#4147);
#4156=PRODUCT_DEFINITION_CONTEXT('part definition',#4161,'design');
#4157=PRODUCT_DEFINITION('Hook - No Filets','Hook - No Filets',#4158,#4156);
#4158=PRODUCT_DEFINITION_FORMATION('',$,#4163);
#4159=PRODUCT_RELATED_PRODUCT_CATEGORY('Hook - No Filets',
'Hook - No Filets',(#4163));
#4160=APPLICATION_PROTOCOL_DEFINITION('international standard',
'automotive_design',2009,#4161);
#4161=APPLICATION_CONTEXT(
'Core Data for Automotive Mechanical Design Process');
#4162=PRODUCT_CONTEXT('part definition',#4161,'mechanical');
#4163=PRODUCT('Hook - No Filets','Hook - No Filets',$,(#4162));
#4164=PRESENTATION_STYLE_ASSIGNMENT((#4165));
#4165=SURFACE_STYLE_USAGE(.BOTH.,#4166);
#4166=SURFACE_SIDE_STYLE('',(#4167));
#4167=SURFACE_STYLE_FILL_AREA(#4168);
#4168=FILL_AREA_STYLE('Steel - Satin',(#4169));
#4169=FILL_AREA_STYLE_COLOUR('Steel - Satin',#4170);
#4170=COLOUR_RGB('Steel - Satin',0.627450980392157,0.627450980392157,0.627450980392157);
ENDSEC;
END-ISO-10303-21;
